{
"type": "FeatureCollection",
"name": "geo_31_5",
"crs": { "type": "name", "properties": { "name": "urn:ogc:def:crs:OGC:1.3:CRS84" } },
"features": [
{ "type": "Feature", "properties": { "ID": "315P2010005", "正式名称": "フジモト薬局", "機関区分": 5, "都道府県コード": 31, "市区町村コード": 201, "所在地": "鳥取県鳥取市行徳２丁目６４７", "緯度": 35.500368, "経度": 134.221555, "url": "https://www.iryou.teikyouseido.mhlw.go.jp/znk-web/juminkanja/S2430/initialize?prefCd=31&kikanCd=P2010005&kikanKbn=5", "url2": "https://www.e-classa.net/fujimoto-p", "内容": "フジモト薬局【5:薬局】鳥取県鳥取市行徳２丁目６４７" }, "geometry": { "type": "Point", "coordinates": [ 134.221555, 35.500368 ] } },
{ "type": "Feature", "properties": { "ID": "315P2010006", "正式名称": "やまだ薬局", "機関区分": 5, "都道府県コード": 31, "市区町村コード": 201, "所在地": "鳥取県鳥取市国府町新通り３丁目３０１番地１", "緯度": 35.482973, "経度": 134.255796, "url": "https://www.iryou.teikyouseido.mhlw.go.jp/znk-web/juminkanja/S2430/initialize?prefCd=31&kikanCd=P2010006&kikanKbn=5", "url2": null, "内容": "やまだ薬局【5:薬局】鳥取県鳥取市国府町新通り３丁目３０１番地１" }, "geometry": { "type": "Point", "coordinates": [ 134.255796, 35.482973 ] } },
{ "type": "Feature", "properties": { "ID": "315P2010092", "正式名称": "小谷薬品株式会社", "機関区分": 5, "都道府県コード": 31, "市区町村コード": 201, "所在地": "鳥取県鳥取市吉方町２－５２１", "緯度": 35.491947, "経度": 134.238758, "url": "https://www.iryou.teikyouseido.mhlw.go.jp/znk-web/juminkanja/S2430/initialize?prefCd=31&kikanCd=P2010092&kikanKbn=5", "url2": null, "内容": "小谷薬品株式会社【5:薬局】鳥取県鳥取市吉方町２－５２１" }, "geometry": { "type": "Point", "coordinates": [ 134.238758, 35.491947 ] } },
{ "type": "Feature", "properties": { "ID": "315P2010100", "正式名称": "吉田一陽堂若桜橋薬局", "機関区分": 5, "都道府県コード": 31, "市区町村コード": 201, "所在地": "鳥取県鳥取市戎町４１３", "緯度": 35.498299, "経度": 134.230922, "url": "https://www.iryou.teikyouseido.mhlw.go.jp/znk-web/juminkanja/S2430/initialize?prefCd=31&kikanCd=P2010100&kikanKbn=5", "url2": null, "内容": "吉田一陽堂若桜橋薬局【5:薬局】鳥取県鳥取市戎町４１３" }, "geometry": { "type": "Point", "coordinates": [ 134.230922, 35.498299 ] } },
{ "type": "Feature", "properties": { "ID": "315P2010260", "正式名称": "あみはま薬局", "機関区分": 5, "都道府県コード": 31, "市区町村コード": 201, "所在地": "鳥取県鳥取市今町１丁目１０１番地", "緯度": 35.496494, "経度": 134.22637, "url": "https://www.iryou.teikyouseido.mhlw.go.jp/znk-web/juminkanja/S2430/initialize?prefCd=31&kikanCd=P2010260&kikanKbn=5", "url2": null, "内容": "あみはま薬局【5:薬局】鳥取県鳥取市今町１丁目１０１番地" }, "geometry": { "type": "Point", "coordinates": [ 134.22637, 35.496494 ] } },
{ "type": "Feature", "properties": { "ID": "315P2010297", "正式名称": "吉田一陽堂駅前薬局", "機関区分": 5, "都道府県コード": 31, "市区町村コード": 201, "所在地": "鳥取県鳥取市栄町７０８", "緯度": 35.495037, "経度": 134.227026, "url": "https://www.iryou.teikyouseido.mhlw.go.jp/znk-web/juminkanja/S2430/initialize?prefCd=31&kikanCd=P2010297&kikanKbn=5", "url2": null, "内容": "吉田一陽堂駅前薬局【5:薬局】鳥取県鳥取市栄町７０８" }, "geometry": { "type": "Point", "coordinates": [ 134.227026, 35.495037 ] } },
{ "type": "Feature", "properties": { "ID": "315P2010374", "正式名称": "湯所薬局", "機関区分": 5, "都道府県コード": 31, "市区町村コード": 201, "所在地": "鳥取県鳥取市湯所町二丁目３２４", "緯度": 35.509969, "経度": 134.230542, "url": "https://www.iryou.teikyouseido.mhlw.go.jp/znk-web/juminkanja/S2430/initialize?prefCd=31&kikanCd=P2010374&kikanKbn=5", "url2": "https://yutokoro.com", "内容": "湯所薬局【5:薬局】鳥取県鳥取市湯所町二丁目３２４" }, "geometry": { "type": "Point", "coordinates": [ 134.230542, 35.509969 ] } },
{ "type": "Feature", "properties": { "ID": "315P2010441", "正式名称": "ゆたに薬局", "機関区分": 5, "都道府県コード": 31, "市区町村コード": 201, "所在地": "鳥取県鳥取市吉成２０６ー１", "緯度": 35.480708, "経度": 134.226994, "url": "https://www.iryou.teikyouseido.mhlw.go.jp/znk-web/juminkanja/S2430/initialize?prefCd=31&kikanCd=P2010441&kikanKbn=5", "url2": "http://yutokoro.com/", "内容": "ゆたに薬局【5:薬局】鳥取県鳥取市吉成２０６ー１" }, "geometry": { "type": "Point", "coordinates": [ 134.226994, 35.480708 ] } },
{ "type": "Feature", "properties": { "ID": "315P2010468", "正式名称": "三栄調剤薬局", "機関区分": 5, "都道府県コード": 31, "市区町村コード": 201, "所在地": "鳥取県鳥取市吉成２丁目１５－１４", "緯度": 35.482461, "経度": 134.226742, "url": "https://www.iryou.teikyouseido.mhlw.go.jp/znk-web/juminkanja/S2430/initialize?prefCd=31&kikanCd=P2010468&kikanKbn=5", "url2": null, "内容": "三栄調剤薬局【5:薬局】鳥取県鳥取市吉成２丁目１５－１４" }, "geometry": { "type": "Point", "coordinates": [ 134.226742, 35.482461 ] } },
{ "type": "Feature", "properties": { "ID": "315P2010471", "正式名称": "鳥取中央薬局", "機関区分": 5, "都道府県コード": 31, "市区町村コード": 201, "所在地": "鳥取県鳥取市末広温泉町３６２", "緯度": 35.495194, "経度": 134.230379, "url": "https://www.iryou.teikyouseido.mhlw.go.jp/znk-web/juminkanja/S2430/initialize?prefCd=31&kikanCd=P2010471&kikanKbn=5", "url2": null, "内容": "鳥取中央薬局【5:薬局】鳥取県鳥取市末広温泉町３６２" }, "geometry": { "type": "Point", "coordinates": [ 134.230379, 35.495194 ] } },
{ "type": "Feature", "properties": { "ID": "315P2010473", "正式名称": "有限会社徳吉薬局松並店", "機関区分": 5, "都道府県コード": 31, "市区町村コード": 201, "所在地": "鳥取県鳥取市松並町２丁目５０３－７", "緯度": 35.517694, "経度": 134.219407, "url": "https://www.iryou.teikyouseido.mhlw.go.jp/znk-web/juminkanja/S2430/initialize?prefCd=31&kikanCd=P2010473&kikanKbn=5", "url2": "https://www.tokuyoshi-pharmacy.jp/", "内容": "有限会社徳吉薬局松並店【5:薬局】鳥取県鳥取市松並町２丁目５０３－７" }, "geometry": { "type": "Point", "coordinates": [ 134.219407, 35.517694 ] } },
{ "type": "Feature", "properties": { "ID": "315P2010497", "正式名称": "有限会社羽場薬局", "機関区分": 5, "都道府県コード": 31, "市区町村コード": 201, "所在地": "鳥取県鳥取市賀露町南１丁目８－３", "緯度": 35.523537, "経度": 134.186873, "url": "https://www.iryou.teikyouseido.mhlw.go.jp/znk-web/juminkanja/S2430/initialize?prefCd=31&kikanCd=P2010497&kikanKbn=5", "url2": "https://www.e-classa.net/haba-pharmacy/index.html", "内容": "有限会社羽場薬局【5:薬局】鳥取県鳥取市賀露町南１丁目８－３" }, "geometry": { "type": "Point", "coordinates": [ 134.186873, 35.523537 ] } },
{ "type": "Feature", "properties": { "ID": "315P2010499", "正式名称": "有限会社杏林堂薬局", "機関区分": 5, "都道府県コード": 31, "市区町村コード": 201, "所在地": "鳥取県鳥取市興南町７８", "緯度": 35.486683, "経度": 134.232801, "url": "https://www.iryou.teikyouseido.mhlw.go.jp/znk-web/juminkanja/S2430/initialize?prefCd=31&kikanCd=P2010499&kikanKbn=5", "url2": null, "内容": "有限会社杏林堂薬局【5:薬局】鳥取県鳥取市興南町７８" }, "geometry": { "type": "Point", "coordinates": [ 134.232801, 35.486683 ] } },
{ "type": "Feature", "properties": { "ID": "315P2010505", "正式名称": "さくら薬局", "機関区分": 5, "都道府県コード": 31, "市区町村コード": 201, "所在地": "鳥取県鳥取市立川町五丁目４１", "緯度": 35.484761, "経度": 134.248429, "url": "https://www.iryou.teikyouseido.mhlw.go.jp/znk-web/juminkanja/S2430/initialize?prefCd=31&kikanCd=P2010505&kikanKbn=5", "url2": null, "内容": "さくら薬局【5:薬局】鳥取県鳥取市立川町五丁目４１" }, "geometry": { "type": "Point", "coordinates": [ 134.248429, 35.484761 ] } },
{ "type": "Feature", "properties": { "ID": "315P2010514", "正式名称": "有限会社大村薬局城北店", "機関区分": 5, "都道府県コード": 31, "市区町村コード": 201, "所在地": "鳥取県鳥取市田島７３７", "緯度": 35.512472, "経度": 134.221073, "url": "https://www.iryou.teikyouseido.mhlw.go.jp/znk-web/juminkanja/S2430/initialize?prefCd=31&kikanCd=P2010514&kikanKbn=5", "url2": "https://oomura-pharmacy.com/", "内容": "有限会社大村薬局城北店【5:薬局】鳥取県鳥取市田島７３７" }, "geometry": { "type": "Point", "coordinates": [ 134.221073, 35.512472 ] } },
{ "type": "Feature", "properties": { "ID": "315P2010534", "正式名称": "ゆたに駅南薬局", "機関区分": 5, "都道府県コード": 31, "市区町村コード": 201, "所在地": "鳥取県鳥取市扇町１１", "緯度": 35.492149, "経度": 134.225435, "url": "https://www.iryou.teikyouseido.mhlw.go.jp/znk-web/juminkanja/S2430/initialize?prefCd=31&kikanCd=P2010534&kikanKbn=5", "url2": null, "内容": "ゆたに駅南薬局【5:薬局】鳥取県鳥取市扇町１１" }, "geometry": { "type": "Point", "coordinates": [ 134.225435, 35.492149 ] } },
{ "type": "Feature", "properties": { "ID": "315P2010535", "正式名称": "うさぎ薬局", "機関区分": 5, "都道府県コード": 31, "市区町村コード": 201, "所在地": "鳥取県鳥取市国府町糸谷８番地３", "緯度": 35.462596, "経度": 134.295317, "url": "https://www.iryou.teikyouseido.mhlw.go.jp/znk-web/juminkanja/S2430/initialize?prefCd=31&kikanCd=P2010535&kikanKbn=5", "url2": null, "内容": "うさぎ薬局【5:薬局】鳥取県鳥取市国府町糸谷８番地３" }, "geometry": { "type": "Point", "coordinates": [ 134.295317, 35.462596 ] } },
{ "type": "Feature", "properties": { "ID": "315P2010540", "正式名称": "谷岡薬局", "機関区分": 5, "都道府県コード": 31, "市区町村コード": 201, "所在地": "鳥取県鳥取市永楽温泉町１０７", "緯度": 35.495342, "経度": 134.227879, "url": "https://www.iryou.teikyouseido.mhlw.go.jp/znk-web/juminkanja/S2430/initialize?prefCd=31&kikanCd=P2010540&kikanKbn=5", "url2": null, "内容": "谷岡薬局【5:薬局】鳥取県鳥取市永楽温泉町１０７" }, "geometry": { "type": "Point", "coordinates": [ 134.227879, 35.495342 ] } },
{ "type": "Feature", "properties": { "ID": "315P2010594", "正式名称": "イヌイ薬局宮長店", "機関区分": 5, "都道府県コード": 31, "市区町村コード": 201, "所在地": "鳥取県鳥取市宮長２７６‐２", "緯度": 35.478729, "経度": 134.218388, "url": "https://www.iryou.teikyouseido.mhlw.go.jp/znk-web/juminkanja/S2430/initialize?prefCd=31&kikanCd=P2010594&kikanKbn=5", "url2": "http://druginui.biz/", "内容": "イヌイ薬局宮長店【5:薬局】鳥取県鳥取市宮長２７６‐２" }, "geometry": { "type": "Point", "coordinates": [ 134.218388, 35.478729 ] } },
{ "type": "Feature", "properties": { "ID": "315P2010643", "正式名称": "かわばた薬局", "機関区分": 5, "都道府県コード": 31, "市区町村コード": 201, "所在地": "鳥取県鳥取市川端５－２０５", "緯度": 35.502146, "経度": 134.227073, "url": "https://www.iryou.teikyouseido.mhlw.go.jp/znk-web/juminkanja/S2430/initialize?prefCd=31&kikanCd=P2010643&kikanKbn=5", "url2": null, "内容": "かわばた薬局【5:薬局】鳥取県鳥取市川端５－２０５" }, "geometry": { "type": "Point", "coordinates": [ 134.227073, 35.502146 ] } },
{ "type": "Feature", "properties": { "ID": "315P2010649", "正式名称": "ひまわり薬局鹿野店", "機関区分": 5, "都道府県コード": 31, "市区町村コード": 201, "所在地": "鳥取県鳥取市鹿野町今市１９００ー８", "緯度": 35.462087, "経度": 134.050829, "url": "https://www.iryou.teikyouseido.mhlw.go.jp/znk-web/juminkanja/S2430/initialize?prefCd=31&kikanCd=P2010649&kikanKbn=5", "url2": "https://himawari-tottori.jp", "内容": "ひまわり薬局鹿野店【5:薬局】鳥取県鳥取市鹿野町今市１９００ー８" }, "geometry": { "type": "Point", "coordinates": [ 134.050829, 35.462087 ] } },
{ "type": "Feature", "properties": { "ID": "315P2010654", "正式名称": "徳吉薬局とうぶ", "機関区分": 5, "都道府県コード": 31, "市区町村コード": 201, "所在地": "鳥取県鳥取市秋里７２３₋４", "緯度": 35.522993, "経度": 134.215573, "url": "https://www.iryou.teikyouseido.mhlw.go.jp/znk-web/juminkanja/S2430/initialize?prefCd=31&kikanCd=P2010654&kikanKbn=5", "url2": "https://www.tokuyoshi-pharmacy.jp", "内容": "徳吉薬局とうぶ【5:薬局】鳥取県鳥取市秋里７２３₋４" }, "geometry": { "type": "Point", "coordinates": [ 134.215573, 35.522993 ] } },
{ "type": "Feature", "properties": { "ID": "315P2010677", "正式名称": "ドラッグストアエーススーパーモール鳥取店", "機関区分": 5, "都道府県コード": 31, "市区町村コード": 201, "所在地": "鳥取県鳥取市古海５９０－１", "緯度": 35.495274, "経度": 134.203759, "url": "https://www.iryou.teikyouseido.mhlw.go.jp/znk-web/juminkanja/S2430/initialize?prefCd=31&kikanCd=P2010677&kikanKbn=5", "url2": null, "内容": "ドラッグストアエーススーパーモール鳥取店【5:薬局】鳥取県鳥取市古海５９０－１" }, "geometry": { "type": "Point", "coordinates": [ 134.203759, 35.495274 ] } },
{ "type": "Feature", "properties": { "ID": "315P2010680", "正式名称": "テンシル薬局", "機関区分": 5, "都道府県コード": 31, "市区町村コード": 201, "所在地": "鳥取県鳥取市南隈５６７番地", "緯度": 35.521819, "経度": 134.199506, "url": "https://www.iryou.teikyouseido.mhlw.go.jp/znk-web/juminkanja/S2430/initialize?prefCd=31&kikanCd=P2010680&kikanKbn=5", "url2": null, "内容": "テンシル薬局【5:薬局】鳥取県鳥取市南隈５６７番地" }, "geometry": { "type": "Point", "coordinates": [ 134.199506, 35.521819 ] } },
{ "type": "Feature", "properties": { "ID": "315P2010691", "正式名称": "有限会社大村薬局", "機関区分": 5, "都道府県コード": 31, "市区町村コード": 201, "所在地": "鳥取県鳥取市片原３丁目２０１", "緯度": 35.502754, "経度": 134.231667, "url": "https://www.iryou.teikyouseido.mhlw.go.jp/znk-web/juminkanja/S2430/initialize?prefCd=31&kikanCd=P2010691&kikanKbn=5", "url2": "https://oomura-pharmacy.com/", "内容": "有限会社大村薬局【5:薬局】鳥取県鳥取市片原３丁目２０１" }, "geometry": { "type": "Point", "coordinates": [ 134.231667, 35.502754 ] } },
{ "type": "Feature", "properties": { "ID": "315P2010696", "正式名称": "有限会社すずらん薬局", "機関区分": 5, "都道府県コード": 31, "市区町村コード": 201, "所在地": "鳥取県鳥取市叶３２０－１２", "緯度": 35.473797, "経度": 134.218555, "url": "https://www.iryou.teikyouseido.mhlw.go.jp/znk-web/juminkanja/S2430/initialize?prefCd=31&kikanCd=P2010696&kikanKbn=5", "url2": null, "内容": "有限会社すずらん薬局【5:薬局】鳥取県鳥取市叶３２０－１２" }, "geometry": { "type": "Point", "coordinates": [ 134.218555, 35.473797 ] } },
{ "type": "Feature", "properties": { "ID": "315P2010700", "正式名称": "日本調剤的場薬局", "機関区分": 5, "都道府県コード": 31, "市区町村コード": 201, "所在地": "鳥取県鳥取市的場２－４０", "緯度": 35.474579, "経度": 134.232554, "url": "https://www.iryou.teikyouseido.mhlw.go.jp/znk-web/juminkanja/S2430/initialize?prefCd=31&kikanCd=P2010700&kikanKbn=5", "url2": "https://www.nicho.co.jp/tenpo/matoba/", "内容": "日本調剤的場薬局【5:薬局】鳥取県鳥取市的場２－４０" }, "geometry": { "type": "Point", "coordinates": [ 134.232554, 35.474579 ] } },
{ "type": "Feature", "properties": { "ID": "315P2010701", "正式名称": "いなば調剤薬局的場店", "機関区分": 5, "都道府県コード": 31, "市区町村コード": 201, "所在地": "鳥取県鳥取市的場２丁目７１", "緯度": 35.474352, "経度": 134.232147, "url": "https://www.iryou.teikyouseido.mhlw.go.jp/znk-web/juminkanja/S2430/initialize?prefCd=31&kikanCd=P2010701&kikanKbn=5", "url2": "https://tsuyama-chouzai.co.jp/shop/inaba/", "内容": "いなば調剤薬局的場店【5:薬局】鳥取県鳥取市的場２丁目７１" }, "geometry": { "type": "Point", "coordinates": [ 134.232147, 35.474352 ] } },
{ "type": "Feature", "properties": { "ID": "315P2010704", "正式名称": "有限会社　津ノ井薬局", "機関区分": 5, "都道府県コード": 31, "市区町村コード": 201, "所在地": "鳥取県鳥取市津ノ井２５７－１２", "緯度": 35.461888, "経度": 134.250576, "url": "https://www.iryou.teikyouseido.mhlw.go.jp/znk-web/juminkanja/S2430/initialize?prefCd=31&kikanCd=P2010704&kikanKbn=5", "url2": "https://www.tunoiph.com/", "内容": "有限会社　津ノ井薬局【5:薬局】鳥取県鳥取市津ノ井２５７－１２" }, "geometry": { "type": "Point", "coordinates": [ 134.250576, 35.461888 ] } },
{ "type": "Feature", "properties": { "ID": "315P2010705", "正式名称": "かもめ薬局", "機関区分": 5, "都道府県コード": 31, "市区町村コード": 201, "所在地": "鳥取県鳥取市青谷町青谷４３０７－１０", "緯度": 35.517377, "経度": 133.993979, "url": "https://www.iryou.teikyouseido.mhlw.go.jp/znk-web/juminkanja/S2430/initialize?prefCd=31&kikanCd=P2010705&kikanKbn=5", "url2": null, "内容": "かもめ薬局【5:薬局】鳥取県鳥取市青谷町青谷４３０７－１０" }, "geometry": { "type": "Point", "coordinates": [ 133.993979, 35.517377 ] } },
{ "type": "Feature", "properties": { "ID": "315P2010711", "正式名称": "なかの薬局", "機関区分": 5, "都道府県コード": 31, "市区町村コード": 201, "所在地": "鳥取県鳥取市若葉台南６－２３－１８", "緯度": 35.44429, "経度": 134.261578, "url": "https://www.iryou.teikyouseido.mhlw.go.jp/znk-web/juminkanja/S2430/initialize?prefCd=31&kikanCd=P2010711&kikanKbn=5", "url2": null, "内容": "なかの薬局【5:薬局】鳥取県鳥取市若葉台南６－２３－１８" }, "geometry": { "type": "Point", "coordinates": [ 134.261578, 35.44429 ] } },
{ "type": "Feature", "properties": { "ID": "315P2010738", "正式名称": "大村薬局松並店", "機関区分": 5, "都道府県コード": 31, "市区町村コード": 201, "所在地": "鳥取県鳥取市松並町１丁目１６４－３", "緯度": 35.514387, "経度": 134.219425, "url": "https://www.iryou.teikyouseido.mhlw.go.jp/znk-web/juminkanja/S2430/initialize?prefCd=31&kikanCd=P2010738&kikanKbn=5", "url2": "https://oomura-pharmacy.com", "内容": "大村薬局松並店【5:薬局】鳥取県鳥取市松並町１丁目１６４－３" }, "geometry": { "type": "Point", "coordinates": [ 134.219425, 35.514387 ] } },
{ "type": "Feature", "properties": { "ID": "315P2010741", "正式名称": "池田薬局", "機関区分": 5, "都道府県コード": 31, "市区町村コード": 201, "所在地": "鳥取県鳥取市今町１‐３２３", "緯度": 35.49785, "経度": 134.225948, "url": "https://www.iryou.teikyouseido.mhlw.go.jp/znk-web/juminkanja/S2430/initialize?prefCd=31&kikanCd=P2010741&kikanKbn=5", "url2": null, "内容": "池田薬局【5:薬局】鳥取県鳥取市今町１‐３２３" }, "geometry": { "type": "Point", "coordinates": [ 134.225948, 35.49785 ] } },
{ "type": "Feature", "properties": { "ID": "315P2010759", "正式名称": "あおば薬局", "機関区分": 5, "都道府県コード": 31, "市区町村コード": 201, "所在地": "鳥取県鳥取市青葉町３丁目１０４", "緯度": 35.515429, "経度": 134.223935, "url": "https://www.iryou.teikyouseido.mhlw.go.jp/znk-web/juminkanja/S2430/initialize?prefCd=31&kikanCd=P2010759&kikanKbn=5", "url2": null, "内容": "あおば薬局【5:薬局】鳥取県鳥取市青葉町３丁目１０４" }, "geometry": { "type": "Point", "coordinates": [ 134.223935, 35.515429 ] } },
{ "type": "Feature", "properties": { "ID": "315P2010761", "正式名称": "なのはな薬局", "機関区分": 5, "都道府県コード": 31, "市区町村コード": 201, "所在地": "鳥取県鳥取市雲山１１３番地２０", "緯度": 35.480263, "経度": 134.238146, "url": "https://www.iryou.teikyouseido.mhlw.go.jp/znk-web/juminkanja/S2430/initialize?prefCd=31&kikanCd=P2010761&kikanKbn=5", "url2": "http://www.e-classa.net/np/", "内容": "なのはな薬局【5:薬局】鳥取県鳥取市雲山１１３番地２０" }, "geometry": { "type": "Point", "coordinates": [ 134.238146, 35.480263 ] } },
{ "type": "Feature", "properties": { "ID": "315P2010762", "正式名称": "よつば薬局", "機関区分": 5, "都道府県コード": 31, "市区町村コード": 201, "所在地": "鳥取県鳥取市里仁５３－７", "緯度": 35.502971, "経度": 134.193609, "url": "https://www.iryou.teikyouseido.mhlw.go.jp/znk-web/juminkanja/S2430/initialize?prefCd=31&kikanCd=P2010762&kikanKbn=5", "url2": "https://yotuba-y.sakura.ne.jp/", "内容": "よつば薬局【5:薬局】鳥取県鳥取市里仁５３－７" }, "geometry": { "type": "Point", "coordinates": [ 134.193609, 35.502971 ] } },
{ "type": "Feature", "properties": { "ID": "315P2010765", "正式名称": "もみじ薬局", "機関区分": 5, "都道府県コード": 31, "市区町村コード": 201, "所在地": "鳥取県鳥取市国府町宮下１１６５－３", "緯度": 35.48151, "経度": 134.261318, "url": "https://www.iryou.teikyouseido.mhlw.go.jp/znk-web/juminkanja/S2430/initialize?prefCd=31&kikanCd=P2010765&kikanKbn=5", "url2": null, "内容": "もみじ薬局【5:薬局】鳥取県鳥取市国府町宮下１１６５－３" }, "geometry": { "type": "Point", "coordinates": [ 134.261318, 35.48151 ] } },
{ "type": "Feature", "properties": { "ID": "315P2010773", "正式名称": "ひまわり薬局", "機関区分": 5, "都道府県コード": 31, "市区町村コード": 201, "所在地": "鳥取県鳥取市末広温泉町５７４", "緯度": 35.494198, "経度": 134.23211, "url": "https://www.iryou.teikyouseido.mhlw.go.jp/znk-web/juminkanja/S2430/initialize?prefCd=31&kikanCd=P2010773&kikanKbn=5", "url2": "himawari-tottori.jp", "内容": "ひまわり薬局【5:薬局】鳥取県鳥取市末広温泉町５７４" }, "geometry": { "type": "Point", "coordinates": [ 134.23211, 35.494198 ] } },
{ "type": "Feature", "properties": { "ID": "315P2010781", "正式名称": "なかの薬局末恒店", "機関区分": 5, "都道府県コード": 31, "市区町村コード": 201, "所在地": "鳥取県鳥取市美萩野１丁目１１８", "緯度": 35.522463, "経度": 134.140101, "url": "https://www.iryou.teikyouseido.mhlw.go.jp/znk-web/juminkanja/S2430/initialize?prefCd=31&kikanCd=P2010781&kikanKbn=5", "url2": null, "内容": "なかの薬局末恒店【5:薬局】鳥取県鳥取市美萩野１丁目１１８" }, "geometry": { "type": "Point", "coordinates": [ 134.140101, 35.522463 ] } },
{ "type": "Feature", "properties": { "ID": "315P2010782", "正式名称": "イオン薬局鳥取北店", "機関区分": 5, "都道府県コード": 31, "市区町村コード": 201, "所在地": "鳥取県鳥取市晩稲３４８番地", "緯度": 35.524656, "経度": 134.201383, "url": "https://www.iryou.teikyouseido.mhlw.go.jp/znk-web/juminkanja/S2430/initialize?prefCd=31&kikanCd=P2010782&kikanKbn=5", "url2": null, "内容": "イオン薬局鳥取北店【5:薬局】鳥取県鳥取市晩稲３４８番地" }, "geometry": { "type": "Point", "coordinates": [ 134.201383, 35.524656 ] } },
{ "type": "Feature", "properties": { "ID": "315P2010783", "正式名称": "ふせ薬局", "機関区分": 5, "都道府県コード": 31, "市区町村コード": 201, "所在地": "鳥取県鳥取市布勢３２１－５", "緯度": 35.502627, "経度": 134.175604, "url": "https://www.iryou.teikyouseido.mhlw.go.jp/znk-web/juminkanja/S2430/initialize?prefCd=31&kikanCd=P2010783&kikanKbn=5", "url2": null, "内容": "ふせ薬局【5:薬局】鳥取県鳥取市布勢３２１－５" }, "geometry": { "type": "Point", "coordinates": [ 134.175604, 35.502627 ] } },
{ "type": "Feature", "properties": { "ID": "315P2010793", "正式名称": "こやまハーブ薬局", "機関区分": 5, "都道府県コード": 31, "市区町村コード": 201, "所在地": "鳥取県鳥取市湖山町北１－４６３－１", "緯度": 35.518915, "経度": 134.178225, "url": "https://www.iryou.teikyouseido.mhlw.go.jp/znk-web/juminkanja/S2430/initialize?prefCd=31&kikanCd=P2010793&kikanKbn=5", "url2": null, "内容": "こやまハーブ薬局【5:薬局】鳥取県鳥取市湖山町北１－４６３－１" }, "geometry": { "type": "Point", "coordinates": [ 134.178225, 35.518915 ] } },
{ "type": "Feature", "properties": { "ID": "315P2010807", "正式名称": "はまむら薬局", "機関区分": 5, "都道府県コード": 31, "市区町村コード": 201, "所在地": "鳥取県鳥取市気高町北浜３丁目１３１番地２", "緯度": 35.516379, "経度": 134.049495, "url": "https://www.iryou.teikyouseido.mhlw.go.jp/znk-web/juminkanja/S2430/initialize?prefCd=31&kikanCd=P2010807&kikanKbn=5", "url2": "https://yakumeikan.com/store/tottori/%e3%81%af%e3%81%be%e3%82%80%e3%82%89%e8%96%ac%e5%b1%80/", "内容": "はまむら薬局【5:薬局】鳥取県鳥取市気高町北浜３丁目１３１番地２" }, "geometry": { "type": "Point", "coordinates": [ 134.049495, 35.516379 ] } },
{ "type": "Feature", "properties": { "ID": "315P2010810", "正式名称": "株式会社林ほんどおり薬局", "機関区分": 5, "都道府県コード": 31, "市区町村コード": 201, "所在地": "鳥取県鳥取市末広温泉町１２６", "緯度": 35.496511, "経度": 134.22911, "url": "https://www.iryou.teikyouseido.mhlw.go.jp/znk-web/juminkanja/S2430/initialize?prefCd=31&kikanCd=P2010810&kikanKbn=5", "url2": null, "内容": "株式会社林ほんどおり薬局【5:薬局】鳥取県鳥取市末広温泉町１２６" }, "geometry": { "type": "Point", "coordinates": [ 134.22911, 35.496511 ] } },
{ "type": "Feature", "properties": { "ID": "315P2010812", "正式名称": "有限会社五臓圓薬局", "機関区分": 5, "都道府県コード": 31, "市区町村コード": 201, "所在地": "鳥取県鳥取市二階町２－２０７", "緯度": 35.501512, "経度": 134.230629, "url": "https://www.iryou.teikyouseido.mhlw.go.jp/znk-web/juminkanja/S2430/initialize?prefCd=31&kikanCd=P2010812&kikanKbn=5", "url2": "http://www.gozoen.co.jp", "内容": "有限会社五臓圓薬局【5:薬局】鳥取県鳥取市二階町２－２０７" }, "geometry": { "type": "Point", "coordinates": [ 134.230629, 35.501512 ] } },
{ "type": "Feature", "properties": { "ID": "315P2010817", "正式名称": "鳥取県薬剤師会休日夜間薬局", "機関区分": 5, "都道府県コード": 31, "市区町村コード": 201, "所在地": "鳥取県鳥取市富安１－５８－１", "緯度": 35.488755, "経度": 134.226148, "url": "https://www.iryou.teikyouseido.mhlw.go.jp/znk-web/juminkanja/S2430/initialize?prefCd=31&kikanCd=P2010817&kikanKbn=5", "url2": null, "内容": "鳥取県薬剤師会休日夜間薬局【5:薬局】鳥取県鳥取市富安１－５８－１" }, "geometry": { "type": "Point", "coordinates": [ 134.226148, 35.488755 ] } },
{ "type": "Feature", "properties": { "ID": "315P2010825", "正式名称": "徳吉薬局さかえまち", "機関区分": 5, "都道府県コード": 31, "市区町村コード": 201, "所在地": "鳥取県鳥取市栄町２１０", "緯度": 35.497863, "経度": 134.229231, "url": "https://www.iryou.teikyouseido.mhlw.go.jp/znk-web/juminkanja/S2430/initialize?prefCd=31&kikanCd=P2010825&kikanKbn=5", "url2": "http://www.tokuyoshi-pharmacy.jp/", "内容": "徳吉薬局さかえまち【5:薬局】鳥取県鳥取市栄町２１０" }, "geometry": { "type": "Point", "coordinates": [ 134.229231, 35.497863 ] } },
{ "type": "Feature", "properties": { "ID": "315P2010837", "正式名称": "おうちだに薬局", "機関区分": 5, "都道府県コード": 31, "市区町村コード": 201, "所在地": "鳥取県鳥取市大工町頭２９", "緯度": 35.497701, "経度": 134.238111, "url": "https://www.iryou.teikyouseido.mhlw.go.jp/znk-web/juminkanja/S2430/initialize?prefCd=31&kikanCd=P2010837&kikanKbn=5", "url2": "http://www.yakumeikan.com", "内容": "おうちだに薬局【5:薬局】鳥取県鳥取市大工町頭２９" }, "geometry": { "type": "Point", "coordinates": [ 134.238111, 35.497701 ] } },
{ "type": "Feature", "properties": { "ID": "315P2010843", "正式名称": "徳吉薬局でんえんちょう", "機関区分": 5, "都道府県コード": 31, "市区町村コード": 201, "所在地": "鳥取県鳥取市田園町１－２４２－１", "緯度": 35.511201, "経度": 134.22511, "url": "https://www.iryou.teikyouseido.mhlw.go.jp/znk-web/juminkanja/S2430/initialize?prefCd=31&kikanCd=P2010843&kikanKbn=5", "url2": "https://www.tokuyoshi-pharmacy.jp/", "内容": "徳吉薬局でんえんちょう【5:薬局】鳥取県鳥取市田園町１－２４２－１" }, "geometry": { "type": "Point", "coordinates": [ 134.22511, 35.511201 ] } },
{ "type": "Feature", "properties": { "ID": "315P2010851", "正式名称": "株式会社　くるみ薬局", "機関区分": 5, "都道府県コード": 31, "市区町村コード": 201, "所在地": "鳥取県鳥取市河原町河原４８番地９", "緯度": 35.406893, "経度": 134.200688, "url": "https://www.iryou.teikyouseido.mhlw.go.jp/znk-web/juminkanja/S2430/initialize?prefCd=31&kikanCd=P2010851&kikanKbn=5", "url2": null, "内容": "株式会社　くるみ薬局【5:薬局】鳥取県鳥取市河原町河原４８番地９" }, "geometry": { "type": "Point", "coordinates": [ 134.200688, 35.406893 ] } },
{ "type": "Feature", "properties": { "ID": "315P2010863", "正式名称": "徳吉薬局しかの", "機関区分": 5, "都道府県コード": 31, "市区町村コード": 201, "所在地": "鳥取県鳥取市鹿野町鹿野１０９２－１", "緯度": 35.463825, "経度": 134.066256, "url": "https://www.iryou.teikyouseido.mhlw.go.jp/znk-web/juminkanja/S2430/initialize?prefCd=31&kikanCd=P2010863&kikanKbn=5", "url2": "https//www.tokuyoshi-pharmacy.jp/", "内容": "徳吉薬局しかの【5:薬局】鳥取県鳥取市鹿野町鹿野１０９２－１" }, "geometry": { "type": "Point", "coordinates": [ 134.066256, 35.463825 ] } },
{ "type": "Feature", "properties": { "ID": "315P2010879", "正式名称": "イオン薬局鳥取店", "機関区分": 5, "都道府県コード": 31, "市区町村コード": 201, "所在地": "鳥取県鳥取市天神町１番地外", "緯度": 35.493683, "経度": 134.222356, "url": "https://www.iryou.teikyouseido.mhlw.go.jp/znk-web/juminkanja/S2430/initialize?prefCd=31&kikanCd=P2010879&kikanKbn=5", "url2": null, "内容": "イオン薬局鳥取店【5:薬局】鳥取県鳥取市天神町１番地外" }, "geometry": { "type": "Point", "coordinates": [ 134.222356, 35.493683 ] } },
{ "type": "Feature", "properties": { "ID": "315P2010881", "正式名称": "株式会社　米沢薬局", "機関区分": 5, "都道府県コード": 31, "市区町村コード": 201, "所在地": "鳥取県鳥取市河原町長瀬８０番地１０", "緯度": 35.406776, "経度": 134.198481, "url": "https://www.iryou.teikyouseido.mhlw.go.jp/znk-web/juminkanja/S2430/initialize?prefCd=31&kikanCd=P2010881&kikanKbn=5", "url2": null, "内容": "株式会社　米沢薬局【5:薬局】鳥取県鳥取市河原町長瀬８０番地１０" }, "geometry": { "type": "Point", "coordinates": [ 134.198481, 35.406776 ] } },
{ "type": "Feature", "properties": { "ID": "315P2010889", "正式名称": "アイ・プラス薬局上魚町店", "機関区分": 5, "都道府県コード": 31, "市区町村コード": 201, "所在地": "鳥取県鳥取市上魚町１４－５", "緯度": 35.50052, "経度": 134.235109, "url": "https://www.iryou.teikyouseido.mhlw.go.jp/znk-web/juminkanja/S2430/initialize?prefCd=31&kikanCd=P2010889&kikanKbn=5", "url2": null, "内容": "アイ・プラス薬局上魚町店【5:薬局】鳥取県鳥取市上魚町１４－５" }, "geometry": { "type": "Point", "coordinates": [ 134.235109, 35.50052 ] } },
{ "type": "Feature", "properties": { "ID": "315P2010890", "正式名称": "アイ・プラス薬局　叶店", "機関区分": 5, "都道府県コード": 31, "市区町村コード": 201, "所在地": "鳥取県鳥取市叶２８９－２", "緯度": 35.473708, "経度": 134.219961, "url": "https://www.iryou.teikyouseido.mhlw.go.jp/znk-web/juminkanja/S2430/initialize?prefCd=31&kikanCd=P2010890&kikanKbn=5", "url2": null, "内容": "アイ・プラス薬局　叶店【5:薬局】鳥取県鳥取市叶２８９－２" }, "geometry": { "type": "Point", "coordinates": [ 134.219961, 35.473708 ] } },
{ "type": "Feature", "properties": { "ID": "315P2010891", "正式名称": "アイ・プラス薬局　南隈店", "機関区分": 5, "都道府県コード": 31, "市区町村コード": 201, "所在地": "鳥取県鳥取市南隈１６３－３", "緯度": 35.519963, "経度": 134.201261, "url": "https://www.iryou.teikyouseido.mhlw.go.jp/znk-web/juminkanja/S2430/initialize?prefCd=31&kikanCd=P2010891&kikanKbn=5", "url2": null, "内容": "アイ・プラス薬局　南隈店【5:薬局】鳥取県鳥取市南隈１６３－３" }, "geometry": { "type": "Point", "coordinates": [ 134.201261, 35.519963 ] } },
{ "type": "Feature", "properties": { "ID": "315P2010893", "正式名称": "あかつき薬局", "機関区分": 5, "都道府県コード": 31, "市区町村コード": 201, "所在地": "鳥取県鳥取市湖山町南３丁目３０１－２", "緯度": 35.5071, "経度": 134.180903, "url": "https://www.iryou.teikyouseido.mhlw.go.jp/znk-web/juminkanja/S2430/initialize?prefCd=31&kikanCd=P2010893&kikanKbn=5", "url2": null, "内容": "あかつき薬局【5:薬局】鳥取県鳥取市湖山町南３丁目３０１－２" }, "geometry": { "type": "Point", "coordinates": [ 134.180903, 35.5071 ] } },
{ "type": "Feature", "properties": { "ID": "315P2010896", "正式名称": "みずたま薬局", "機関区分": 5, "都道府県コード": 31, "市区町村コード": 201, "所在地": "鳥取県鳥取市里仁５６－７", "緯度": 35.502105, "経度": 134.193066, "url": "https://www.iryou.teikyouseido.mhlw.go.jp/znk-web/juminkanja/S2430/initialize?prefCd=31&kikanCd=P2010896&kikanKbn=5", "url2": "https://www.yotuba-y.com/yotsuba/", "内容": "みずたま薬局【5:薬局】鳥取県鳥取市里仁５６－７" }, "geometry": { "type": "Point", "coordinates": [ 134.193066, 35.502105 ] } },
{ "type": "Feature", "properties": { "ID": "315P2010900", "正式名称": "徳吉薬局日赤前", "機関区分": 5, "都道府県コード": 31, "市区町村コード": 201, "所在地": "鳥取県鳥取市尚徳町１１４－６", "緯度": 35.501307, "経度": 134.236702, "url": "https://www.iryou.teikyouseido.mhlw.go.jp/znk-web/juminkanja/S2430/initialize?prefCd=31&kikanCd=P2010900&kikanKbn=5", "url2": "https://www.tokuyoshi-pharmacy.jp/", "内容": "徳吉薬局日赤前【5:薬局】鳥取県鳥取市尚徳町１１４－６" }, "geometry": { "type": "Point", "coordinates": [ 134.236702, 35.501307 ] } },
{ "type": "Feature", "properties": { "ID": "315P2011001", "正式名称": "徳吉薬局市役所前", "機関区分": 5, "都道府県コード": 31, "市区町村コード": 201, "所在地": "鳥取県鳥取市幸町９５－２", "緯度": 35.494954, "経度": 134.219403, "url": "https://www.iryou.teikyouseido.mhlw.go.jp/znk-web/juminkanja/S2430/initialize?prefCd=31&kikanCd=P2011001&kikanKbn=5", "url2": "http://www.tokuyoshi-pharmacy", "内容": "徳吉薬局市役所前【5:薬局】鳥取県鳥取市幸町９５－２" }, "geometry": { "type": "Point", "coordinates": [ 134.219403, 35.494954 ] } },
{ "type": "Feature", "properties": { "ID": "315P2011003", "正式名称": "アイ・プラス薬局　吉成店", "機関区分": 5, "都道府県コード": 31, "市区町村コード": 201, "所在地": "鳥取県鳥取市富安３３２－５", "緯度": 35.488079, "経度": 134.221204, "url": "https://www.iryou.teikyouseido.mhlw.go.jp/znk-web/juminkanja/S2430/initialize?prefCd=31&kikanCd=P2011003&kikanKbn=5", "url2": null, "内容": "アイ・プラス薬局　吉成店【5:薬局】鳥取県鳥取市富安３３２－５" }, "geometry": { "type": "Point", "coordinates": [ 134.221204, 35.488079 ] } },
{ "type": "Feature", "properties": { "ID": "315P2011004", "正式名称": "アイ・プラス薬局　岩倉店", "機関区分": 5, "都道府県コード": 31, "市区町村コード": 201, "所在地": "鳥取県鳥取市岩倉４５２－１８ロッジ４５２　１号室", "緯度": 35.485121, "経度": 134.257039, "url": "https://www.iryou.teikyouseido.mhlw.go.jp/znk-web/juminkanja/S2430/initialize?prefCd=31&kikanCd=P2011004&kikanKbn=5", "url2": null, "内容": "アイ・プラス薬局　岩倉店【5:薬局】鳥取県鳥取市岩倉４５２－１８ロッジ４５２　１号室" }, "geometry": { "type": "Point", "coordinates": [ 134.257039, 35.485121 ] } },
{ "type": "Feature", "properties": { "ID": "315P2011005", "正式名称": "つくし薬局", "機関区分": 5, "都道府県コード": 31, "市区町村コード": 201, "所在地": "鳥取県鳥取市岩倉", "緯度": 35.484891, "経度": 134.257951, "url": "https://www.iryou.teikyouseido.mhlw.go.jp/znk-web/juminkanja/S2430/initialize?prefCd=31&kikanCd=P2011005&kikanKbn=5", "url2": "http://tsukushi-pharmacy.jp/", "内容": "つくし薬局【5:薬局】鳥取県鳥取市岩倉" }, "geometry": { "type": "Point", "coordinates": [ 134.257951, 35.484891 ] } },
{ "type": "Feature", "properties": { "ID": "315P2011006", "正式名称": "はなまる薬局", "機関区分": 5, "都道府県コード": 31, "市区町村コード": 201, "所在地": "鳥取県鳥取市南吉方３－５１４－３", "緯度": 35.487039, "経度": 134.241885, "url": "https://www.iryou.teikyouseido.mhlw.go.jp/znk-web/juminkanja/S2430/initialize?prefCd=31&kikanCd=P2011006&kikanKbn=5", "url2": "https://www.yotuba-y.com/", "内容": "はなまる薬局【5:薬局】鳥取県鳥取市南吉方３－５１４－３" }, "geometry": { "type": "Point", "coordinates": [ 134.241885, 35.487039 ] } },
{ "type": "Feature", "properties": { "ID": "315P2011007", "正式名称": "ドラッグストアエース興南町薬局", "機関区分": 5, "都道府県コード": 31, "市区町村コード": 201, "所在地": "鳥取県鳥取市興南町３９－２", "緯度": 35.479814, "経度": 134.249294, "url": "https://www.iryou.teikyouseido.mhlw.go.jp/znk-web/juminkanja/S2430/initialize?prefCd=31&kikanCd=P2011007&kikanKbn=5", "url2": null, "内容": "ドラッグストアエース興南町薬局【5:薬局】鳥取県鳥取市興南町３９－２" }, "geometry": { "type": "Point", "coordinates": [ 134.249294, 35.479814 ] } },
{ "type": "Feature", "properties": { "ID": "315P2011008", "正式名称": "アイ・プラス薬局　卯垣店", "機関区分": 5, "都道府県コード": 31, "市区町村コード": 201, "所在地": "鳥取県鳥取市卯垣４丁目１０１ー１", "緯度": 35.488973, "経度": 134.254946, "url": "https://www.iryou.teikyouseido.mhlw.go.jp/znk-web/juminkanja/S2430/initialize?prefCd=31&kikanCd=P2011008&kikanKbn=5", "url2": "http://www.koyama-y.jp/bu_pharmacy16.php", "内容": "アイ・プラス薬局　卯垣店【5:薬局】鳥取県鳥取市卯垣４丁目１０１ー１" }, "geometry": { "type": "Point", "coordinates": [ 134.254946, 35.488973 ] } },
{ "type": "Feature", "properties": { "ID": "315P2011009", "正式名称": "ウェルネス薬局叶店", "機関区分": 5, "都道府県コード": 31, "市区町村コード": 201, "所在地": "鳥取県鳥取市叶３３０－１", "緯度": 35.474739, "経度": 134.217711, "url": "https://www.iryou.teikyouseido.mhlw.go.jp/znk-web/juminkanja/S2430/initialize?prefCd=31&kikanCd=P2011009&kikanKbn=5", "url2": "https://www.wellness-web.co.jp/", "内容": "ウェルネス薬局叶店【5:薬局】鳥取県鳥取市叶３３０－１" }, "geometry": { "type": "Point", "coordinates": [ 134.217711, 35.474739 ] } },
{ "type": "Feature", "properties": { "ID": "315P2011011", "正式名称": "徳吉薬局　こやま", "機関区分": 5, "都道府県コード": 31, "市区町村コード": 201, "所在地": "鳥取県鳥取市湖山町東２丁目１４０番地２", "緯度": 35.517481, "経度": 134.184296, "url": "https://www.iryou.teikyouseido.mhlw.go.jp/znk-web/juminkanja/S2430/initialize?prefCd=31&kikanCd=P2011011&kikanKbn=5", "url2": "https://www.tokuyoshi-pharmacy.jp/", "内容": "徳吉薬局　こやま【5:薬局】鳥取県鳥取市湖山町東２丁目１４０番地２" }, "geometry": { "type": "Point", "coordinates": [ 134.184296, 35.517481 ] } },
{ "type": "Feature", "properties": { "ID": "315P2011013", "正式名称": "ドラッグストアエース鳥取おうちだに薬局", "機関区分": 5, "都道府県コード": 31, "市区町村コード": 201, "所在地": "鳥取県鳥取市大榎町１７", "緯度": 35.498422, "経度": 134.238569, "url": "https://www.iryou.teikyouseido.mhlw.go.jp/znk-web/juminkanja/S2430/initialize?prefCd=31&kikanCd=P2011013&kikanKbn=5", "url2": null, "内容": "ドラッグストアエース鳥取おうちだに薬局【5:薬局】鳥取県鳥取市大榎町１７" }, "geometry": { "type": "Point", "coordinates": [ 134.238569, 35.498422 ] } },
{ "type": "Feature", "properties": { "ID": "315P2011014", "正式名称": "あかつき薬局用瀬", "機関区分": 5, "都道府県コード": 31, "市区町村コード": 201, "所在地": "鳥取県鳥取市用瀬町用瀬４４６－１", "緯度": 35.341731, "経度": 134.20447, "url": "https://www.iryou.teikyouseido.mhlw.go.jp/znk-web/juminkanja/S2430/initialize?prefCd=31&kikanCd=P2011014&kikanKbn=5", "url2": null, "内容": "あかつき薬局用瀬【5:薬局】鳥取県鳥取市用瀬町用瀬４４６－１" }, "geometry": { "type": "Point", "coordinates": [ 134.20447, 35.341731 ] } },
{ "type": "Feature", "properties": { "ID": "315P2011028", "正式名称": "アイ・プラス薬局安長店", "機関区分": 5, "都道府県コード": 31, "市区町村コード": 201, "所在地": "鳥取県鳥取市安長２５７番地３", "緯度": 35.511128, "経度": 134.204576, "url": "https://www.iryou.teikyouseido.mhlw.go.jp/znk-web/juminkanja/S2430/initialize?prefCd=31&kikanCd=P2011028&kikanKbn=5", "url2": "www.koyama-y.jp", "内容": "アイ・プラス薬局安長店【5:薬局】鳥取県鳥取市安長２５７番地３" }, "geometry": { "type": "Point", "coordinates": [ 134.204576, 35.511128 ] } },
{ "type": "Feature", "properties": { "ID": "315P2011031", "正式名称": "徳吉薬局ちよみ", "機関区分": 5, "都道府県コード": 31, "市区町村コード": 201, "所在地": "鳥取県鳥取市千代水２丁目９７", "緯度": 35.516376, "経度": 134.200445, "url": "https://www.iryou.teikyouseido.mhlw.go.jp/znk-web/juminkanja/S2430/initialize?prefCd=31&kikanCd=P2011031&kikanKbn=5", "url2": "https://www.tokuyoshi-pharmacy.jp/", "内容": "徳吉薬局ちよみ【5:薬局】鳥取県鳥取市千代水２丁目９７" }, "geometry": { "type": "Point", "coordinates": [ 134.200445, 35.516376 ] } },
{ "type": "Feature", "properties": { "ID": "315P2011032", "正式名称": "ウェルネス薬局片原店", "機関区分": 5, "都道府県コード": 31, "市区町村コード": 201, "所在地": "鳥取県鳥取市本町５丁目４０４－６", "緯度": 35.505183, "経度": 134.228227, "url": "https://www.iryou.teikyouseido.mhlw.go.jp/znk-web/juminkanja/S2430/initialize?prefCd=31&kikanCd=P2011032&kikanKbn=5", "url2": "https://www.wellness-web.co.jp/", "内容": "ウェルネス薬局片原店【5:薬局】鳥取県鳥取市本町５丁目４０４－６" }, "geometry": { "type": "Point", "coordinates": [ 134.228227, 35.505183 ] } },
{ "type": "Feature", "properties": { "ID": "315P2011033", "正式名称": "大村薬局こおげ駅前店", "機関区分": 5, "都道府県コード": 31, "市区町村コード": 329, "所在地": "鳥取県八頭郡八頭町郡家６４７－６", "緯度": 35.412617, "経度": 134.251586, "url": "https://www.iryou.teikyouseido.mhlw.go.jp/znk-web/juminkanja/S2430/initialize?prefCd=31&kikanCd=P2011033&kikanKbn=5", "url2": "https://oomura-pharmacy.com/", "内容": "大村薬局こおげ駅前店【5:薬局】鳥取県八頭郡八頭町郡家６４７－６" }, "geometry": { "type": "Point", "coordinates": [ 134.251586, 35.412617 ] } },
{ "type": "Feature", "properties": { "ID": "315P2011034", "正式名称": "しもだ薬局", "機関区分": 5, "都道府県コード": 31, "市区町村コード": 201, "所在地": "鳥取県鳥取市叶２８３番地３", "緯度": 35.473509, "経度": 134.219481, "url": "https://www.iryou.teikyouseido.mhlw.go.jp/znk-web/juminkanja/S2430/initialize?prefCd=31&kikanCd=P2011034&kikanKbn=5", "url2": null, "内容": "しもだ薬局【5:薬局】鳥取県鳥取市叶２８３番地３" }, "geometry": { "type": "Point", "coordinates": [ 134.219481, 35.473509 ] } },
{ "type": "Feature", "properties": { "ID": "315P2011036", "正式名称": "常田調剤薬局", "機関区分": 5, "都道府県コード": 31, "市区町村コード": 201, "所在地": "鳥取県鳥取市西町三丁目１１０番地２", "緯度": 35.504818, "経度": 134.234082, "url": "https://www.iryou.teikyouseido.mhlw.go.jp/znk-web/juminkanja/S2430/initialize?prefCd=31&kikanCd=P2011036&kikanKbn=5", "url2": null, "内容": "常田調剤薬局【5:薬局】鳥取県鳥取市西町三丁目１１０番地２" }, "geometry": { "type": "Point", "coordinates": [ 134.234082, 35.504818 ] } },
{ "type": "Feature", "properties": { "ID": "315P2011037", "正式名称": "たむら調剤薬局", "機関区分": 5, "都道府県コード": 31, "市区町村コード": 201, "所在地": "鳥取県鳥取市湯所町二丁目１８１", "緯度": 35.508894, "経度": 134.231925, "url": "https://www.iryou.teikyouseido.mhlw.go.jp/znk-web/juminkanja/S2430/initialize?prefCd=31&kikanCd=P2011037&kikanKbn=5", "url2": "https://www.ainj.co.jp/", "内容": "たむら調剤薬局【5:薬局】鳥取県鳥取市湯所町二丁目１８１" }, "geometry": { "type": "Point", "coordinates": [ 134.231925, 35.508894 ] } },
{ "type": "Feature", "properties": { "ID": "315P2011038", "正式名称": "アイン薬局鳥取岩美店", "機関区分": 5, "都道府県コード": 31, "市区町村コード": 302, "所在地": "鳥取県岩美郡岩美町浦富７３５－７", "緯度": 35.573333, "経度": 134.333098, "url": "https://www.iryou.teikyouseido.mhlw.go.jp/znk-web/juminkanja/S2430/initialize?prefCd=31&kikanCd=P2011038&kikanKbn=5", "url2": "https://store.ainj.co.jp/detail/1102634/", "内容": "アイン薬局鳥取岩美店【5:薬局】鳥取県岩美郡岩美町浦富７３５－７" }, "geometry": { "type": "Point", "coordinates": [ 134.333098, 35.573333 ] } },
{ "type": "Feature", "properties": { "ID": "315P2011039", "正式名称": "アイン薬局　湖山店", "機関区分": 5, "都道府県コード": 31, "市区町村コード": 201, "所在地": "鳥取県鳥取市湖山町北２－５５７", "緯度": 35.522789, "経度": 134.174726, "url": "https://www.iryou.teikyouseido.mhlw.go.jp/znk-web/juminkanja/S2430/initialize?prefCd=31&kikanCd=P2011039&kikanKbn=5", "url2": "https://store.ainj.co.jp/detail/1100940/", "内容": "アイン薬局　湖山店【5:薬局】鳥取県鳥取市湖山町北２－５５７" }, "geometry": { "type": "Point", "coordinates": [ 134.174726, 35.522789 ] } },
{ "type": "Feature", "properties": { "ID": "315P2011040", "正式名称": "はまさか薬局", "機関区分": 5, "都道府県コード": 31, "市区町村コード": 201, "所在地": "鳥取県鳥取市江津４０８ー８美丘ビル", "緯度": 35.52652, "経度": 134.215049, "url": "https://www.iryou.teikyouseido.mhlw.go.jp/znk-web/juminkanja/S2430/initialize?prefCd=31&kikanCd=P2011040&kikanKbn=5", "url2": "https://www.ainj.co.jp", "内容": "はまさか薬局【5:薬局】鳥取県鳥取市江津４０８ー８美丘ビル" }, "geometry": { "type": "Point", "coordinates": [ 134.215049, 35.52652 ] } },
{ "type": "Feature", "properties": { "ID": "315P2011041", "正式名称": "アイン薬局　鳥取北店", "機関区分": 5, "都道府県コード": 31, "市区町村コード": 201, "所在地": "鳥取県鳥取市晩稲４３７－４", "緯度": 35.52626, "経度": 134.202568, "url": "https://www.iryou.teikyouseido.mhlw.go.jp/znk-web/juminkanja/S2430/initialize?prefCd=31&kikanCd=P2011041&kikanKbn=5", "url2": null, "内容": "アイン薬局　鳥取北店【5:薬局】鳥取県鳥取市晩稲４３７－４" }, "geometry": { "type": "Point", "coordinates": [ 134.202568, 35.52626 ] } },
{ "type": "Feature", "properties": { "ID": "315P2011043", "正式名称": "みやなが薬局", "機関区分": 5, "都道府県コード": 31, "市区町村コード": 201, "所在地": "鳥取県鳥取市宮長１３－７", "緯度": 35.476234, "経度": 134.225972, "url": "https://www.iryou.teikyouseido.mhlw.go.jp/znk-web/juminkanja/S2430/initialize?prefCd=31&kikanCd=P2011043&kikanKbn=5", "url2": "https://store.ainj.co.jp/detail/1100758/", "内容": "みやなが薬局【5:薬局】鳥取県鳥取市宮長１３－７" }, "geometry": { "type": "Point", "coordinates": [ 134.225972, 35.476234 ] } },
{ "type": "Feature", "properties": { "ID": "315P2011044", "正式名称": "みなみ薬局", "機関区分": 5, "都道府県コード": 31, "市区町村コード": 201, "所在地": "鳥取県鳥取市富安一丁目７６", "緯度": 35.489323, "経度": 134.226127, "url": "https://www.iryou.teikyouseido.mhlw.go.jp/znk-web/juminkanja/S2430/initialize?prefCd=31&kikanCd=P2011044&kikanKbn=5", "url2": null, "内容": "みなみ薬局【5:薬局】鳥取県鳥取市富安一丁目７６" }, "geometry": { "type": "Point", "coordinates": [ 134.226127, 35.489323 ] } },
{ "type": "Feature", "properties": { "ID": "315P2011045", "正式名称": "アイン薬局鳥取扇町店", "機関区分": 5, "都道府県コード": 31, "市区町村コード": 201, "所在地": "鳥取県鳥取市扇町１２３－２", "緯度": 35.492639, "経度": 134.224139, "url": "https://www.iryou.teikyouseido.mhlw.go.jp/znk-web/juminkanja/S2430/initialize?prefCd=31&kikanCd=P2011045&kikanKbn=5", "url2": "https://www.ainj.co.jp/", "内容": "アイン薬局鳥取扇町店【5:薬局】鳥取県鳥取市扇町１２３－２" }, "geometry": { "type": "Point", "coordinates": [ 134.224139, 35.492639 ] } },
{ "type": "Feature", "properties": { "ID": "315P2011046", "正式名称": "徳吉薬局よしなり", "機関区分": 5, "都道府県コード": 31, "市区町村コード": 201, "所在地": "鳥取県鳥取市吉成南町１－２７－９", "緯度": 35.480171, "経度": 134.217749, "url": "https://www.iryou.teikyouseido.mhlw.go.jp/znk-web/juminkanja/S2430/initialize?prefCd=31&kikanCd=P2011046&kikanKbn=5", "url2": "https://tokuyoshi-pharmacy.jp/", "内容": "徳吉薬局よしなり【5:薬局】鳥取県鳥取市吉成南町１－２７－９" }, "geometry": { "type": "Point", "coordinates": [ 134.217749, 35.480171 ] } },
{ "type": "Feature", "properties": { "ID": "315P2020180", "正式名称": "有限会社　山田薬局", "機関区分": 5, "都道府県コード": 31, "市区町村コード": 202, "所在地": "鳥取県米子市道笑町１丁目８番地", "緯度": 35.427498, "経度": 133.335326, "url": "https://www.iryou.teikyouseido.mhlw.go.jp/znk-web/juminkanja/S2430/initialize?prefCd=31&kikanCd=P2020180&kikanKbn=5", "url2": null, "内容": "有限会社　山田薬局【5:薬局】鳥取県米子市道笑町１丁目８番地" }, "geometry": { "type": "Point", "coordinates": [ 133.335326, 35.427498 ] } },
{ "type": "Feature", "properties": { "ID": "315P2020258", "正式名称": "仙田薬局", "機関区分": 5, "都道府県コード": 31, "市区町村コード": 202, "所在地": "鳥取県米子市角盤町１丁目２５", "緯度": 35.431281, "経度": 133.334124, "url": "https://www.iryou.teikyouseido.mhlw.go.jp/znk-web/juminkanja/S2430/initialize?prefCd=31&kikanCd=P2020258&kikanKbn=5", "url2": null, "内容": "仙田薬局【5:薬局】鳥取県米子市角盤町１丁目２５" }, "geometry": { "type": "Point", "coordinates": [ 133.334124, 35.431281 ] } },
{ "type": "Feature", "properties": { "ID": "315P2020489", "正式名称": "都田薬局", "機関区分": 5, "都道府県コード": 31, "市区町村コード": 202, "所在地": "鳥取県米子市道笑町１丁目１０８番地", "緯度": 35.42656, "経度": 133.335557, "url": "https://www.iryou.teikyouseido.mhlw.go.jp/znk-web/juminkanja/S2430/initialize?prefCd=31&kikanCd=P2020489&kikanKbn=5", "url2": null, "内容": "都田薬局【5:薬局】鳥取県米子市道笑町１丁目１０８番地" }, "geometry": { "type": "Point", "coordinates": [ 133.335557, 35.42656 ] } },
{ "type": "Feature", "properties": { "ID": "315P2020503", "正式名称": "今井薬局", "機関区分": 5, "都道府県コード": 31, "市区町村コード": 202, "所在地": "鳥取県米子市上後藤５－１３－３４", "緯度": 35.447481, "経度": 133.316278, "url": "https://www.iryou.teikyouseido.mhlw.go.jp/znk-web/juminkanja/S2430/initialize?prefCd=31&kikanCd=P2020503&kikanKbn=5", "url2": null, "内容": "今井薬局【5:薬局】鳥取県米子市上後藤５－１３－３４" }, "geometry": { "type": "Point", "coordinates": [ 133.316278, 35.447481 ] } },
{ "type": "Feature", "properties": { "ID": "315P2020510", "正式名称": "薬局レセータ", "機関区分": 5, "都道府県コード": 31, "市区町村コード": 202, "所在地": "鳥取県米子市中島２丁目１－４７", "緯度": 35.434124, "経度": 133.349662, "url": "https://www.iryou.teikyouseido.mhlw.go.jp/znk-web/juminkanja/S2430/initialize?prefCd=31&kikanCd=P2020510&kikanKbn=5", "url2": null, "内容": "薬局レセータ【5:薬局】鳥取県米子市中島２丁目１－４７" }, "geometry": { "type": "Point", "coordinates": [ 133.349662, 35.434124 ] } },
{ "type": "Feature", "properties": { "ID": "315P2020537", "正式名称": "あさがお薬局", "機関区分": 5, "都道府県コード": 31, "市区町村コード": 202, "所在地": "鳥取県米子市榎原１８８８－６", "緯度": 35.398672, "経度": 133.361197, "url": "https://www.iryou.teikyouseido.mhlw.go.jp/znk-web/juminkanja/S2430/initialize?prefCd=31&kikanCd=P2020537&kikanKbn=5", "url2": null, "内容": "あさがお薬局【5:薬局】鳥取県米子市榎原１８８８－６" }, "geometry": { "type": "Point", "coordinates": [ 133.361197, 35.398672 ] } },
{ "type": "Feature", "properties": { "ID": "315P2020538", "正式名称": "もり薬局", "機関区分": 5, "都道府県コード": 31, "市区町村コード": 202, "所在地": "鳥取県米子市角盤町１丁目１４３", "緯度": 35.431385, "経度": 133.335067, "url": "https://www.iryou.teikyouseido.mhlw.go.jp/znk-web/juminkanja/S2430/initialize?prefCd=31&kikanCd=P2020538&kikanKbn=5", "url2": null, "内容": "もり薬局【5:薬局】鳥取県米子市角盤町１丁目１４３" }, "geometry": { "type": "Point", "coordinates": [ 133.335067, 35.431385 ] } },
{ "type": "Feature", "properties": { "ID": "315P2020539", "正式名称": "ケイ・アイ堂薬局", "機関区分": 5, "都道府県コード": 31, "市区町村コード": 202, "所在地": "鳥取県米子市皆生新田２－２－１５", "緯度": 35.451931, "経度": 133.366081, "url": "https://www.iryou.teikyouseido.mhlw.go.jp/znk-web/juminkanja/S2430/initialize?prefCd=31&kikanCd=P2020539&kikanKbn=5", "url2": "https://kid-hd.com/", "内容": "ケイ・アイ堂薬局【5:薬局】鳥取県米子市皆生新田２－２－１５" }, "geometry": { "type": "Point", "coordinates": [ 133.366081, 35.451931 ] } },
{ "type": "Feature", "properties": { "ID": "315P2020552", "正式名称": "どい薬局", "機関区分": 5, "都道府県コード": 31, "市区町村コード": 202, "所在地": "鳥取県米子市西福原六丁目二の二九号", "緯度": 35.448032, "経度": 133.341971, "url": "https://www.iryou.teikyouseido.mhlw.go.jp/znk-web/juminkanja/S2430/initialize?prefCd=31&kikanCd=P2020552&kikanKbn=5", "url2": "https://doi-yonago.jp", "内容": "どい薬局【5:薬局】鳥取県米子市西福原六丁目二の二九号" }, "geometry": { "type": "Point", "coordinates": [ 133.341971, 35.448032 ] } },
{ "type": "Feature", "properties": { "ID": "315P2020558", "正式名称": "有限会社あすなろ調剤薬局", "機関区分": 5, "都道府県コード": 31, "市区町村コード": 202, "所在地": "鳥取県米子市夜見町１９２４－４", "緯度": 35.461355, "経度": 133.301864, "url": "https://www.iryou.teikyouseido.mhlw.go.jp/znk-web/juminkanja/S2430/initialize?prefCd=31&kikanCd=P2020558&kikanKbn=5", "url2": null, "内容": "有限会社あすなろ調剤薬局【5:薬局】鳥取県米子市夜見町１９２４－４" }, "geometry": { "type": "Point", "coordinates": [ 133.301864, 35.461355 ] } },
{ "type": "Feature", "properties": { "ID": "315P2020583", "正式名称": "みなと調剤薬局", "機関区分": 5, "都道府県コード": 31, "市区町村コード": 202, "所在地": "鳥取県米子市花園町１３０－１９", "緯度": 35.435416, "経度": 133.319676, "url": "https://www.iryou.teikyouseido.mhlw.go.jp/znk-web/juminkanja/S2430/initialize?prefCd=31&kikanCd=P2020583&kikanKbn=5", "url2": null, "内容": "みなと調剤薬局【5:薬局】鳥取県米子市花園町１３０－１９" }, "geometry": { "type": "Point", "coordinates": [ 133.319676, 35.435416 ] } },
{ "type": "Feature", "properties": { "ID": "315P2020605", "正式名称": "ばくろうまち薬局", "機関区分": 5, "都道府県コード": 31, "市区町村コード": 202, "所在地": "鳥取県米子市博労町１丁目１３３番地２号", "緯度": 35.43074, "経度": 133.339508, "url": "https://www.iryou.teikyouseido.mhlw.go.jp/znk-web/juminkanja/S2430/initialize?prefCd=31&kikanCd=P2020605&kikanKbn=5", "url2": null, "内容": "ばくろうまち薬局【5:薬局】鳥取県米子市博労町１丁目１３３番地２号" }, "geometry": { "type": "Point", "coordinates": [ 133.339508, 35.43074 ] } },
{ "type": "Feature", "properties": { "ID": "315P2020615", "正式名称": "有限会社アド調剤薬局", "機関区分": 5, "都道府県コード": 31, "市区町村コード": 202, "所在地": "鳥取県米子市東町１９２アド調剤薬局", "緯度": 35.425855, "経度": 133.331834, "url": "https://www.iryou.teikyouseido.mhlw.go.jp/znk-web/juminkanja/S2430/initialize?prefCd=31&kikanCd=P2020615&kikanKbn=5", "url2": "https://ado-pharmacy.amebaownd.com/", "内容": "有限会社アド調剤薬局【5:薬局】鳥取県米子市東町１９２アド調剤薬局" }, "geometry": { "type": "Point", "coordinates": [ 133.331834, 35.425855 ] } },
{ "type": "Feature", "properties": { "ID": "315P2020631", "正式名称": "フォルテシモ", "機関区分": 5, "都道府県コード": 31, "市区町村コード": 202, "所在地": "鳥取県米子市新開５－１－９", "緯度": 35.454575, "経度": 133.345515, "url": "https://www.iryou.teikyouseido.mhlw.go.jp/znk-web/juminkanja/S2430/initialize?prefCd=31&kikanCd=P2020631&kikanKbn=5", "url2": null, "内容": "フォルテシモ【5:薬局】鳥取県米子市新開５－１－９" }, "geometry": { "type": "Point", "coordinates": [ 133.345515, 35.454575 ] } },
{ "type": "Feature", "properties": { "ID": "315P2020637", "正式名称": "薬局スタッセ", "機関区分": 5, "都道府県コード": 31, "市区町村コード": 202, "所在地": "鳥取県米子市道笑町４丁目９２番地１", "緯度": 35.424457, "経度": 133.345363, "url": "https://www.iryou.teikyouseido.mhlw.go.jp/znk-web/juminkanja/S2430/initialize?prefCd=31&kikanCd=P2020637&kikanKbn=5", "url2": null, "内容": "薬局スタッセ【5:薬局】鳥取県米子市道笑町４丁目９２番地１" }, "geometry": { "type": "Point", "coordinates": [ 133.345363, 35.424457 ] } },
{ "type": "Feature", "properties": { "ID": "315P2020638", "正式名称": "春日調剤薬局", "機関区分": 5, "都道府県コード": 31, "市区町村コード": 202, "所在地": "鳥取県米子市上新印２５６－２０", "緯度": 35.410913, "経度": 133.391781, "url": "https://www.iryou.teikyouseido.mhlw.go.jp/znk-web/juminkanja/S2430/initialize?prefCd=31&kikanCd=P2020638&kikanKbn=5", "url2": null, "内容": "春日調剤薬局【5:薬局】鳥取県米子市上新印２５６－２０" }, "geometry": { "type": "Point", "coordinates": [ 133.391781, 35.410913 ] } },
{ "type": "Feature", "properties": { "ID": "315P2020639", "正式名称": "しおん薬局", "機関区分": 5, "都道府県コード": 31, "市区町村コード": 202, "所在地": "鳥取県米子市富益町３５３３－５", "緯度": 35.471732, "経度": 133.278005, "url": "https://www.iryou.teikyouseido.mhlw.go.jp/znk-web/juminkanja/S2430/initialize?prefCd=31&kikanCd=P2020639&kikanKbn=5", "url2": null, "内容": "しおん薬局【5:薬局】鳥取県米子市富益町３５３３－５" }, "geometry": { "type": "Point", "coordinates": [ 133.278005, 35.471732 ] } },
{ "type": "Feature", "properties": { "ID": "315P2020647", "正式名称": "有限会社素問元気堂薬局", "機関区分": 5, "都道府県コード": 31, "市区町村コード": 202, "所在地": "鳥取県米子市新開６ー４ー７", "緯度": 35.455528, "経度": 133.341403, "url": "https://www.iryou.teikyouseido.mhlw.go.jp/znk-web/juminkanja/S2430/initialize?prefCd=31&kikanCd=P2020647&kikanKbn=5", "url2": "http://genkido.moon.bindcloud.jp/", "内容": "有限会社素問元気堂薬局【5:薬局】鳥取県米子市新開６ー４ー７" }, "geometry": { "type": "Point", "coordinates": [ 133.341403, 35.455528 ] } },
{ "type": "Feature", "properties": { "ID": "315P2020651", "正式名称": "薬局いわがき", "機関区分": 5, "都道府県コード": 31, "市区町村コード": 202, "所在地": "鳥取県米子市角盤町１－４２", "緯度": 35.430222, "経度": 133.334772, "url": "https://www.iryou.teikyouseido.mhlw.go.jp/znk-web/juminkanja/S2430/initialize?prefCd=31&kikanCd=P2020651&kikanKbn=5", "url2": "https://iwagaki04.wixsite.com/pharmacy", "内容": "薬局いわがき【5:薬局】鳥取県米子市角盤町１－４２" }, "geometry": { "type": "Point", "coordinates": [ 133.334772, 35.430222 ] } },
{ "type": "Feature", "properties": { "ID": "315P2020692", "正式名称": "ひだまり薬局", "機関区分": 5, "都道府県コード": 31, "市区町村コード": 202, "所在地": "鳥取県米子市安倍４０－３", "緯度": 35.445667, "経度": 133.306657, "url": "https://www.iryou.teikyouseido.mhlw.go.jp/znk-web/juminkanja/S2430/initialize?prefCd=31&kikanCd=P2020692&kikanKbn=5", "url2": "http://hidamari-p.jp/", "内容": "ひだまり薬局【5:薬局】鳥取県米子市安倍４０－３" }, "geometry": { "type": "Point", "coordinates": [ 133.306657, 35.445667 ] } },
{ "type": "Feature", "properties": { "ID": "315P2020698", "正式名称": "青空薬局", "機関区分": 5, "都道府県コード": 31, "市区町村コード": 202, "所在地": "鳥取県米子市道笑町四丁目１２２番地８", "緯度": 35.4249, "経度": 133.346796, "url": "https://www.iryou.teikyouseido.mhlw.go.jp/znk-web/juminkanja/S2430/initialize?prefCd=31&kikanCd=P2020698&kikanKbn=5", "url2": null, "内容": "青空薬局【5:薬局】鳥取県米子市道笑町四丁目１２２番地８" }, "geometry": { "type": "Point", "coordinates": [ 133.346796, 35.4249 ] } },
{ "type": "Feature", "properties": { "ID": "315P2020715", "正式名称": "みずとり薬局", "機関区分": 5, "都道府県コード": 31, "市区町村コード": 202, "所在地": "鳥取県米子市彦名町１４５７－１", "緯度": 35.446428, "経度": 133.292522, "url": "https://www.iryou.teikyouseido.mhlw.go.jp/znk-web/juminkanja/S2430/initialize?prefCd=31&kikanCd=P2020715&kikanKbn=5", "url2": null, "内容": "みずとり薬局【5:薬局】鳥取県米子市彦名町１４５７－１" }, "geometry": { "type": "Point", "coordinates": [ 133.292522, 35.446428 ] } },
{ "type": "Feature", "properties": { "ID": "315P2020721", "正式名称": "かも調剤薬局", "機関区分": 5, "都道府県コード": 31, "市区町村コード": 202, "所在地": "鳥取県米子市両三柳１８９０－２", "緯度": 35.456184, "経度": 133.319701, "url": "https://www.iryou.teikyouseido.mhlw.go.jp/znk-web/juminkanja/S2430/initialize?prefCd=31&kikanCd=P2020721&kikanKbn=5", "url2": "https://www.smile-hp.com/", "内容": "かも調剤薬局【5:薬局】鳥取県米子市両三柳１８９０－２" }, "geometry": { "type": "Point", "coordinates": [ 133.319701, 35.456184 ] } },
{ "type": "Feature", "properties": { "ID": "315P2020757", "正式名称": "あい調剤薬局", "機関区分": 5, "都道府県コード": 31, "市区町村コード": 202, "所在地": "鳥取県米子市上後藤２－３－６", "緯度": 35.443943, "経度": 133.32043, "url": "https://www.iryou.teikyouseido.mhlw.go.jp/znk-web/juminkanja/S2430/initialize?prefCd=31&kikanCd=P2020757&kikanKbn=5", "url2": "nagai-yakkyoku.com", "内容": "あい調剤薬局【5:薬局】鳥取県米子市上後藤２－３－６" }, "geometry": { "type": "Point", "coordinates": [ 133.32043, 35.443943 ] } },
{ "type": "Feature", "properties": { "ID": "315P2020758", "正式名称": "きらら薬局", "機関区分": 5, "都道府県コード": 31, "市区町村コード": 202, "所在地": "鳥取県米子市西福原", "緯度": 35.454263, "経度": 133.337995, "url": "https://www.iryou.teikyouseido.mhlw.go.jp/znk-web/juminkanja/S2430/initialize?prefCd=31&kikanCd=P2020758&kikanKbn=5", "url2": null, "内容": "きらら薬局【5:薬局】鳥取県米子市西福原" }, "geometry": { "type": "Point", "coordinates": [ 133.337995, 35.454263 ] } },
{ "type": "Feature", "properties": { "ID": "315P2020760", "正式名称": "すみれ薬局", "機関区分": 5, "都道府県コード": 31, "市区町村コード": 202, "所在地": "鳥取県米子市博労町３丁目８３－１", "緯度": 35.434406, "経度": 133.339161, "url": "https://www.iryou.teikyouseido.mhlw.go.jp/znk-web/juminkanja/S2430/initialize?prefCd=31&kikanCd=P2020760&kikanKbn=5", "url2": null, "内容": "すみれ薬局【5:薬局】鳥取県米子市博労町３丁目８３－１" }, "geometry": { "type": "Point", "coordinates": [ 133.339161, 35.434406 ] } },
{ "type": "Feature", "properties": { "ID": "315P2020784", "正式名称": "しらとり調剤薬局", "機関区分": 5, "都道府県コード": 31, "市区町村コード": 202, "所在地": "鳥取県米子市皆生新田１丁目９番１３号", "緯度": 35.450494, "経度": 133.365119, "url": "https://www.iryou.teikyouseido.mhlw.go.jp/znk-web/juminkanja/S2430/initialize?prefCd=31&kikanCd=P2020784&kikanKbn=5", "url2": "http://www.ssmile.co.jp", "内容": "しらとり調剤薬局【5:薬局】鳥取県米子市皆生新田１丁目９番１３号" }, "geometry": { "type": "Point", "coordinates": [ 133.365119, 35.450494 ] } },
{ "type": "Feature", "properties": { "ID": "315P2020789", "正式名称": "ながすな薬局", "機関区分": 5, "都道府県コード": 31, "市区町村コード": 202, "所在地": "鳥取県米子市長砂町５４番３", "緯度": 35.425712, "経度": 133.351547, "url": "https://www.iryou.teikyouseido.mhlw.go.jp/znk-web/juminkanja/S2430/initialize?prefCd=31&kikanCd=P2020789&kikanKbn=5", "url2": "https://www.pharmacy-yonago.com/", "内容": "ながすな薬局【5:薬局】鳥取県米子市長砂町５４番３" }, "geometry": { "type": "Point", "coordinates": [ 133.351547, 35.425712 ] } },
{ "type": "Feature", "properties": { "ID": "315P2020791", "正式名称": "リブ調剤薬局", "機関区分": 5, "都道府県コード": 31, "市区町村コード": 202, "所在地": "鳥取県米子市旗ヶ崎５－１６－１４", "緯度": 35.44434, "経度": 133.311634, "url": "https://www.iryou.teikyouseido.mhlw.go.jp/znk-web/juminkanja/S2430/initialize?prefCd=31&kikanCd=P2020791&kikanKbn=5", "url2": "https://ado-pharmacy.amebaownd.com/", "内容": "リブ調剤薬局【5:薬局】鳥取県米子市旗ヶ崎５－１６－１４" }, "geometry": { "type": "Point", "coordinates": [ 133.311634, 35.44434 ] } },
{ "type": "Feature", "properties": { "ID": "315P2020801", "正式名称": "ふくいち薬局", "機関区分": 5, "都道府県コード": 31, "市区町村コード": 202, "所在地": "鳥取県米子市福市８６２－１０", "緯度": 35.405345, "経度": 133.366296, "url": "https://www.iryou.teikyouseido.mhlw.go.jp/znk-web/juminkanja/S2430/initialize?prefCd=31&kikanCd=P2020801&kikanKbn=5", "url2": null, "内容": "ふくいち薬局【5:薬局】鳥取県米子市福市８６２－１０" }, "geometry": { "type": "Point", "coordinates": [ 133.366296, 35.405345 ] } },
{ "type": "Feature", "properties": { "ID": "315P2020815", "正式名称": "藤幸堂薬局", "機関区分": 5, "都道府県コード": 31, "市区町村コード": 202, "所在地": "鳥取県米子市安倍２００－１", "緯度": 35.440309, "経度": 133.30528, "url": "https://www.iryou.teikyouseido.mhlw.go.jp/znk-web/juminkanja/S2430/initialize?prefCd=31&kikanCd=P2020815&kikanKbn=5", "url2": null, "内容": "藤幸堂薬局【5:薬局】鳥取県米子市安倍２００－１" }, "geometry": { "type": "Point", "coordinates": [ 133.30528, 35.440309 ] } },
{ "type": "Feature", "properties": { "ID": "315P2020821", "正式名称": "淀江調剤薬局", "機関区分": 5, "都道府県コード": 31, "市区町村コード": 202, "所在地": "鳥取県米子市淀江町佐陀１４００", "緯度": 35.451398, "経度": 133.3957, "url": "https://www.iryou.teikyouseido.mhlw.go.jp/znk-web/juminkanja/S2430/initialize?prefCd=31&kikanCd=P2020821&kikanKbn=5", "url2": "https://www.taiyodou.com", "内容": "淀江調剤薬局【5:薬局】鳥取県米子市淀江町佐陀１４００" }, "geometry": { "type": "Point", "coordinates": [ 133.3957, 35.451398 ] } },
{ "type": "Feature", "properties": { "ID": "315P2020827", "正式名称": "すみよしファミリー薬局", "機関区分": 5, "都道府県コード": 31, "市区町村コード": 202, "所在地": "鳥取県米子市上後藤７丁目１ー５７", "緯度": 35.447765, "経度": 133.31428, "url": "https://www.iryou.teikyouseido.mhlw.go.jp/znk-web/juminkanja/S2430/initialize?prefCd=31&kikanCd=P2020827&kikanKbn=5", "url2": "https://www.ssmile.co.jp/", "内容": "すみよしファミリー薬局【5:薬局】鳥取県米子市上後藤７丁目１ー５７" }, "geometry": { "type": "Point", "coordinates": [ 133.31428, 35.447765 ] } },
{ "type": "Feature", "properties": { "ID": "315P2020831", "正式名称": "サニー薬局", "機関区分": 5, "都道府県コード": 31, "市区町村コード": 202, "所在地": "鳥取県米子市車尾南１－１５－４６", "緯度": 35.427306, "経度": 133.357053, "url": "https://www.iryou.teikyouseido.mhlw.go.jp/znk-web/juminkanja/S2430/initialize?prefCd=31&kikanCd=P2020831&kikanKbn=5", "url2": null, "内容": "サニー薬局【5:薬局】鳥取県米子市車尾南１－１５－４６" }, "geometry": { "type": "Point", "coordinates": [ 133.357053, 35.427306 ] } },
{ "type": "Feature", "properties": { "ID": "315P2020833", "正式名称": "だんだん調剤薬局", "機関区分": 5, "都道府県コード": 31, "市区町村コード": 202, "所在地": "鳥取県米子市両三柳４４８２－１２", "緯度": 35.461118, "経度": 133.317375, "url": "https://www.iryou.teikyouseido.mhlw.go.jp/znk-web/juminkanja/S2430/initialize?prefCd=31&kikanCd=P2020833&kikanKbn=5", "url2": null, "内容": "だんだん調剤薬局【5:薬局】鳥取県米子市両三柳４４８２－１２" }, "geometry": { "type": "Point", "coordinates": [ 133.317375, 35.461118 ] } },
{ "type": "Feature", "properties": { "ID": "315P2020835", "正式名称": "すずらん薬局", "機関区分": 5, "都道府県コード": 31, "市区町村コード": 202, "所在地": "鳥取県米子市道笑町４丁目２２２ー１", "緯度": 35.423547, "経度": 133.344119, "url": "https://www.iryou.teikyouseido.mhlw.go.jp/znk-web/juminkanja/S2430/initialize?prefCd=31&kikanCd=P2020835&kikanKbn=5", "url2": "https://www.suzuran-yakkyoku.com/", "内容": "すずらん薬局【5:薬局】鳥取県米子市道笑町４丁目２２２ー１" }, "geometry": { "type": "Point", "coordinates": [ 133.344119, 35.423547 ] } },
{ "type": "Feature", "properties": { "ID": "315P2020839", "正式名称": "桜調剤薬局", "機関区分": 5, "都道府県コード": 31, "市区町村コード": 202, "所在地": "鳥取県米子市西倉吉町６９番地", "緯度": 35.430552, "経度": 133.330201, "url": "https://www.iryou.teikyouseido.mhlw.go.jp/znk-web/juminkanja/S2430/initialize?prefCd=31&kikanCd=P2020839&kikanKbn=5", "url2": null, "内容": "桜調剤薬局【5:薬局】鳥取県米子市西倉吉町６９番地" }, "geometry": { "type": "Point", "coordinates": [ 133.330201, 35.430552 ] } },
{ "type": "Feature", "properties": { "ID": "315P2020845", "正式名称": "共創未来　ホスピタウン薬局", "機関区分": 5, "都道府県コード": 31, "市区町村コード": 202, "所在地": "鳥取県米子市河崎５７４－１", "緯度": 35.457572, "経度": 133.311756, "url": "https://www.iryou.teikyouseido.mhlw.go.jp/znk-web/juminkanja/S2430/initialize?prefCd=31&kikanCd=P2020845&kikanKbn=5", "url2": "https://www.phmirai.co.jp/shops/detail.php?id=353", "内容": "共創未来　ホスピタウン薬局【5:薬局】鳥取県米子市河崎５７４－１" }, "geometry": { "type": "Point", "coordinates": [ 133.311756, 35.457572 ] } },
{ "type": "Feature", "properties": { "ID": "315P2020856", "正式名称": "ウェルネス薬局角盤店", "機関区分": 5, "都道府県コード": 31, "市区町村コード": 202, "所在地": "鳥取県米子市角盤町３丁目８４番地", "緯度": 35.434982, "経度": 133.329871, "url": "https://www.iryou.teikyouseido.mhlw.go.jp/znk-web/juminkanja/S2430/initialize?prefCd=31&kikanCd=P2020856&kikanKbn=5", "url2": "https://shop.tsuruha-g.com/3010", "内容": "ウェルネス薬局角盤店【5:薬局】鳥取県米子市角盤町３丁目８４番地" }, "geometry": { "type": "Point", "coordinates": [ 133.329871, 35.434982 ] } },
{ "type": "Feature", "properties": { "ID": "315P2020857", "正式名称": "ウェルネス薬局両三柳店", "機関区分": 5, "都道府県コード": 31, "市区町村コード": 202, "所在地": "鳥取県米子市両三柳２１２６－２", "緯度": 35.4507, "経度": 133.33584, "url": "https://www.iryou.teikyouseido.mhlw.go.jp/znk-web/juminkanja/S2430/initialize?prefCd=31&kikanCd=P2020857&kikanKbn=5", "url2": "https://shop.tsuruha-g.com/3021", "内容": "ウェルネス薬局両三柳店【5:薬局】鳥取県米子市両三柳２１２６－２" }, "geometry": { "type": "Point", "coordinates": [ 133.33584, 35.4507 ] } },
{ "type": "Feature", "properties": { "ID": "315P2020858", "正式名称": "ウェルネス薬局東福原店", "機関区分": 5, "都道府県コード": 31, "市区町村コード": 202, "所在地": "鳥取県米子市東福原１ー６－１６", "緯度": 35.434869, "経度": 133.347795, "url": "https://www.iryou.teikyouseido.mhlw.go.jp/znk-web/juminkanja/S2430/initialize?prefCd=31&kikanCd=P2020858&kikanKbn=5", "url2": "https://shop.tsuruha-g.com/3013", "内容": "ウェルネス薬局東福原店【5:薬局】鳥取県米子市東福原１ー６－１６" }, "geometry": { "type": "Point", "coordinates": [ 133.347795, 35.434869 ] } },
{ "type": "Feature", "properties": { "ID": "315P2020862", "正式名称": "イヨウ薬局福市店", "機関区分": 5, "都道府県コード": 31, "市区町村コード": 202, "所在地": "鳥取県米子市福市１６６８－２", "緯度": 35.400358, "経度": 133.374052, "url": "https://www.iryou.teikyouseido.mhlw.go.jp/znk-web/juminkanja/S2430/initialize?prefCd=31&kikanCd=P2020862&kikanKbn=5", "url2": null, "内容": "イヨウ薬局福市店【5:薬局】鳥取県米子市福市１６６８－２" }, "geometry": { "type": "Point", "coordinates": [ 133.374052, 35.400358 ] } },
{ "type": "Feature", "properties": { "ID": "315P2020866", "正式名称": "共創未来　米子中町薬局", "機関区分": 5, "都道府県コード": 31, "市区町村コード": 202, "所在地": "鳥取県米子市中町８３", "緯度": 35.430563, "経度": 133.328041, "url": "https://www.iryou.teikyouseido.mhlw.go.jp/znk-web/juminkanja/S2430/initialize?prefCd=31&kikanCd=P2020866&kikanKbn=5", "url2": "https://phmirai.co.jp/store/463/", "内容": "共創未来　米子中町薬局【5:薬局】鳥取県米子市中町８３" }, "geometry": { "type": "Point", "coordinates": [ 133.328041, 35.430563 ] } },
{ "type": "Feature", "properties": { "ID": "315P2020873", "正式名称": "アール薬局　東福原店", "機関区分": 5, "都道府県コード": 31, "市区町村コード": 202, "所在地": "鳥取県米子市東福原６－５－６", "緯度": 35.445857, "経度": 133.345099, "url": "https://www.iryou.teikyouseido.mhlw.go.jp/znk-web/juminkanja/S2430/initialize?prefCd=31&kikanCd=P2020873&kikanKbn=5", "url2": "https://www.rpharmacy.jp/home", "内容": "アール薬局　東福原店【5:薬局】鳥取県米子市東福原６－５－６" }, "geometry": { "type": "Point", "coordinates": [ 133.345099, 35.445857 ] } },
{ "type": "Feature", "properties": { "ID": "315P2020876", "正式名称": "むらかみ薬局", "機関区分": 5, "都道府県コード": 31, "市区町村コード": 202, "所在地": "鳥取県米子市両三柳３０８", "緯度": 35.449126, "経度": 133.321562, "url": "https://www.iryou.teikyouseido.mhlw.go.jp/znk-web/juminkanja/S2430/initialize?prefCd=31&kikanCd=P2020876&kikanKbn=5", "url2": null, "内容": "むらかみ薬局【5:薬局】鳥取県米子市両三柳３０８" }, "geometry": { "type": "Point", "coordinates": [ 133.321562, 35.449126 ] } },
{ "type": "Feature", "properties": { "ID": "315P2020878", "正式名称": "大陽堂薬局新開店", "機関区分": 5, "都道府県コード": 31, "市区町村コード": 202, "所在地": "鳥取県米子市新開２丁目１３番５３号", "緯度": 35.454559, "経度": 133.350378, "url": "https://www.iryou.teikyouseido.mhlw.go.jp/znk-web/juminkanja/S2430/initialize?prefCd=31&kikanCd=P2020878&kikanKbn=5", "url2": "https://www.taiyodou.com/", "内容": "大陽堂薬局新開店【5:薬局】鳥取県米子市新開２丁目１３番５３号" }, "geometry": { "type": "Point", "coordinates": [ 133.350378, 35.454559 ] } },
{ "type": "Feature", "properties": { "ID": "315P2020883", "正式名称": "ウェルネス薬局淀江店", "機関区分": 5, "都道府県コード": 31, "市区町村コード": 202, "所在地": "鳥取県米子市淀江町西原１０２９－３", "緯度": 35.450987, "経度": 133.412942, "url": "https://www.iryou.teikyouseido.mhlw.go.jp/znk-web/juminkanja/S2430/initialize?prefCd=31&kikanCd=P2020883&kikanKbn=5", "url2": "https://www.wellness-web.co.jp/shop/?cm=v&id=1330", "内容": "ウェルネス薬局淀江店【5:薬局】鳥取県米子市淀江町西原１０２９－３" }, "geometry": { "type": "Point", "coordinates": [ 133.412942, 35.450987 ] } },
{ "type": "Feature", "properties": { "ID": "315P2020887", "正式名称": "ファーマシィ薬局くるみ", "機関区分": 5, "都道府県コード": 31, "市区町村コード": 202, "所在地": "鳥取県米子市道笑町４－１２２－１０", "緯度": 35.424768, "経度": 133.347248, "url": "https://www.iryou.teikyouseido.mhlw.go.jp/znk-web/juminkanja/S2430/initialize?prefCd=31&kikanCd=P2020887&kikanKbn=5", "url2": "https://www.pharmacy-net.co.jp", "内容": "ファーマシィ薬局くるみ【5:薬局】鳥取県米子市道笑町４－１２２－１０" }, "geometry": { "type": "Point", "coordinates": [ 133.347248, 35.424768 ] } },
{ "type": "Feature", "properties": { "ID": "315P2020895", "正式名称": "サフラン薬局", "機関区分": 5, "都道府県コード": 31, "市区町村コード": 202, "所在地": "鳥取県米子市東町２８２　ビル２階", "緯度": 35.425299, "経度": 133.331175, "url": "https://www.iryou.teikyouseido.mhlw.go.jp/znk-web/juminkanja/S2430/initialize?prefCd=31&kikanCd=P2020895&kikanKbn=5", "url2": null, "内容": "サフラン薬局【5:薬局】鳥取県米子市東町２８２　ビル２階" }, "geometry": { "type": "Point", "coordinates": [ 133.331175, 35.425299 ] } },
{ "type": "Feature", "properties": { "ID": "315P2020897", "正式名称": "クローバー薬局", "機関区分": 5, "都道府県コード": 31, "市区町村コード": 202, "所在地": "鳥取県米子市石井７００－１", "緯度": 35.403194, "経度": 133.343845, "url": "https://www.iryou.teikyouseido.mhlw.go.jp/znk-web/juminkanja/S2430/initialize?prefCd=31&kikanCd=P2020897&kikanKbn=5", "url2": "https://share.google/P6R5qxxeZc0n661BL", "内容": "クローバー薬局【5:薬局】鳥取県米子市石井７００－１" }, "geometry": { "type": "Point", "coordinates": [ 133.343845, 35.403194 ] } },
{ "type": "Feature", "properties": { "ID": "315P2020898", "正式名称": "はまなす薬局", "機関区分": 5, "都道府県コード": 31, "市区町村コード": 202, "所在地": "鳥取県米子市富益町１１３０", "緯度": 35.472746, "経度": 133.291843, "url": "https://www.iryou.teikyouseido.mhlw.go.jp/znk-web/juminkanja/S2430/initialize?prefCd=31&kikanCd=P2020898&kikanKbn=5", "url2": "https://www.kusurinomadoguchi.com/tottori/s78267", "内容": "はまなす薬局【5:薬局】鳥取県米子市富益町１１３０" }, "geometry": { "type": "Point", "coordinates": [ 133.291843, 35.472746 ] } },
{ "type": "Feature", "properties": { "ID": "315P2020899", "正式名称": "ぎほう薬局", "機関区分": 5, "都道府県コード": 31, "市区町村コード": 202, "所在地": "鳥取県米子市角盤町４丁目２９－１", "緯度": 35.436508, "経度": 133.328308, "url": "https://www.iryou.teikyouseido.mhlw.go.jp/znk-web/juminkanja/S2430/initialize?prefCd=31&kikanCd=P2020899&kikanKbn=5", "url2": "https://www.flowerpharmacy.jp/store", "内容": "ぎほう薬局【5:薬局】鳥取県米子市角盤町４丁目２９－１" }, "geometry": { "type": "Point", "coordinates": [ 133.328308, 35.436508 ] } },
{ "type": "Feature", "properties": { "ID": "315P2020906", "正式名称": "ローリエ薬局安倍店", "機関区分": 5, "都道府県コード": 31, "市区町村コード": 202, "所在地": "鳥取県米子市安倍５２６－３", "緯度": 35.446828, "経度": 133.304317, "url": "https://www.iryou.teikyouseido.mhlw.go.jp/znk-web/juminkanja/S2430/initialize?prefCd=31&kikanCd=P2020906&kikanKbn=5", "url2": "https://your-pharma-k.amebaownd.com/", "内容": "ローリエ薬局安倍店【5:薬局】鳥取県米子市安倍５２６－３" }, "geometry": { "type": "Point", "coordinates": [ 133.304317, 35.446828 ] } },
{ "type": "Feature", "properties": { "ID": "315P2020907", "正式名称": "クオール薬局皆生温泉店", "機関区分": 5, "都道府県コード": 31, "市区町村コード": 202, "所在地": "鳥取県米子市皆生温泉１－１２－２２", "緯度": 35.456479, "経度": 133.357881, "url": "https://www.iryou.teikyouseido.mhlw.go.jp/znk-web/juminkanja/S2430/initialize?prefCd=31&kikanCd=P2020907&kikanKbn=5", "url2": "https://www.qol-net.co.jp/", "内容": "クオール薬局皆生温泉店【5:薬局】鳥取県米子市皆生温泉１－１２－２２" }, "geometry": { "type": "Point", "coordinates": [ 133.357881, 35.456479 ] } },
{ "type": "Feature", "properties": { "ID": "315P2020909", "正式名称": "五千石調剤薬局", "機関区分": 5, "都道府県コード": 31, "市区町村コード": 202, "所在地": "鳥取県米子市八幡７０３－１６", "緯度": 35.397428, "経度": 133.37905, "url": "https://www.iryou.teikyouseido.mhlw.go.jp/znk-web/juminkanja/S2430/initialize?prefCd=31&kikanCd=P2020909&kikanKbn=5", "url2": null, "内容": "五千石調剤薬局【5:薬局】鳥取県米子市八幡７０３－１６" }, "geometry": { "type": "Point", "coordinates": [ 133.37905, 35.397428 ] } },
{ "type": "Feature", "properties": { "ID": "315P2020911", "正式名称": "ファーマシィ薬局西福原", "機関区分": 5, "都道府県コード": 31, "市区町村コード": 202, "所在地": "鳥取県米子市西福原４丁目９番５０号", "緯度": 35.444581, "経度": 133.340762, "url": "https://www.iryou.teikyouseido.mhlw.go.jp/znk-web/juminkanja/S2430/initialize?prefCd=31&kikanCd=P2020911&kikanKbn=5", "url2": "https://www.pharmacy-net.co.jp", "内容": "ファーマシィ薬局西福原【5:薬局】鳥取県米子市西福原４丁目９番５０号" }, "geometry": { "type": "Point", "coordinates": [ 133.340762, 35.444581 ] } },
{ "type": "Feature", "properties": { "ID": "315P2020913", "正式名称": "福生薬局", "機関区分": 5, "都道府県コード": 31, "市区町村コード": 202, "所在地": "鳥取県米子市皆生三丁目６番１号", "緯度": 35.446252, "経度": 133.361651, "url": "https://www.iryou.teikyouseido.mhlw.go.jp/znk-web/juminkanja/S2430/initialize?prefCd=31&kikanCd=P2020913&kikanKbn=5", "url2": "https://www.fukuik.com/", "内容": "福生薬局【5:薬局】鳥取県米子市皆生三丁目６番１号" }, "geometry": { "type": "Point", "coordinates": [ 133.361651, 35.446252 ] } },
{ "type": "Feature", "properties": { "ID": "315P2020915", "正式名称": "ウェルネス薬局　米原６丁目店", "機関区分": 5, "都道府県コード": 31, "市区町村コード": 202, "所在地": "鳥取県米子市米原６丁目６番６号", "緯度": 35.442963, "経度": 133.335274, "url": "https://www.iryou.teikyouseido.mhlw.go.jp/znk-web/juminkanja/S2430/initialize?prefCd=31&kikanCd=P2020915&kikanKbn=5", "url2": "https://www.wellness-web.co.jp", "内容": "ウェルネス薬局　米原６丁目店【5:薬局】鳥取県米子市米原６丁目６番６号" }, "geometry": { "type": "Point", "coordinates": [ 133.335274, 35.442963 ] } },
{ "type": "Feature", "properties": { "ID": "315P2020916", "正式名称": "遠藤全快堂薬局", "機関区分": 5, "都道府県コード": 31, "市区町村コード": 202, "所在地": "鳥取県米子市日野町１６５", "緯度": 35.425426, "経度": 133.333483, "url": "https://www.iryou.teikyouseido.mhlw.go.jp/znk-web/juminkanja/S2430/initialize?prefCd=31&kikanCd=P2020916&kikanKbn=5", "url2": "https://zenkaido.net", "内容": "遠藤全快堂薬局【5:薬局】鳥取県米子市日野町１６５" }, "geometry": { "type": "Point", "coordinates": [ 133.333483, 35.425426 ] } },
{ "type": "Feature", "properties": { "ID": "315P2020917", "正式名称": "長谷川薬局", "機関区分": 5, "都道府県コード": 31, "市区町村コード": 202, "所在地": "鳥取県米子市夜見町３０２３－２９", "緯度": 35.47034, "経度": 133.296948, "url": "https://www.iryou.teikyouseido.mhlw.go.jp/znk-web/juminkanja/S2430/initialize?prefCd=31&kikanCd=P2020917&kikanKbn=5", "url2": "https://plover-pharmacy.com/", "内容": "長谷川薬局【5:薬局】鳥取県米子市夜見町３０２３－２９" }, "geometry": { "type": "Point", "coordinates": [ 133.296948, 35.47034 ] } },
{ "type": "Feature", "properties": { "ID": "315P2020918", "正式名称": "大崎薬局", "機関区分": 5, "都道府県コード": 31, "市区町村コード": 202, "所在地": "鳥取県米子市大崎１２４２", "緯度": 35.47228, "経度": 133.2581, "url": "https://www.iryou.teikyouseido.mhlw.go.jp/znk-web/juminkanja/S2430/initialize?prefCd=31&kikanCd=P2020918&kikanKbn=5", "url2": "https://plover-pharmacy.com/", "内容": "大崎薬局【5:薬局】鳥取県米子市大崎１２４２" }, "geometry": { "type": "Point", "coordinates": [ 133.2581, 35.47228 ] } },
{ "type": "Feature", "properties": { "ID": "315P2020920", "正式名称": "オレンジ薬局", "機関区分": 5, "都道府県コード": 31, "市区町村コード": 202, "所在地": "鳥取県米子市福市１７２３－９", "緯度": 35.39893, "経度": 133.375221, "url": "https://www.iryou.teikyouseido.mhlw.go.jp/znk-web/juminkanja/S2430/initialize?prefCd=31&kikanCd=P2020920&kikanKbn=5", "url2": "https://www.ssmile.co.jp", "内容": "オレンジ薬局【5:薬局】鳥取県米子市福市１７２３－９" }, "geometry": { "type": "Point", "coordinates": [ 133.375221, 35.39893 ] } },
{ "type": "Feature", "properties": { "ID": "315P2020928", "正式名称": "ウエルシア薬局米子東福原店", "機関区分": 5, "都道府県コード": 31, "市区町村コード": 202, "所在地": "鳥取県米子市東福原６－１２－３９", "緯度": 35.446212, "経度": 133.350209, "url": "https://www.iryou.teikyouseido.mhlw.go.jp/znk-web/juminkanja/S2430/initialize?prefCd=31&kikanCd=P2020928&kikanKbn=5", "url2": "https://store.welcia.co.jp/welcia/spot/detail?code=6771D", "内容": "ウエルシア薬局米子東福原店【5:薬局】鳥取県米子市東福原６－１２－３９" }, "geometry": { "type": "Point", "coordinates": [ 133.350209, 35.446212 ] } },
{ "type": "Feature", "properties": { "ID": "315P2020932", "正式名称": "西部薬局", "機関区分": 5, "都道府県コード": 31, "市区町村コード": 202, "所在地": "鳥取県米子市車尾４丁目１３ー２４", "緯度": 35.434889, "経度": 133.361086, "url": "https://www.iryou.teikyouseido.mhlw.go.jp/znk-web/juminkanja/S2430/initialize?prefCd=31&kikanCd=P2020932&kikanKbn=5", "url2": "https://ado-pharmacy.amebaownd.com/", "内容": "西部薬局【5:薬局】鳥取県米子市車尾４丁目１３ー２４" }, "geometry": { "type": "Point", "coordinates": [ 133.361086, 35.434889 ] } },
{ "type": "Feature", "properties": { "ID": "315P2020936", "正式名称": "ケアタウン薬局", "機関区分": 5, "都道府県コード": 31, "市区町村コード": 202, "所在地": "鳥取県米子市奥谷１１３５－１", "緯度": 35.407169, "経度": 133.348606, "url": "https://www.iryou.teikyouseido.mhlw.go.jp/znk-web/juminkanja/S2430/initialize?prefCd=31&kikanCd=P2020936&kikanKbn=5", "url2": "https://harmes-yonago.com/caretown/", "内容": "ケアタウン薬局【5:薬局】鳥取県米子市奥谷１１３５－１" }, "geometry": { "type": "Point", "coordinates": [ 133.348606, 35.407169 ] } },
{ "type": "Feature", "properties": { "ID": "315P2020937", "正式名称": "かみふくばら薬局", "機関区分": 5, "都道府県コード": 31, "市区町村コード": 202, "所在地": "鳥取県米子市上福原２丁目１７－１６", "緯度": 35.446104, "経度": 133.359012, "url": "https://www.iryou.teikyouseido.mhlw.go.jp/znk-web/juminkanja/S2430/initialize?prefCd=31&kikanCd=P2020937&kikanKbn=5", "url2": null, "内容": "かみふくばら薬局【5:薬局】鳥取県米子市上福原２丁目１７－１６" }, "geometry": { "type": "Point", "coordinates": [ 133.359012, 35.446104 ] } },
{ "type": "Feature", "properties": { "ID": "315P2020939", "正式名称": "後藤ヶ丘薬局", "機関区分": 5, "都道府県コード": 31, "市区町村コード": 202, "所在地": "鳥取県米子市上後藤１丁目８ー２８", "緯度": 35.442542, "経度": 133.321147, "url": "https://www.iryou.teikyouseido.mhlw.go.jp/znk-web/juminkanja/S2430/initialize?prefCd=31&kikanCd=P2020939&kikanKbn=5", "url2": "https://gotogaoka.com", "内容": "後藤ヶ丘薬局【5:薬局】鳥取県米子市上後藤１丁目８ー２８" }, "geometry": { "type": "Point", "coordinates": [ 133.321147, 35.442542 ] } },
{ "type": "Feature", "properties": { "ID": "315P2020940", "正式名称": "日本調剤　博愛前薬局", "機関区分": 5, "都道府県コード": 31, "市区町村コード": 202, "所在地": "鳥取県米子市両三柳１８８０", "緯度": 35.455581, "経度": 133.319232, "url": "https://www.iryou.teikyouseido.mhlw.go.jp/znk-web/juminkanja/S2430/initialize?prefCd=31&kikanCd=P2020940&kikanKbn=5", "url2": "https://www.nicho.co.jp/tenpo/hakuaimae/", "内容": "日本調剤　博愛前薬局【5:薬局】鳥取県米子市両三柳１８８０" }, "geometry": { "type": "Point", "coordinates": [ 133.319232, 35.455581 ] } },
{ "type": "Feature", "properties": { "ID": "315P2020941", "正式名称": "ウェルネス薬局皆生店", "機関区分": 5, "都道府県コード": 31, "市区町村コード": 202, "所在地": "鳥取県米子市皆生新田３丁目１番１", "緯度": 35.452803, "経度": 133.367174, "url": "https://www.iryou.teikyouseido.mhlw.go.jp/znk-web/juminkanja/S2430/initialize?prefCd=31&kikanCd=P2020941&kikanKbn=5", "url2": "https://shop.tsuruha-g.com/3893", "内容": "ウェルネス薬局皆生店【5:薬局】鳥取県米子市皆生新田３丁目１番１" }, "geometry": { "type": "Point", "coordinates": [ 133.367174, 35.452803 ] } },
{ "type": "Feature", "properties": { "ID": "315P2020943", "正式名称": "ローリエ薬局角盤店", "機関区分": 5, "都道府県コード": 31, "市区町村コード": 202, "所在地": "鳥取県米子市角盤町４丁目９９", "緯度": 35.438142, "経度": 133.327266, "url": "https://www.iryou.teikyouseido.mhlw.go.jp/znk-web/juminkanja/S2430/initialize?prefCd=31&kikanCd=P2020943&kikanKbn=5", "url2": "https://your-pharma-k.amebaownd.com/", "内容": "ローリエ薬局角盤店【5:薬局】鳥取県米子市角盤町４丁目９９" }, "geometry": { "type": "Point", "coordinates": [ 133.327266, 35.438142 ] } },
{ "type": "Feature", "properties": { "ID": "315P2020944", "正式名称": "キンタカファーマシー", "機関区分": 5, "都道府県コード": 31, "市区町村コード": 202, "所在地": "鳥取県米子市上福原５８２ー１", "緯度": 35.442594, "経度": 133.359607, "url": "https://www.iryou.teikyouseido.mhlw.go.jp/znk-web/juminkanja/S2430/initialize?prefCd=31&kikanCd=P2020944&kikanKbn=5", "url2": "https://kintaka.co.jp/", "内容": "キンタカファーマシー【5:薬局】鳥取県米子市上福原５８２ー１" }, "geometry": { "type": "Point", "coordinates": [ 133.359607, 35.442594 ] } },
{ "type": "Feature", "properties": { "ID": "315P2020945", "正式名称": "日本調剤とりだい薬局", "機関区分": 5, "都道府県コード": 31, "市区町村コード": 202, "所在地": "鳥取県米子市西町３６ー１", "緯度": 35.42891, "経度": 133.32698, "url": "https://www.iryou.teikyouseido.mhlw.go.jp/znk-web/juminkanja/S2430/initialize?prefCd=31&kikanCd=P2020945&kikanKbn=5", "url2": "https://www.nicho.co.jp/tenpo/toridai/", "内容": "日本調剤とりだい薬局【5:薬局】鳥取県米子市西町３６ー１" }, "geometry": { "type": "Point", "coordinates": [ 133.32698, 35.42891 ] } },
{ "type": "Feature", "properties": { "ID": "315P2020950", "正式名称": "平安堂ふくよね薬局", "機関区分": 5, "都道府県コード": 31, "市区町村コード": 202, "所在地": "鳥取県米子市東福原７－１０－１", "緯度": 35.449153, "経度": 133.350993, "url": "https://www.iryou.teikyouseido.mhlw.go.jp/znk-web/juminkanja/S2430/initialize?prefCd=31&kikanCd=P2020950&kikanKbn=5", "url2": "http:heiandoyakkyoku,co.jp", "内容": "平安堂ふくよね薬局【5:薬局】鳥取県米子市東福原７－１０－１" }, "geometry": { "type": "Point", "coordinates": [ 133.350993, 35.449153 ] } },
{ "type": "Feature", "properties": { "ID": "315P2020974", "正式名称": "ほしぞら薬局", "機関区分": 5, "都道府県コード": 31, "市区町村コード": 202, "所在地": "鳥取県米子市安倍３４７－２", "緯度": 35.441128, "経度": 133.302393, "url": "https://www.iryou.teikyouseido.mhlw.go.jp/znk-web/juminkanja/S2430/initialize?prefCd=31&kikanCd=P2020974&kikanKbn=5", "url2": "https://www.hoshizora-pharmacy.jp/", "内容": "ほしぞら薬局【5:薬局】鳥取県米子市安倍３４７－２" }, "geometry": { "type": "Point", "coordinates": [ 133.302393, 35.441128 ] } },
{ "type": "Feature", "properties": { "ID": "315P2020976", "正式名称": "ファーマシィ薬局米子センター", "機関区分": 5, "都道府県コード": 31, "市区町村コード": 202, "所在地": "鳥取県米子市車尾４－１４－１５", "緯度": 35.434877, "経度": 133.361425, "url": "https://www.iryou.teikyouseido.mhlw.go.jp/znk-web/juminkanja/S2430/initialize?prefCd=31&kikanCd=P2020976&kikanKbn=5", "url2": "https://www.pharmacy-net.co.jp", "内容": "ファーマシィ薬局米子センター【5:薬局】鳥取県米子市車尾４－１４－１５" }, "geometry": { "type": "Point", "coordinates": [ 133.361425, 35.434877 ] } },
{ "type": "Feature", "properties": { "ID": "315P2020977", "正式名称": "四日市薬局", "機関区分": 5, "都道府県コード": 31, "市区町村コード": 202, "所在地": "鳥取県米子市四日市町５０番２", "緯度": 35.428948, "経度": 133.332097, "url": "https://www.iryou.teikyouseido.mhlw.go.jp/znk-web/juminkanja/S2430/initialize?prefCd=31&kikanCd=P2020977&kikanKbn=5", "url2": "http://www.zaitak.jp/", "内容": "四日市薬局【5:薬局】鳥取県米子市四日市町５０番２" }, "geometry": { "type": "Point", "coordinates": [ 133.332097, 35.428948 ] } },
{ "type": "Feature", "properties": { "ID": "315P2020978", "正式名称": "米子ほんどおり薬局", "機関区分": 5, "都道府県コード": 31, "市区町村コード": 202, "所在地": "鳥取県米子市紺屋町５８－２", "緯度": 35.428798, "経度": 133.333021, "url": "https://www.iryou.teikyouseido.mhlw.go.jp/znk-web/juminkanja/S2430/initialize?prefCd=31&kikanCd=P2020978&kikanKbn=5", "url2": null, "内容": "米子ほんどおり薬局【5:薬局】鳥取県米子市紺屋町５８－２" }, "geometry": { "type": "Point", "coordinates": [ 133.333021, 35.428798 ] } },
{ "type": "Feature", "properties": { "ID": "315P2020979", "正式名称": "しんまち薬局", "機関区分": 5, "都道府県コード": 31, "市区町村コード": 202, "所在地": "鳥取県米子市西福原二丁目１－１０", "緯度": 35.440583, "経度": 133.341083, "url": "https://www.iryou.teikyouseido.mhlw.go.jp/znk-web/juminkanja/S2430/initialize?prefCd=31&kikanCd=P2020979&kikanKbn=5", "url2": "https://kintaka.co.jp/", "内容": "しんまち薬局【5:薬局】鳥取県米子市西福原二丁目１－１０" }, "geometry": { "type": "Point", "coordinates": [ 133.341083, 35.440583 ] } },
{ "type": "Feature", "properties": { "ID": "315P2020981", "正式名称": "桔梗堂薬局", "機関区分": 5, "都道府県コード": 31, "市区町村コード": 202, "所在地": "鳥取県米子市東福原３－８－１", "緯度": 35.440919, "経度": 133.346375, "url": "https://www.iryou.teikyouseido.mhlw.go.jp/znk-web/juminkanja/S2430/initialize?prefCd=31&kikanCd=P2020981&kikanKbn=5", "url2": null, "内容": "桔梗堂薬局【5:薬局】鳥取県米子市東福原３－８－１" }, "geometry": { "type": "Point", "coordinates": [ 133.346375, 35.440919 ] } },
{ "type": "Feature", "properties": { "ID": "315P2020984", "正式名称": "ウェルネス薬局米原店", "機関区分": 5, "都道府県コード": 31, "市区町村コード": 202, "所在地": "鳥取県米子市米原５丁目１１－２９", "緯度": 35.446209, "経度": 133.327279, "url": "https://www.iryou.teikyouseido.mhlw.go.jp/znk-web/juminkanja/S2430/initialize?prefCd=31&kikanCd=P2020984&kikanKbn=5", "url2": "https://shop.tsuruha-g.com/3950", "内容": "ウェルネス薬局米原店【5:薬局】鳥取県米子市米原５丁目１１－２９" }, "geometry": { "type": "Point", "coordinates": [ 133.327279, 35.446209 ] } },
{ "type": "Feature", "properties": { "ID": "315P2020987", "正式名称": "ほしぞら薬局　皆生通り店", "機関区分": 5, "都道府県コード": 31, "市区町村コード": 202, "所在地": "鳥取県米子市東福原６－１－２", "緯度": 35.444614, "経度": 133.348208, "url": "https://www.iryou.teikyouseido.mhlw.go.jp/znk-web/juminkanja/S2430/initialize?prefCd=31&kikanCd=P2020987&kikanKbn=5", "url2": null, "内容": "ほしぞら薬局　皆生通り店【5:薬局】鳥取県米子市東福原６－１－２" }, "geometry": { "type": "Point", "coordinates": [ 133.348208, 35.444614 ] } },
{ "type": "Feature", "properties": { "ID": "315P2020991", "正式名称": "なべや薬局上福原店", "機関区分": 5, "都道府県コード": 31, "市区町村コード": 202, "所在地": "鳥取県米子市上福原５－５－４０", "緯度": 35.449481, "経度": 133.354642, "url": "https://www.iryou.teikyouseido.mhlw.go.jp/znk-web/juminkanja/S2430/initialize?prefCd=31&kikanCd=P2020991&kikanKbn=5", "url2": null, "内容": "なべや薬局上福原店【5:薬局】鳥取県米子市上福原５－５－４０" }, "geometry": { "type": "Point", "coordinates": [ 133.354642, 35.449481 ] } },
{ "type": "Feature", "properties": { "ID": "315P2020992", "正式名称": "尾高薬局", "機関区分": 5, "都道府県コード": 31, "市区町村コード": 202, "所在地": "鳥取県米子市尾高９０４ー７", "緯度": 35.418895, "経度": 133.411049, "url": "https://www.iryou.teikyouseido.mhlw.go.jp/znk-web/juminkanja/S2430/initialize?prefCd=31&kikanCd=P2020992&kikanKbn=5", "url2": "https://doi-yonago.jp/", "内容": "尾高薬局【5:薬局】鳥取県米子市尾高９０４ー７" }, "geometry": { "type": "Point", "coordinates": [ 133.411049, 35.418895 ] } },
{ "type": "Feature", "properties": { "ID": "315P2020993", "正式名称": "ゆのはな薬局", "機関区分": 5, "都道府県コード": 31, "市区町村コード": 202, "所在地": "鳥取県米子市皆生新田３丁目５－１９", "緯度": 35.4553, "経度": 133.36775, "url": "https://www.iryou.teikyouseido.mhlw.go.jp/znk-web/juminkanja/S2430/initialize?prefCd=31&kikanCd=P2020993&kikanKbn=5", "url2": null, "内容": "ゆのはな薬局【5:薬局】鳥取県米子市皆生新田３丁目５－１９" }, "geometry": { "type": "Point", "coordinates": [ 133.36775, 35.4553 ] } },
{ "type": "Feature", "properties": { "ID": "315P2020995", "正式名称": "かわしま薬局", "機関区分": 5, "都道府県コード": 31, "市区町村コード": 202, "所在地": "鳥取県米子市日原６１−２", "緯度": 35.410434, "経度": 133.358541, "url": "https://www.iryou.teikyouseido.mhlw.go.jp/znk-web/juminkanja/S2430/initialize?prefCd=31&kikanCd=P2020995&kikanKbn=5", "url2": "https://www.kawashima-ph.com", "内容": "かわしま薬局【5:薬局】鳥取県米子市日原６１−２" }, "geometry": { "type": "Point", "coordinates": [ 133.358541, 35.410434 ] } },
{ "type": "Feature", "properties": { "ID": "315P2020996", "正式名称": "かくばんちょう薬局", "機関区分": 5, "都道府県コード": 31, "市区町村コード": 202, "所在地": "鳥取県米子市角盤町３丁目１３１", "緯度": 35.436205, "経度": 133.329183, "url": "https://www.iryou.teikyouseido.mhlw.go.jp/znk-web/juminkanja/S2430/initialize?prefCd=31&kikanCd=P2020996&kikanKbn=5", "url2": "www.flowerpharmacy.jp", "内容": "かくばんちょう薬局【5:薬局】鳥取県米子市角盤町３丁目１３１" }, "geometry": { "type": "Point", "coordinates": [ 133.329183, 35.436205 ] } },
{ "type": "Feature", "properties": { "ID": "315P2020999", "正式名称": "みどり薬局", "機関区分": 5, "都道府県コード": 31, "市区町村コード": 202, "所在地": "鳥取県米子市両三柳３２８８‐５", "緯度": 35.456169, "経度": 133.318494, "url": "https://www.iryou.teikyouseido.mhlw.go.jp/znk-web/juminkanja/S2430/initialize?prefCd=31&kikanCd=P2020999&kikanKbn=5", "url2": "https://e-bond.info/withs/", "内容": "みどり薬局【5:薬局】鳥取県米子市両三柳３２８８‐５" }, "geometry": { "type": "Point", "coordinates": [ 133.318494, 35.456169 ] } },
{ "type": "Feature", "properties": { "ID": "315P2021003", "正式名称": "オリーブ薬局", "機関区分": 5, "都道府県コード": 31, "市区町村コード": 202, "所在地": "鳥取県米子市車尾南１丁目８番２７号", "緯度": 35.428781, "経度": 133.36086, "url": "https://www.iryou.teikyouseido.mhlw.go.jp/znk-web/juminkanja/S2430/initialize?prefCd=31&kikanCd=P2021003&kikanKbn=5", "url2": null, "内容": "オリーブ薬局【5:薬局】鳥取県米子市車尾南１丁目８番２７号" }, "geometry": { "type": "Point", "coordinates": [ 133.36086, 35.428781 ] } },
{ "type": "Feature", "properties": { "ID": "315P2021005", "正式名称": "ちどり薬局", "機関区分": 5, "都道府県コード": 31, "市区町村コード": 202, "所在地": "鳥取県米子市加茂町１丁目１９番", "緯度": 35.429493, "経度": 133.32923, "url": "https://www.iryou.teikyouseido.mhlw.go.jp/znk-web/juminkanja/S2430/initialize?prefCd=31&kikanCd=P2021005&kikanKbn=5", "url2": "http//www.ssmile.co.jp/", "内容": "ちどり薬局【5:薬局】鳥取県米子市加茂町１丁目１９番" }, "geometry": { "type": "Point", "coordinates": [ 133.32923, 35.429493 ] } },
{ "type": "Feature", "properties": { "ID": "315P2021006", "正式名称": "サンライフ薬局", "機関区分": 5, "都道府県コード": 31, "市区町村コード": 202, "所在地": "鳥取県米子市東福原５ー４ー６", "緯度": 35.43799, "経度": 133.33998, "url": "https://www.iryou.teikyouseido.mhlw.go.jp/znk-web/juminkanja/S2430/initialize?prefCd=31&kikanCd=P2021006&kikanKbn=5", "url2": null, "内容": "サンライフ薬局【5:薬局】鳥取県米子市東福原５ー４ー６" }, "geometry": { "type": "Point", "coordinates": [ 133.33998, 35.43799 ] } },
{ "type": "Feature", "properties": { "ID": "315P2021007", "正式名称": "かりん薬局", "機関区分": 5, "都道府県コード": 31, "市区町村コード": 202, "所在地": "鳥取県米子市淀江町今津１４８－６", "緯度": 35.46465, "経度": 133.430239, "url": "https://www.iryou.teikyouseido.mhlw.go.jp/znk-web/juminkanja/S2430/initialize?prefCd=31&kikanCd=P2021007&kikanKbn=5", "url2": null, "内容": "かりん薬局【5:薬局】鳥取県米子市淀江町今津１４８－６" }, "geometry": { "type": "Point", "coordinates": [ 133.430239, 35.46465 ] } },
{ "type": "Feature", "properties": { "ID": "315P2021026", "正式名称": "アイ・プラス薬局博労町店", "機関区分": 5, "都道府県コード": 31, "市区町村コード": 202, "所在地": "鳥取県米子市博労町４丁目３５６－３", "緯度": 35.436597, "経度": 133.338506, "url": "https://www.iryou.teikyouseido.mhlw.go.jp/znk-web/juminkanja/S2430/initialize?prefCd=31&kikanCd=P2021026&kikanKbn=5", "url2": null, "内容": "アイ・プラス薬局博労町店【5:薬局】鳥取県米子市博労町４丁目３５６－３" }, "geometry": { "type": "Point", "coordinates": [ 133.338506, 35.436597 ] } },
{ "type": "Feature", "properties": { "ID": "315P2030423", "正式名称": "加藤調剤薬局一本木店", "機関区分": 5, "都道府県コード": 31, "市区町村コード": 203, "所在地": "鳥取県倉吉市山根６３７－５", "緯度": 35.446956, "経度": 133.846972, "url": "https://www.iryou.teikyouseido.mhlw.go.jp/znk-web/juminkanja/S2430/initialize?prefCd=31&kikanCd=P2030423&kikanKbn=5", "url2": "http://K-pharmacy.jp", "内容": "加藤調剤薬局一本木店【5:薬局】鳥取県倉吉市山根６３７－５" }, "geometry": { "type": "Point", "coordinates": [ 133.846972, 35.446956 ] } },
{ "type": "Feature", "properties": { "ID": "315P2030445", "正式名称": "小鴨薬局昭和店", "機関区分": 5, "都道府県コード": 31, "市区町村コード": 203, "所在地": "鳥取県倉吉市昭和町２丁目１", "緯度": 35.435851, "経度": 133.839154, "url": "https://www.iryou.teikyouseido.mhlw.go.jp/znk-web/juminkanja/S2430/initialize?prefCd=31&kikanCd=P2030445&kikanKbn=5", "url2": null, "内容": "小鴨薬局昭和店【5:薬局】鳥取県倉吉市昭和町２丁目１" }, "geometry": { "type": "Point", "coordinates": [ 133.839154, 35.435851 ] } },
{ "type": "Feature", "properties": { "ID": "315P2030494", "正式名称": "北斗調剤薬局", "機関区分": 5, "都道府県コード": 31, "市区町村コード": 203, "所在地": "鳥取県倉吉市新町", "緯度": 35.433483, "経度": 133.821032, "url": "https://www.iryou.teikyouseido.mhlw.go.jp/znk-web/juminkanja/S2430/initialize?prefCd=31&kikanCd=P2030494&kikanKbn=5", "url2": null, "内容": "北斗調剤薬局【5:薬局】鳥取県倉吉市新町" }, "geometry": { "type": "Point", "coordinates": [ 133.821032, 35.433483 ] } },
{ "type": "Feature", "properties": { "ID": "315P2030548", "正式名称": "小林薬局マロニエ店", "機関区分": 5, "都道府県コード": 31, "市区町村コード": 203, "所在地": "鳥取県倉吉市昭和町１−２５−１", "緯度": 35.434229, "経度": 133.837033, "url": "https://www.iryou.teikyouseido.mhlw.go.jp/znk-web/juminkanja/S2430/initialize?prefCd=31&kikanCd=P2030548&kikanKbn=5", "url2": "https://kobayashipharmacy.jimdo.com/", "内容": "小林薬局マロニエ店【5:薬局】鳥取県倉吉市昭和町１−２５−１" }, "geometry": { "type": "Point", "coordinates": [ 133.837033, 35.434229 ] } },
{ "type": "Feature", "properties": { "ID": "315P2030553", "正式名称": "有限会社セイビ堂薬局", "機関区分": 5, "都道府県コード": 31, "市区町村コード": 203, "所在地": "鳥取県倉吉市宮川町１２９グランフォルム倉吉", "緯度": 35.433117, "経度": 133.833094, "url": "https://www.iryou.teikyouseido.mhlw.go.jp/znk-web/juminkanja/S2430/initialize?prefCd=31&kikanCd=P2030553&kikanKbn=5", "url2": null, "内容": "有限会社セイビ堂薬局【5:薬局】鳥取県倉吉市宮川町１２９グランフォルム倉吉" }, "geometry": { "type": "Point", "coordinates": [ 133.833094, 35.433117 ] } },
{ "type": "Feature", "properties": { "ID": "315P2030563", "正式名称": "ひかり調剤薬局", "機関区分": 5, "都道府県コード": 31, "市区町村コード": 203, "所在地": "鳥取県倉吉市東巌城町５６番地", "緯度": 35.436244, "経度": 133.844133, "url": "https://www.iryou.teikyouseido.mhlw.go.jp/znk-web/juminkanja/S2430/initialize?prefCd=31&kikanCd=P2030563&kikanKbn=5", "url2": null, "内容": "ひかり調剤薬局【5:薬局】鳥取県倉吉市東巌城町５６番地" }, "geometry": { "type": "Point", "coordinates": [ 133.844133, 35.436244 ] } },
{ "type": "Feature", "properties": { "ID": "315P2030591", "正式名称": "加藤調剤薬局ふくば店", "機関区分": 5, "都道府県コード": 31, "市区町村コード": 203, "所在地": "鳥取県倉吉市福庭町一丁目１１１番地", "緯度": 35.464309, "経度": 133.847449, "url": "https://www.iryou.teikyouseido.mhlw.go.jp/znk-web/juminkanja/S2430/initialize?prefCd=31&kikanCd=P2030591&kikanKbn=5", "url2": "https://k-pharmacy.jp/", "内容": "加藤調剤薬局ふくば店【5:薬局】鳥取県倉吉市福庭町一丁目１１１番地" }, "geometry": { "type": "Point", "coordinates": [ 133.847449, 35.464309 ] } },
{ "type": "Feature", "properties": { "ID": "315P2030599", "正式名称": "小林薬局ロータリー店", "機関区分": 5, "都道府県コード": 31, "市区町村コード": 203, "所在地": "鳥取県倉吉市昭和町１丁目２１１の２", "緯度": 35.433706, "経度": 133.836071, "url": "https://www.iryou.teikyouseido.mhlw.go.jp/znk-web/juminkanja/S2430/initialize?prefCd=31&kikanCd=P2030599&kikanKbn=5", "url2": "https://kobayashipharmacy.jimdo.com", "内容": "小林薬局ロータリー店【5:薬局】鳥取県倉吉市昭和町１丁目２１１の２" }, "geometry": { "type": "Point", "coordinates": [ 133.836071, 35.433706 ] } },
{ "type": "Feature", "properties": { "ID": "315P2030607", "正式名称": "大陽堂薬局本店", "機関区分": 5, "都道府県コード": 31, "市区町村コード": 203, "所在地": "鳥取県倉吉市上井２７番地１", "緯度": 35.453028, "経度": 133.856494, "url": "https://www.iryou.teikyouseido.mhlw.go.jp/znk-web/juminkanja/S2430/initialize?prefCd=31&kikanCd=P2030607&kikanKbn=5", "url2": "https://www.taiyodou.com/", "内容": "大陽堂薬局本店【5:薬局】鳥取県倉吉市上井２７番地１" }, "geometry": { "type": "Point", "coordinates": [ 133.856494, 35.453028 ] } },
{ "type": "Feature", "properties": { "ID": "315P2030617", "正式名称": "日本調剤　西町薬局", "機関区分": 5, "都道府県コード": 31, "市区町村コード": 203, "所在地": "鳥取県倉吉市仲ノ町２７１２－１", "緯度": 35.431464, "経度": 133.820122, "url": "https://www.iryou.teikyouseido.mhlw.go.jp/znk-web/juminkanja/S2430/initialize?prefCd=31&kikanCd=P2030617&kikanKbn=5", "url2": "https://www.nicho.co.jp/tenpo/nisimati/", "内容": "日本調剤　西町薬局【5:薬局】鳥取県倉吉市仲ノ町２７１２－１" }, "geometry": { "type": "Point", "coordinates": [ 133.820122, 35.431464 ] } },
{ "type": "Feature", "properties": { "ID": "315P2030636", "正式名称": "生田調剤薬局", "機関区分": 5, "都道府県コード": 31, "市区町村コード": 203, "所在地": "鳥取県倉吉市生田３６０番３", "緯度": 35.419013, "経度": 133.805852, "url": "https://www.iryou.teikyouseido.mhlw.go.jp/znk-web/juminkanja/S2430/initialize?prefCd=31&kikanCd=P2030636&kikanKbn=5", "url2": "www.ikuta-chozai.com", "内容": "生田調剤薬局【5:薬局】鳥取県倉吉市生田３６０番３" }, "geometry": { "type": "Point", "coordinates": [ 133.805852, 35.419013 ] } },
{ "type": "Feature", "properties": { "ID": "315P2030646", "正式名称": "有限会社マキタ薬局", "機関区分": 5, "都道府県コード": 31, "市区町村コード": 203, "所在地": "鳥取県倉吉市上井３０２−５", "緯度": 35.453317, "経度": 133.846441, "url": "https://www.iryou.teikyouseido.mhlw.go.jp/znk-web/juminkanja/S2430/initialize?prefCd=31&kikanCd=P2030646&kikanKbn=5", "url2": null, "内容": "有限会社マキタ薬局【5:薬局】鳥取県倉吉市上井３０２−５" }, "geometry": { "type": "Point", "coordinates": [ 133.846441, 35.453317 ] } },
{ "type": "Feature", "properties": { "ID": "315P2030664", "正式名称": "大陽堂薬局新町店", "機関区分": 5, "都道府県コード": 31, "市区町村コード": 203, "所在地": "鳥取県倉吉市新町３丁目１０８１－６", "緯度": 35.434157, "経度": 133.821499, "url": "https://www.iryou.teikyouseido.mhlw.go.jp/znk-web/juminkanja/S2430/initialize?prefCd=31&kikanCd=P2030664&kikanKbn=5", "url2": "https://www.taiyodou.com", "内容": "大陽堂薬局新町店【5:薬局】鳥取県倉吉市新町３丁目１０８１－６" }, "geometry": { "type": "Point", "coordinates": [ 133.821499, 35.434157 ] } },
{ "type": "Feature", "properties": { "ID": "315P2030717", "正式名称": "大陽堂薬局山根店", "機関区分": 5, "都道府県コード": 31, "市区町村コード": 203, "所在地": "鳥取県倉吉市山根４１５番４", "緯度": 35.450787, "経度": 133.85525, "url": "https://www.iryou.teikyouseido.mhlw.go.jp/znk-web/juminkanja/S2430/initialize?prefCd=31&kikanCd=P2030717&kikanKbn=5", "url2": "https://www.taiyodou.com", "内容": "大陽堂薬局山根店【5:薬局】鳥取県倉吉市山根４１５番４" }, "geometry": { "type": "Point", "coordinates": [ 133.85525, 35.450787 ] } },
{ "type": "Feature", "properties": { "ID": "315P2030725", "正式名称": "小鴨薬局", "機関区分": 5, "都道府県コード": 31, "市区町村コード": 203, "所在地": "鳥取県倉吉市丸山町４７７番地２", "緯度": 35.423933, "経度": 133.807369, "url": "https://www.iryou.teikyouseido.mhlw.go.jp/znk-web/juminkanja/S2430/initialize?prefCd=31&kikanCd=P2030725&kikanKbn=5", "url2": null, "内容": "小鴨薬局【5:薬局】鳥取県倉吉市丸山町４７７番地２" }, "geometry": { "type": "Point", "coordinates": [ 133.807369, 35.423933 ] } },
{ "type": "Feature", "properties": { "ID": "315P2030753", "正式名称": "田中薬局清谷店", "機関区分": 5, "都道府県コード": 31, "市区町村コード": 203, "所在地": "鳥取県倉吉市清谷町１丁目２１５", "緯度": 35.476317, "経度": 133.850743, "url": "https://www.iryou.teikyouseido.mhlw.go.jp/znk-web/juminkanja/S2430/initialize?prefCd=31&kikanCd=P2030753&kikanKbn=5", "url2": null, "内容": "田中薬局清谷店【5:薬局】鳥取県倉吉市清谷町１丁目２１５" }, "geometry": { "type": "Point", "coordinates": [ 133.850743, 35.476317 ] } },
{ "type": "Feature", "properties": { "ID": "315P2030780", "正式名称": "ゆかわ薬局", "機関区分": 5, "都道府県コード": 31, "市区町村コード": 203, "所在地": "鳥取県倉吉市昭和町２－７０", "緯度": 35.434371, "経度": 133.83806, "url": "https://www.iryou.teikyouseido.mhlw.go.jp/znk-web/juminkanja/S2430/initialize?prefCd=31&kikanCd=P2030780&kikanKbn=5", "url2": "https://www.yukawa-y.jp", "内容": "ゆかわ薬局【5:薬局】鳥取県倉吉市昭和町２－７０" }, "geometry": { "type": "Point", "coordinates": [ 133.83806, 35.434371 ] } },
{ "type": "Feature", "properties": { "ID": "315P2030796", "正式名称": "さくら薬局", "機関区分": 5, "都道府県コード": 31, "市区町村コード": 203, "所在地": "鳥取県倉吉市東昭和町１５８－２", "緯度": 35.436769, "経度": 133.839742, "url": "https://www.iryou.teikyouseido.mhlw.go.jp/znk-web/juminkanja/S2430/initialize?prefCd=31&kikanCd=P2030796&kikanKbn=5", "url2": null, "内容": "さくら薬局【5:薬局】鳥取県倉吉市東昭和町１５８－２" }, "geometry": { "type": "Point", "coordinates": [ 133.839742, 35.436769 ] } },
{ "type": "Feature", "properties": { "ID": "315P2030797", "正式名称": "明治町薬局", "機関区分": 5, "都道府県コード": 31, "市区町村コード": 203, "所在地": "鳥取県倉吉市明治町１０３１－３４", "緯度": 35.433339, "経度": 133.824247, "url": "https://www.iryou.teikyouseido.mhlw.go.jp/znk-web/juminkanja/S2430/initialize?prefCd=31&kikanCd=P2030797&kikanKbn=5", "url2": null, "内容": "明治町薬局【5:薬局】鳥取県倉吉市明治町１０３１－３４" }, "geometry": { "type": "Point", "coordinates": [ 133.824247, 35.433339 ] } },
{ "type": "Feature", "properties": { "ID": "315P2030798", "正式名称": "あすなろ薬局", "機関区分": 5, "都道府県コード": 31, "市区町村コード": 203, "所在地": "鳥取県倉吉市上井町１丁目１２－７", "緯度": 35.451918, "経度": 133.850211, "url": "https://www.iryou.teikyouseido.mhlw.go.jp/znk-web/juminkanja/S2430/initialize?prefCd=31&kikanCd=P2030798&kikanKbn=5", "url2": null, "内容": "あすなろ薬局【5:薬局】鳥取県倉吉市上井町１丁目１２－７" }, "geometry": { "type": "Point", "coordinates": [ 133.850211, 35.451918 ] } },
{ "type": "Feature", "properties": { "ID": "315P2030818", "正式名称": "杏薬局", "機関区分": 5, "都道府県コード": 31, "市区町村コード": 203, "所在地": "鳥取県倉吉市上井町１丁目１３７番", "緯度": 35.449985, "経度": 133.851909, "url": "https://www.iryou.teikyouseido.mhlw.go.jp/znk-web/juminkanja/S2430/initialize?prefCd=31&kikanCd=P2030818&kikanKbn=5", "url2": "http://www.ssmile.co.jp/", "内容": "杏薬局【5:薬局】鳥取県倉吉市上井町１丁目１３７番" }, "geometry": { "type": "Point", "coordinates": [ 133.851909, 35.449985 ] } },
{ "type": "Feature", "properties": { "ID": "315P2030819", "正式名称": "みどり薬局", "機関区分": 5, "都道府県コード": 31, "市区町村コード": 203, "所在地": "鳥取県倉吉市東昭和町３３番１", "緯度": 35.437836, "経度": 133.841686, "url": "https://www.iryou.teikyouseido.mhlw.go.jp/znk-web/juminkanja/S2430/initialize?prefCd=31&kikanCd=P2030819&kikanKbn=5", "url2": "http://www.ssmile.co.jp/", "内容": "みどり薬局【5:薬局】鳥取県倉吉市東昭和町３３番１" }, "geometry": { "type": "Point", "coordinates": [ 133.841686, 35.437836 ] } },
{ "type": "Feature", "properties": { "ID": "315P2030834", "正式名称": "小林薬局", "機関区分": 5, "都道府県コード": 31, "市区町村コード": 203, "所在地": "鳥取県倉吉市明治町１０３２ー６", "緯度": 35.43437, "経度": 133.82466, "url": "https://www.iryou.teikyouseido.mhlw.go.jp/znk-web/juminkanja/S2430/initialize?prefCd=31&kikanCd=P2030834&kikanKbn=5", "url2": "https://kobayashipharmacy.jimdo.com", "内容": "小林薬局【5:薬局】鳥取県倉吉市明治町１０３２ー６" }, "geometry": { "type": "Point", "coordinates": [ 133.82466, 35.43437 ] } },
{ "type": "Feature", "properties": { "ID": "315P2030844", "正式名称": "共創未来　倉吉宮川薬局", "機関区分": 5, "都道府県コード": 31, "市区町村コード": 203, "所在地": "鳥取県倉吉市宮川町１３１－７", "緯度": 35.43344, "経度": 133.833262, "url": "https://www.iryou.teikyouseido.mhlw.go.jp/znk-web/juminkanja/S2430/initialize?prefCd=31&kikanCd=P2030844&kikanKbn=5", "url2": "https://www.phmirai.co.jp/", "内容": "共創未来　倉吉宮川薬局【5:薬局】鳥取県倉吉市宮川町１３１－７" }, "geometry": { "type": "Point", "coordinates": [ 133.833262, 35.43344 ] } },
{ "type": "Feature", "properties": { "ID": "315P2030852", "正式名称": "スマイル薬局", "機関区分": 5, "都道府県コード": 31, "市区町村コード": 203, "所在地": "鳥取県倉吉市上井町１丁目８－３０", "緯度": 35.453056, "経度": 133.850817, "url": "https://www.iryou.teikyouseido.mhlw.go.jp/znk-web/juminkanja/S2430/initialize?prefCd=31&kikanCd=P2030852&kikanKbn=5", "url2": "http://yakumeikan.com/", "内容": "スマイル薬局【5:薬局】鳥取県倉吉市上井町１丁目８－３０" }, "geometry": { "type": "Point", "coordinates": [ 133.850817, 35.453056 ] } },
{ "type": "Feature", "properties": { "ID": "315P2030853", "正式名称": "パンダ薬局", "機関区分": 5, "都道府県コード": 31, "市区町村コード": 203, "所在地": "鳥取県倉吉市堺町３丁目７０", "緯度": 35.434886, "経度": 133.826092, "url": "https://www.iryou.teikyouseido.mhlw.go.jp/znk-web/juminkanja/S2430/initialize?prefCd=31&kikanCd=P2030853&kikanKbn=5", "url2": null, "内容": "パンダ薬局【5:薬局】鳥取県倉吉市堺町３丁目７０" }, "geometry": { "type": "Point", "coordinates": [ 133.826092, 35.434886 ] } },
{ "type": "Feature", "properties": { "ID": "315P2030864", "正式名称": "梨花調剤薬局　津原店", "機関区分": 5, "都道府県コード": 31, "市区町村コード": 203, "所在地": "鳥取県倉吉市津原３９２－４", "緯度": 35.465363, "経度": 133.757564, "url": "https://www.iryou.teikyouseido.mhlw.go.jp/znk-web/juminkanja/S2430/initialize?prefCd=31&kikanCd=P2030864&kikanKbn=5", "url2": null, "内容": "梨花調剤薬局　津原店【5:薬局】鳥取県倉吉市津原３９２－４" }, "geometry": { "type": "Point", "coordinates": [ 133.757564, 35.465363 ] } },
{ "type": "Feature", "properties": { "ID": "315P2030871", "正式名称": "加藤調剤薬局", "機関区分": 5, "都道府県コード": 31, "市区町村コード": 203, "所在地": "鳥取県倉吉市山根５３１－４", "緯度": 35.449316, "経度": 133.850285, "url": "https://www.iryou.teikyouseido.mhlw.go.jp/znk-web/juminkanja/S2430/initialize?prefCd=31&kikanCd=P2030871&kikanKbn=5", "url2": "http://k-pharmacy.jp/", "内容": "加藤調剤薬局【5:薬局】鳥取県倉吉市山根５３１－４" }, "geometry": { "type": "Point", "coordinates": [ 133.850285, 35.449316 ] } },
{ "type": "Feature", "properties": { "ID": "315P2030887", "正式名称": "西倉薬局", "機関区分": 5, "都道府県コード": 31, "市区町村コード": 203, "所在地": "鳥取県倉吉市秋喜１５２ー４", "緯度": 35.425627, "経度": 133.798922, "url": "https://www.iryou.teikyouseido.mhlw.go.jp/znk-web/juminkanja/S2430/initialize?prefCd=31&kikanCd=P2030887&kikanKbn=5", "url2": null, "内容": "西倉薬局【5:薬局】鳥取県倉吉市秋喜１５２ー４" }, "geometry": { "type": "Point", "coordinates": [ 133.798922, 35.425627 ] } },
{ "type": "Feature", "properties": { "ID": "315P2030894", "正式名称": "あかり薬局", "機関区分": 5, "都道府県コード": 31, "市区町村コード": 203, "所在地": "鳥取県倉吉市福庭町２丁目１７３－２", "緯度": 35.466406, "経度": 133.847262, "url": "https://www.iryou.teikyouseido.mhlw.go.jp/znk-web/juminkanja/S2430/initialize?prefCd=31&kikanCd=P2030894&kikanKbn=5", "url2": "http://www.yakumeikan.com/", "内容": "あかり薬局【5:薬局】鳥取県倉吉市福庭町２丁目１７３－２" }, "geometry": { "type": "Point", "coordinates": [ 133.847262, 35.466406 ] } },
{ "type": "Feature", "properties": { "ID": "315P2030905", "正式名称": "こざくら薬局", "機関区分": 5, "都道府県コード": 31, "市区町村コード": 203, "所在地": "鳥取県倉吉市昭和町２丁目１５５番地", "緯度": 35.436406, "経度": 133.839503, "url": "https://www.iryou.teikyouseido.mhlw.go.jp/znk-web/juminkanja/S2430/initialize?prefCd=31&kikanCd=P2030905&kikanKbn=5", "url2": null, "内容": "こざくら薬局【5:薬局】鳥取県倉吉市昭和町２丁目１５５番地" }, "geometry": { "type": "Point", "coordinates": [ 133.839503, 35.436406 ] } },
{ "type": "Feature", "properties": { "ID": "315P2030922", "正式名称": "倉吉薬局", "機関区分": 5, "都道府県コード": 31, "市区町村コード": 203, "所在地": "鳥取県倉吉市南昭和町１７番地", "緯度": 35.434949, "経度": 133.840878, "url": "https://www.iryou.teikyouseido.mhlw.go.jp/znk-web/juminkanja/S2430/initialize?prefCd=31&kikanCd=P2030922&kikanKbn=5", "url2": "http://k-pharmacy.jp", "内容": "倉吉薬局【5:薬局】鳥取県倉吉市南昭和町１７番地" }, "geometry": { "type": "Point", "coordinates": [ 133.840878, 35.434949 ] } },
{ "type": "Feature", "properties": { "ID": "315P2030938", "正式名称": "ウエルシア薬局　倉吉上井店", "機関区分": 5, "都道府県コード": 31, "市区町村コード": 203, "所在地": "鳥取県倉吉市上井町１－１１－７", "緯度": 35.45272, "経度": 133.849782, "url": "https://www.iryou.teikyouseido.mhlw.go.jp/znk-web/juminkanja/S2430/initialize?prefCd=31&kikanCd=P2030938&kikanKbn=5", "url2": "https://store.welcia.co.jp/welcia/spot/detail?code=6785D", "内容": "ウエルシア薬局　倉吉上井店【5:薬局】鳥取県倉吉市上井町１－１１－７" }, "geometry": { "type": "Point", "coordinates": [ 133.849782, 35.45272 ] } },
{ "type": "Feature", "properties": { "ID": "315P2030942", "正式名称": "ウェルネス薬局八屋店", "機関区分": 5, "都道府県コード": 31, "市区町村コード": 203, "所在地": "鳥取県倉吉市八屋１９５－７", "緯度": 35.444318, "経度": 133.84861, "url": "https://www.iryou.teikyouseido.mhlw.go.jp/znk-web/juminkanja/S2430/initialize?prefCd=31&kikanCd=P2030942&kikanKbn=5", "url2": "https://shop.tsuruha-g.com/3891", "内容": "ウェルネス薬局八屋店【5:薬局】鳥取県倉吉市八屋１９５－７" }, "geometry": { "type": "Point", "coordinates": [ 133.84861, 35.444318 ] } },
{ "type": "Feature", "properties": { "ID": "315P2030956", "正式名称": "やまざくら薬局", "機関区分": 5, "都道府県コード": 31, "市区町村コード": 203, "所在地": "鳥取県倉吉市山根５３９－４", "緯度": 35.447643, "経度": 133.849614, "url": "https://www.iryou.teikyouseido.mhlw.go.jp/znk-web/juminkanja/S2430/initialize?prefCd=31&kikanCd=P2030956&kikanKbn=5", "url2": "http://yakumeikan.com/", "内容": "やまざくら薬局【5:薬局】鳥取県倉吉市山根５３９－４" }, "geometry": { "type": "Point", "coordinates": [ 133.849614, 35.447643 ] } },
{ "type": "Feature", "properties": { "ID": "315P2030975", "正式名称": "ウエルシア薬局倉吉厚生病院東口店", "機関区分": 5, "都道府県コード": 31, "市区町村コード": 203, "所在地": "鳥取県倉吉市東巌城町１７３番地１", "緯度": 35.436038, "経度": 133.842854, "url": "https://www.iryou.teikyouseido.mhlw.go.jp/znk-web/juminkanja/S2430/initialize?prefCd=31&kikanCd=P2030975&kikanKbn=5", "url2": "https://store.welcia.co.jp/welcia/spot/detail?code=6842D", "内容": "ウエルシア薬局倉吉厚生病院東口店【5:薬局】鳥取県倉吉市東巌城町１７３番地１" }, "geometry": { "type": "Point", "coordinates": [ 133.842854, 35.436038 ] } },
{ "type": "Feature", "properties": { "ID": "315P2030994", "正式名称": "山田薬局", "機関区分": 5, "都道府県コード": 31, "市区町村コード": 203, "所在地": "鳥取県倉吉市上灘町１７１", "緯度": 35.428224, "経度": 133.8417, "url": "https://www.iryou.teikyouseido.mhlw.go.jp/znk-web/juminkanja/S2430/initialize?prefCd=31&kikanCd=P2030994&kikanKbn=5", "url2": null, "内容": "山田薬局【5:薬局】鳥取県倉吉市上灘町１７１" }, "geometry": { "type": "Point", "coordinates": [ 133.8417, 35.428224 ] } },
{ "type": "Feature", "properties": { "ID": "315P2030998", "正式名称": "ひだまり薬局", "機関区分": 5, "都道府県コード": 31, "市区町村コード": 203, "所在地": "鳥取県倉吉市宮川町１７４－１５", "緯度": 35.432732, "経度": 133.8309, "url": "https://www.iryou.teikyouseido.mhlw.go.jp/znk-web/juminkanja/S2430/initialize?prefCd=31&kikanCd=P2030998&kikanKbn=5", "url2": "https://nekonohigepharmacy.localinfo.jp/", "内容": "ひだまり薬局【5:薬局】鳥取県倉吉市宮川町１７４－１５" }, "geometry": { "type": "Point", "coordinates": [ 133.8309, 35.432732 ] } },
{ "type": "Feature", "properties": { "ID": "315P2040550", "正式名称": "有限会社　對山堂薬局", "機関区分": 5, "都道府県コード": 31, "市区町村コード": 204, "所在地": "鳥取県境港市本町２５－１", "緯度": 35.54613, "経度": 133.230668, "url": "https://www.iryou.teikyouseido.mhlw.go.jp/znk-web/juminkanja/S2430/initialize?prefCd=31&kikanCd=P2040550&kikanKbn=5", "url2": "https://www.facebook.com/taizando1921", "内容": "有限会社　對山堂薬局【5:薬局】鳥取県境港市本町２５－１" }, "geometry": { "type": "Point", "coordinates": [ 133.230668, 35.54613 ] } },
{ "type": "Feature", "properties": { "ID": "315P2040634", "正式名称": "増谷薬局蓮池店", "機関区分": 5, "都道府県コード": 31, "市区町村コード": 204, "所在地": "鳥取県境港市蓮池町１０２", "緯度": 35.539785, "経度": 133.223145, "url": "https://www.iryou.teikyouseido.mhlw.go.jp/znk-web/juminkanja/S2430/initialize?prefCd=31&kikanCd=P2040634&kikanKbn=5", "url2": "https://www.masutanipharmacy.jp", "内容": "増谷薬局蓮池店【5:薬局】鳥取県境港市蓮池町１０２" }, "geometry": { "type": "Point", "coordinates": [ 133.223145, 35.539785 ] } },
{ "type": "Feature", "properties": { "ID": "315P2040697", "正式名称": "なべや薬局明治町店", "機関区分": 5, "都道府県コード": 31, "市区町村コード": 204, "所在地": "鳥取県境港市明治町１７ー１", "緯度": 35.543655, "経度": 133.2302, "url": "https://www.iryou.teikyouseido.mhlw.go.jp/znk-web/juminkanja/S2430/initialize?prefCd=31&kikanCd=P2040697&kikanKbn=5", "url2": "https://www.nabeya-pharmacy.co.jp/pharmacy_1", "内容": "なべや薬局明治町店【5:薬局】鳥取県境港市明治町１７ー１" }, "geometry": { "type": "Point", "coordinates": [ 133.2302, 35.543655 ] } },
{ "type": "Feature", "properties": { "ID": "315P2040736", "正式名称": "境中央薬局", "機関区分": 5, "都道府県コード": 31, "市区町村コード": 204, "所在地": "鳥取県境港市上道町３３１７", "緯度": 35.537519, "経度": 133.232774, "url": "https://www.iryou.teikyouseido.mhlw.go.jp/znk-web/juminkanja/S2430/initialize?prefCd=31&kikanCd=P2040736&kikanKbn=5", "url2": "https://www.smile-hp.com/", "内容": "境中央薬局【5:薬局】鳥取県境港市上道町３３１７" }, "geometry": { "type": "Point", "coordinates": [ 133.232774, 35.537519 ] } },
{ "type": "Feature", "properties": { "ID": "315P2040749", "正式名称": "アライブ薬局上道店", "機関区分": 5, "都道府県コード": 31, "市区町村コード": 204, "所在地": "鳥取県境港市上道町３０５２－１", "緯度": 35.536808, "経度": 133.232178, "url": "https://www.iryou.teikyouseido.mhlw.go.jp/znk-web/juminkanja/S2430/initialize?prefCd=31&kikanCd=P2040749&kikanKbn=5", "url2": null, "内容": "アライブ薬局上道店【5:薬局】鳥取県境港市上道町３０５２－１" }, "geometry": { "type": "Point", "coordinates": [ 133.232178, 35.536808 ] } },
{ "type": "Feature", "properties": { "ID": "315P2040756", "正式名称": "ナガイ薬局境港店", "機関区分": 5, "都道府県コード": 31, "市区町村コード": 204, "所在地": "鳥取県境港市米川町２８６", "緯度": 35.537609, "経度": 133.223407, "url": "https://www.iryou.teikyouseido.mhlw.go.jp/znk-web/juminkanja/S2430/initialize?prefCd=31&kikanCd=P2040756&kikanKbn=5", "url2": "https://www.nagai-yakkyoku.com/", "内容": "ナガイ薬局境港店【5:薬局】鳥取県境港市米川町２８６" }, "geometry": { "type": "Point", "coordinates": [ 133.223407, 35.537609 ] } },
{ "type": "Feature", "properties": { "ID": "315P2040805", "正式名称": "たけのうち薬局", "機関区分": 5, "都道府県コード": 31, "市区町村コード": 204, "所在地": "鳥取県境港市竹内町５７８番地７", "緯度": 35.518772, "経度": 133.243789, "url": "https://www.iryou.teikyouseido.mhlw.go.jp/znk-web/juminkanja/S2430/initialize?prefCd=31&kikanCd=P2040805&kikanKbn=5", "url2": null, "内容": "たけのうち薬局【5:薬局】鳥取県境港市竹内町５７８番地７" }, "geometry": { "type": "Point", "coordinates": [ 133.243789, 35.518772 ] } },
{ "type": "Feature", "properties": { "ID": "315P2040861", "正式名称": "外江薬局", "機関区分": 5, "都道府県コード": 31, "市区町村コード": 204, "所在地": "鳥取県境港市外江町２２７５－１", "緯度": 35.525766, "経度": 133.212261, "url": "https://www.iryou.teikyouseido.mhlw.go.jp/znk-web/juminkanja/S2430/initialize?prefCd=31&kikanCd=P2040861&kikanKbn=5", "url2": "https://www.nabeya-pharmacy.co.jp/pharmacy_2", "内容": "外江薬局【5:薬局】鳥取県境港市外江町２２７５－１" }, "geometry": { "type": "Point", "coordinates": [ 133.212261, 35.525766 ] } },
{ "type": "Feature", "properties": { "ID": "315P2040870", "正式名称": "エスマイル薬局　境港店", "機関区分": 5, "都道府県コード": 31, "市区町村コード": 204, "所在地": "鳥取県境港市馬場崎町１７７－３", "緯度": 35.540175, "経度": 133.228814, "url": "https://www.iryou.teikyouseido.mhlw.go.jp/znk-web/juminkanja/S2430/initialize?prefCd=31&kikanCd=P2040870&kikanKbn=5", "url2": "http://www.ssmile.co.jp", "内容": "エスマイル薬局　境港店【5:薬局】鳥取県境港市馬場崎町１７７－３" }, "geometry": { "type": "Point", "coordinates": [ 133.228814, 35.540175 ] } },
{ "type": "Feature", "properties": { "ID": "315P2040934", "正式名称": "ウェルネス薬局境港店", "機関区分": 5, "都道府県コード": 31, "市区町村コード": 204, "所在地": "鳥取県境港市蓮池町９２－１", "緯度": 35.541545, "経度": 133.22255, "url": "https://www.iryou.teikyouseido.mhlw.go.jp/znk-web/juminkanja/S2430/initialize?prefCd=31&kikanCd=P2040934&kikanKbn=5", "url2": "http://www.wellness-web.co.jp", "内容": "ウェルネス薬局境港店【5:薬局】鳥取県境港市蓮池町９２－１" }, "geometry": { "type": "Point", "coordinates": [ 133.22255, 35.541545 ] } },
{ "type": "Feature", "properties": { "ID": "315P2040951", "正式名称": "ザグザグ薬局境港店", "機関区分": 5, "都道府県コード": 31, "市区町村コード": 204, "所在地": "鳥取県境港市蓮池町５７番１", "緯度": 35.540688, "経度": 133.223958, "url": "https://www.iryou.teikyouseido.mhlw.go.jp/znk-web/juminkanja/S2430/initialize?prefCd=31&kikanCd=P2040951&kikanKbn=5", "url2": "http://www.zagzag.co.jp", "内容": "ザグザグ薬局境港店【5:薬局】鳥取県境港市蓮池町５７番１" }, "geometry": { "type": "Point", "coordinates": [ 133.223958, 35.540688 ] } },
{ "type": "Feature", "properties": { "ID": "315P2040954", "正式名称": "クオール薬局境港店", "機関区分": 5, "都道府県コード": 31, "市区町村コード": 204, "所在地": "鳥取県境港市上道町１８９５－１", "緯度": 35.542398, "経度": 133.235396, "url": "https://www.iryou.teikyouseido.mhlw.go.jp/znk-web/juminkanja/S2430/initialize?prefCd=31&kikanCd=P2040954&kikanKbn=5", "url2": "https://www.qol-net.co.jp/pharmacy/map/detail.php?id=461", "内容": "クオール薬局境港店【5:薬局】鳥取県境港市上道町１８９５－１" }, "geometry": { "type": "Point", "coordinates": [ 133.235396, 35.542398 ] } },
{ "type": "Feature", "properties": { "ID": "315P3251030", "正式名称": "わかさ薬局", "機関区分": 5, "都道府県コード": 31, "市区町村コード": 325, "所在地": "鳥取県八頭郡若桜町若桜９２６－１３", "緯度": 35.341211, "経度": 134.401728, "url": "https://www.iryou.teikyouseido.mhlw.go.jp/znk-web/juminkanja/S2430/initialize?prefCd=31&kikanCd=P3251030&kikanKbn=5", "url2": "kishima-waksa-1983.jp", "内容": "わかさ薬局【5:薬局】鳥取県八頭郡若桜町若桜９２６－１３" }, "geometry": { "type": "Point", "coordinates": [ 134.401728, 35.341211 ] } },
{ "type": "Feature", "properties": { "ID": "315P3280575", "正式名称": "有限会社だいいち薬局", "機関区分": 5, "都道府県コード": 31, "市区町村コード": 328, "所在地": "鳥取県八頭郡智頭町智頭１８９３－５", "緯度": 35.264575, "経度": 134.223518, "url": "https://www.iryou.teikyouseido.mhlw.go.jp/znk-web/juminkanja/S2430/initialize?prefCd=31&kikanCd=P3280575&kikanKbn=5", "url2": "https://daiichipharmacy.webnode.jp/", "内容": "有限会社だいいち薬局【5:薬局】鳥取県八頭郡智頭町智頭１８９３－５" }, "geometry": { "type": "Point", "coordinates": [ 134.223518, 35.264575 ] } },
{ "type": "Feature", "properties": { "ID": "315P3290487", "正式名称": "にしむら薬局郡家店", "機関区分": 5, "都道府県コード": 31, "市区町村コード": 329, "所在地": "鳥取県八頭郡八頭町奥谷１３５−４", "緯度": 35.417585, "経度": 134.257358, "url": "https://www.iryou.teikyouseido.mhlw.go.jp/znk-web/juminkanja/S2430/initialize?prefCd=31&kikanCd=P3290487&kikanKbn=5", "url2": "https://www.n-pharm-koge.jp", "内容": "にしむら薬局郡家店【5:薬局】鳥取県八頭郡八頭町奥谷１３５−４" }, "geometry": { "type": "Point", "coordinates": [ 134.257358, 35.417585 ] } },
{ "type": "Feature", "properties": { "ID": "315P3290666", "正式名称": "いわもと薬局", "機関区分": 5, "都道府県コード": 31, "市区町村コード": 329, "所在地": "鳥取県八頭郡八頭町坂田３５０ー７", "緯度": 35.389862, "経度": 134.24766, "url": "https://www.iryou.teikyouseido.mhlw.go.jp/znk-web/juminkanja/S2430/initialize?prefCd=31&kikanCd=P3290666&kikanKbn=5", "url2": "https://r.goope.jp/iwamoto-pharmacy", "内容": "いわもと薬局【5:薬局】鳥取県八頭郡八頭町坂田３５０ー７" }, "geometry": { "type": "Point", "coordinates": [ 134.24766, 35.389862 ] } },
{ "type": "Feature", "properties": { "ID": "315P3290681", "正式名称": "きしだ薬局", "機関区分": 5, "都道府県コード": 31, "市区町村コード": 329, "所在地": "鳥取県八頭郡八頭町宮谷２２１－２", "緯度": 35.415592, "経度": 134.254507, "url": "https://www.iryou.teikyouseido.mhlw.go.jp/znk-web/juminkanja/S2430/initialize?prefCd=31&kikanCd=P3290681&kikanKbn=5", "url2": "kishida-pharmacy.jp", "内容": "きしだ薬局【5:薬局】鳥取県八頭郡八頭町宮谷２２１－２" }, "geometry": { "type": "Point", "coordinates": [ 134.254507, 35.415592 ] } },
{ "type": "Feature", "properties": { "ID": "315P3290840", "正式名称": "アイ・プラス薬局　郡家店", "機関区分": 5, "都道府県コード": 31, "市区町村コード": 329, "所在地": "鳥取県八頭郡八頭町池田２０５ー１", "緯度": 35.409228, "経度": 134.239792, "url": "https://www.iryou.teikyouseido.mhlw.go.jp/znk-web/juminkanja/S2430/initialize?prefCd=31&kikanCd=P3290840&kikanKbn=5", "url2": "https://e-bond.info/withs/company/", "内容": "アイ・プラス薬局　郡家店【5:薬局】鳥取県八頭郡八頭町池田２０５ー１" }, "geometry": { "type": "Point", "coordinates": [ 134.239792, 35.409228 ] } },
{ "type": "Feature", "properties": { "ID": "315P3640855", "正式名称": "かじか調剤薬局", "機関区分": 5, "都道府県コード": 31, "市区町村コード": 364, "所在地": "鳥取県東伯郡三朝町山田６８３－１", "緯度": 35.412707, "経度": 133.883205, "url": "https://www.iryou.teikyouseido.mhlw.go.jp/znk-web/juminkanja/S2430/initialize?prefCd=31&kikanCd=P3640855&kikanKbn=5", "url2": "http//www.ssmile.co.jp", "内容": "かじか調剤薬局【5:薬局】鳥取県東伯郡三朝町山田６８３－１" }, "geometry": { "type": "Point", "coordinates": [ 133.883205, 35.412707 ] } },
{ "type": "Feature", "properties": { "ID": "315P3700482", "正式名称": "アイ調剤薬局", "機関区分": 5, "都道府県コード": 31, "市区町村コード": 370, "所在地": "鳥取県東伯郡湯梨浜町はわい長瀬６８０－１５", "緯度": 35.486902, "経度": 133.859877, "url": "https://www.iryou.teikyouseido.mhlw.go.jp/znk-web/juminkanja/S2430/initialize?prefCd=31&kikanCd=P3700482&kikanKbn=5", "url2": null, "内容": "アイ調剤薬局【5:薬局】鳥取県東伯郡湯梨浜町はわい長瀬６８０－１５" }, "geometry": { "type": "Point", "coordinates": [ 133.859877, 35.486902 ] } },
{ "type": "Feature", "properties": { "ID": "315P3700582", "正式名称": "ハワイ調剤薬局", "機関区分": 5, "都道府県コード": 31, "市区町村コード": 370, "所在地": "鳥取県東伯郡湯梨浜町はわい長瀬６１５－６", "緯度": 35.488221, "経度": 133.86331, "url": "https://www.iryou.teikyouseido.mhlw.go.jp/znk-web/juminkanja/S2430/initialize?prefCd=31&kikanCd=P3700582&kikanKbn=5", "url2": null, "内容": "ハワイ調剤薬局【5:薬局】鳥取県東伯郡湯梨浜町はわい長瀬６１５－６" }, "geometry": { "type": "Point", "coordinates": [ 133.86331, 35.488221 ] } },
{ "type": "Feature", "properties": { "ID": "315P3700774", "正式名称": "田中薬局松崎店", "機関区分": 5, "都道府県コード": 31, "市区町村コード": 370, "所在地": "鳥取県東伯郡湯梨浜町龍島４８６", "緯度": 35.468059, "経度": 133.897732, "url": "https://www.iryou.teikyouseido.mhlw.go.jp/znk-web/juminkanja/S2430/initialize?prefCd=31&kikanCd=P3700774&kikanKbn=5", "url2": null, "内容": "田中薬局松崎店【5:薬局】鳥取県東伯郡湯梨浜町龍島４８６" }, "geometry": { "type": "Point", "coordinates": [ 133.897732, 35.468059 ] } },
{ "type": "Feature", "properties": { "ID": "315P3700799", "正式名称": "のぞみ薬局", "機関区分": 5, "都道府県コード": 31, "市区町村コード": 370, "所在地": "鳥取県東伯郡湯梨浜町田後２２３－１", "緯度": 35.483918, "経度": 133.856444, "url": "https://www.iryou.teikyouseido.mhlw.go.jp/znk-web/juminkanja/S2430/initialize?prefCd=31&kikanCd=P3700799&kikanKbn=5", "url2": "http://www.yakumeikan.com/", "内容": "のぞみ薬局【5:薬局】鳥取県東伯郡湯梨浜町田後２２３－１" }, "geometry": { "type": "Point", "coordinates": [ 133.856444, 35.483918 ] } },
{ "type": "Feature", "properties": { "ID": "315P3710411", "正式名称": "まつもと薬局", "機関区分": 5, "都道府県コード": 31, "市区町村コード": 371, "所在地": "鳥取県東伯郡琴浦町赤碕１０９１－５", "緯度": 35.51351, "経度": 133.634872, "url": "https://www.iryou.teikyouseido.mhlw.go.jp/znk-web/juminkanja/S2430/initialize?prefCd=31&kikanCd=P3710411&kikanKbn=5", "url2": null, "内容": "まつもと薬局【5:薬局】鳥取県東伯郡琴浦町赤碕１０９１－５" }, "geometry": { "type": "Point", "coordinates": [ 133.634872, 35.51351 ] } },
{ "type": "Feature", "properties": { "ID": "315P3710448", "正式名称": "家森薬局", "機関区分": 5, "都道府県コード": 31, "市区町村コード": 371, "所在地": "鳥取県東伯郡琴浦町赤碕１１４４－４", "緯度": 35.514547, "経度": 133.638643, "url": "https://www.iryou.teikyouseido.mhlw.go.jp/znk-web/juminkanja/S2430/initialize?prefCd=31&kikanCd=P3710448&kikanKbn=5", "url2": "https://www.e-classa.net/yamoripharmacy/index.html", "内容": "家森薬局【5:薬局】鳥取県東伯郡琴浦町赤碕１１４４－４" }, "geometry": { "type": "Point", "coordinates": [ 133.638643, 35.514547 ] } },
{ "type": "Feature", "properties": { "ID": "315P3710515", "正式名称": "あかさき薬局", "機関区分": 5, "都道府県コード": 31, "市区町村コード": 371, "所在地": "鳥取県東伯郡琴浦町赤碕１９８４－８", "緯度": 35.515772, "経度": 133.637382, "url": "https://www.iryou.teikyouseido.mhlw.go.jp/znk-web/juminkanja/S2430/initialize?prefCd=31&kikanCd=P3710515&kikanKbn=5", "url2": null, "内容": "あかさき薬局【5:薬局】鳥取県東伯郡琴浦町赤碕１９８４－８" }, "geometry": { "type": "Point", "coordinates": [ 133.637382, 35.515772 ] } },
{ "type": "Feature", "properties": { "ID": "315P3710593", "正式名称": "中部薬局　赤碕店", "機関区分": 5, "都道府県コード": 31, "市区町村コード": 371, "所在地": "鳥取県東伯郡琴浦町赤碕１８４８－１１", "緯度": 35.512804, "経度": 133.63576, "url": "https://www.iryou.teikyouseido.mhlw.go.jp/znk-web/juminkanja/S2430/initialize?prefCd=31&kikanCd=P3710593&kikanKbn=5", "url2": null, "内容": "中部薬局　赤碕店【5:薬局】鳥取県東伯郡琴浦町赤碕１８４８－１１" }, "geometry": { "type": "Point", "coordinates": [ 133.63576, 35.512804 ] } },
{ "type": "Feature", "properties": { "ID": "315P3710679", "正式名称": "ひらふく薬局八橋店", "機関区分": 5, "都道府県コード": 31, "市区町村コード": 371, "所在地": "鳥取県東伯郡琴浦町八橋１７０３－６", "緯度": 35.505125, "経度": 133.669675, "url": "https://www.iryou.teikyouseido.mhlw.go.jp/znk-web/juminkanja/S2430/initialize?prefCd=31&kikanCd=P3710679&kikanKbn=5", "url2": null, "内容": "ひらふく薬局八橋店【5:薬局】鳥取県東伯郡琴浦町八橋１７０３－６" }, "geometry": { "type": "Point", "coordinates": [ 133.669675, 35.505125 ] } },
{ "type": "Feature", "properties": { "ID": "315P3710904", "正式名称": "ことうら薬局", "機関区分": 5, "都道府県コード": 31, "市区町村コード": 371, "所在地": "鳥取県東伯郡琴浦町逢束１２１２－１", "緯度": 35.499564, "経度": 133.697376, "url": "https://www.iryou.teikyouseido.mhlw.go.jp/znk-web/juminkanja/S2430/initialize?prefCd=31&kikanCd=P3710904&kikanKbn=5", "url2": "https://www.e-classa.net/kotouraph", "内容": "ことうら薬局【5:薬局】鳥取県東伯郡琴浦町逢束１２１２－１" }, "geometry": { "type": "Point", "coordinates": [ 133.697376, 35.499564 ] } },
{ "type": "Feature", "properties": { "ID": "315P3711000", "正式名称": "トマト薬局", "機関区分": 5, "都道府県コード": 31, "市区町村コード": 371, "所在地": "鳥取県東伯郡琴浦町徳万１７６－５", "緯度": 35.499808, "経度": 133.694837, "url": "https://www.iryou.teikyouseido.mhlw.go.jp/znk-web/juminkanja/S2430/initialize?prefCd=31&kikanCd=P3711000&kikanKbn=5", "url2": null, "内容": "トマト薬局【5:薬局】鳥取県東伯郡琴浦町徳万１７６－５" }, "geometry": { "type": "Point", "coordinates": [ 133.694837, 35.499808 ] } },
{ "type": "Feature", "properties": { "ID": "315P3720986", "正式名称": "北斗薬局ほくえい店", "機関区分": 5, "都道府県コード": 31, "市区町村コード": 372, "所在地": "鳥取県東伯郡北栄町国坂７２０－３", "緯度": 35.479313, "経度": 133.82388, "url": "https://www.iryou.teikyouseido.mhlw.go.jp/znk-web/juminkanja/S2430/initialize?prefCd=31&kikanCd=P3720986&kikanKbn=5", "url2": null, "内容": "北斗薬局ほくえい店【5:薬局】鳥取県東伯郡北栄町国坂７２０－３" }, "geometry": { "type": "Point", "coordinates": [ 133.82388, 35.479313 ] } },
{ "type": "Feature", "properties": { "ID": "315P3840694", "正式名称": "ヒエズ調剤薬局", "機関区分": 5, "都道府県コード": 31, "市区町村コード": 384, "所在地": "鳥取県西伯郡日吉津村日吉津２２８４－１", "緯度": 35.447308, "経度": 133.382569, "url": "https://www.iryou.teikyouseido.mhlw.go.jp/znk-web/juminkanja/S2430/initialize?prefCd=31&kikanCd=P3840694&kikanKbn=5", "url2": "https://kintaka.co.jp/", "内容": "ヒエズ調剤薬局【5:薬局】鳥取県西伯郡日吉津村日吉津２２８４－１" }, "geometry": { "type": "Point", "coordinates": [ 133.382569, 35.447308 ] } },
{ "type": "Feature", "properties": { "ID": "315P3840728", "正式名称": "とみよし調剤薬局", "機関区分": 5, "都道府県コード": 31, "市区町村コード": 384, "所在地": "鳥取県西伯郡日吉津村日吉津１４１７－１", "緯度": 35.445537, "経度": 133.379269, "url": "https://www.iryou.teikyouseido.mhlw.go.jp/znk-web/juminkanja/S2430/initialize?prefCd=31&kikanCd=P3840728&kikanKbn=5", "url2": null, "内容": "とみよし調剤薬局【5:薬局】鳥取県西伯郡日吉津村日吉津１４１７－１" }, "geometry": { "type": "Point", "coordinates": [ 133.379269, 35.445537 ] } },
{ "type": "Feature", "properties": { "ID": "315P3840787", "正式名称": "イオン薬局日吉津店", "機関区分": 5, "都道府県コード": 31, "市区町村コード": 384, "所在地": "鳥取県西伯郡日吉津村日吉津１１６０－１", "緯度": 35.445769, "経度": 133.387083, "url": "https://www.iryou.teikyouseido.mhlw.go.jp/znk-web/juminkanja/S2430/initialize?prefCd=31&kikanCd=P3840787&kikanKbn=5", "url2": null, "内容": "イオン薬局日吉津店【5:薬局】鳥取県西伯郡日吉津村日吉津１１６０－１" }, "geometry": { "type": "Point", "coordinates": [ 133.387083, 35.445769 ] } },
{ "type": "Feature", "properties": { "ID": "315P3840811", "正式名称": "うなばら薬局", "機関区分": 5, "都道府県コード": 31, "市区町村コード": 384, "所在地": "鳥取県西伯郡日吉津村日吉津１５８２－１", "緯度": 35.449291, "経度": 133.386548, "url": "https://www.iryou.teikyouseido.mhlw.go.jp/znk-web/juminkanja/S2430/initialize?prefCd=31&kikanCd=P3840811&kikanKbn=5", "url2": "https://kintaka.co.jp/", "内容": "うなばら薬局【5:薬局】鳥取県西伯郡日吉津村日吉津１５８２－１" }, "geometry": { "type": "Point", "coordinates": [ 133.386548, 35.449291 ] } },
{ "type": "Feature", "properties": { "ID": "315P3860729", "正式名称": "大山口薬局", "機関区分": 5, "都道府県コード": 31, "市区町村コード": 386, "所在地": "鳥取県西伯郡大山町末長２９２－７", "緯度": 35.481772, "経度": 133.4603, "url": "https://www.iryou.teikyouseido.mhlw.go.jp/znk-web/juminkanja/S2430/initialize?prefCd=31&kikanCd=P3860729&kikanKbn=5", "url2": "https://kintaka.co.jp/", "内容": "大山口薬局【5:薬局】鳥取県西伯郡大山町末長２９２－７" }, "geometry": { "type": "Point", "coordinates": [ 133.4603, 35.481772 ] } },
{ "type": "Feature", "properties": { "ID": "315P3860989", "正式名称": "いな薬局", "機関区分": 5, "都道府県コード": 31, "市区町村コード": 386, "所在地": "鳥取県西伯郡大山町富長７４９－３", "緯度": 35.498583, "経度": 133.477407, "url": "https://www.iryou.teikyouseido.mhlw.go.jp/znk-web/juminkanja/S2430/initialize?prefCd=31&kikanCd=P3860989&kikanKbn=5", "url2": null, "内容": "いな薬局【5:薬局】鳥取県西伯郡大山町富長７４９－３" }, "geometry": { "type": "Point", "coordinates": [ 133.477407, 35.498583 ] } },
{ "type": "Feature", "properties": { "ID": "315P3861004", "正式名称": "野の花薬局", "機関区分": 5, "都道府県コード": 31, "市区町村コード": 386, "所在地": "鳥取県西伯郡大山町田中６５１－１", "緯度": 35.520821, "経度": 133.588654, "url": "https://www.iryou.teikyouseido.mhlw.go.jp/znk-web/juminkanja/S2430/initialize?prefCd=31&kikanCd=P3861004&kikanKbn=5", "url2": "http;/www.e-class.net./nonohana/", "内容": "野の花薬局【5:薬局】鳥取県西伯郡大山町田中６５１－１" }, "geometry": { "type": "Point", "coordinates": [ 133.588654, 35.520821 ] } },
{ "type": "Feature", "properties": { "ID": "315P3890764", "正式名称": "なんぶ薬局", "機関区分": 5, "都道府県コード": 31, "市区町村コード": 389, "所在地": "鳥取県西伯郡南部町阿賀字平塚２０２－１", "緯度": 35.356055, "経度": 133.329308, "url": "https://www.iryou.teikyouseido.mhlw.go.jp/znk-web/juminkanja/S2430/initialize?prefCd=31&kikanCd=P3890764&kikanKbn=5", "url2": "https://kintaka.co.jp/", "内容": "なんぶ薬局【5:薬局】鳥取県西伯郡南部町阿賀字平塚２０２－１" }, "geometry": { "type": "Point", "coordinates": [ 133.329308, 35.356055 ] } },
{ "type": "Feature", "properties": { "ID": "315P3890841", "正式名称": "ヤマト薬局", "機関区分": 5, "都道府県コード": 31, "市区町村コード": 389, "所在地": "鳥取県西伯郡南部町倭３８１－９", "緯度": 35.34872, "経度": 133.326238, "url": "https://www.iryou.teikyouseido.mhlw.go.jp/znk-web/juminkanja/S2430/initialize?prefCd=31&kikanCd=P3890841&kikanKbn=5", "url2": "https://arc-yamato.com/", "内容": "ヤマト薬局【5:薬局】鳥取県西伯郡南部町倭３８１－９" }, "geometry": { "type": "Point", "coordinates": [ 133.326238, 35.34872 ] } },
{ "type": "Feature", "properties": { "ID": "315P3890914", "正式名称": "おおくに調剤薬局", "機関区分": 5, "都道府県コード": 31, "市区町村コード": 389, "所在地": "鳥取県西伯郡南部町倭３９７－２０", "緯度": 35.347577, "経度": 133.32614, "url": "https://www.iryou.teikyouseido.mhlw.go.jp/znk-web/juminkanja/S2430/initialize?prefCd=31&kikanCd=P3890914&kikanKbn=5", "url2": "http://www.ssmile.co.jp", "内容": "おおくに調剤薬局【5:薬局】鳥取県西伯郡南部町倭３９７－２０" }, "geometry": { "type": "Point", "coordinates": [ 133.32614, 35.347577 ] } },
{ "type": "Feature", "properties": { "ID": "315P3900622", "正式名称": "鬼守調剤薬局", "機関区分": 5, "都道府県コード": 31, "市区町村コード": 390, "所在地": "鳥取県西伯郡伯耆町溝口１７３－５", "緯度": 35.346511, "経度": 133.434408, "url": "https://www.iryou.teikyouseido.mhlw.go.jp/znk-web/juminkanja/S2430/initialize?prefCd=31&kikanCd=P3900622&kikanKbn=5", "url2": "https://www.kimori-pharmacy.com/home", "内容": "鬼守調剤薬局【5:薬局】鳥取県西伯郡伯耆町溝口１７３－５" }, "geometry": { "type": "Point", "coordinates": [ 133.434408, 35.346511 ] } },
{ "type": "Feature", "properties": { "ID": "315P3900686", "正式名称": "なのはな薬局", "機関区分": 5, "都道府県コード": 31, "市区町村コード": 390, "所在地": "鳥取県西伯郡伯耆町大原９３０－２", "緯度": 35.385851, "経度": 133.456199, "url": "https://www.iryou.teikyouseido.mhlw.go.jp/znk-web/juminkanja/S2430/initialize?prefCd=31&kikanCd=P3900686&kikanKbn=5", "url2": null, "内容": "なのはな薬局【5:薬局】鳥取県西伯郡伯耆町大原９３０－２" }, "geometry": { "type": "Point", "coordinates": [ 133.456199, 35.385851 ] } },
{ "type": "Feature", "properties": { "ID": "315P3900755", "正式名称": "ナガイ薬局", "機関区分": 5, "都道府県コード": 31, "市区町村コード": 390, "所在地": "鳥取県西伯郡伯耆町大殿６１８", "緯度": 35.390229, "経度": 133.393232, "url": "https://www.iryou.teikyouseido.mhlw.go.jp/znk-web/juminkanja/S2430/initialize?prefCd=31&kikanCd=P3900755&kikanKbn=5", "url2": "https://www.nagai-yakkyoku.com/", "内容": "ナガイ薬局【5:薬局】鳥取県西伯郡伯耆町大殿６１８" }, "geometry": { "type": "Point", "coordinates": [ 133.393232, 35.390229 ] } },
{ "type": "Feature", "properties": { "ID": "315P3900990", "正式名称": "フラワー薬局", "機関区分": 5, "都道府県コード": 31, "市区町村コード": 390, "所在地": "鳥取県西伯郡伯耆町溝口２－１", "緯度": 35.350699, "経度": 133.433474, "url": "https://www.iryou.teikyouseido.mhlw.go.jp/znk-web/juminkanja/S2430/initialize?prefCd=31&kikanCd=P3900990&kikanKbn=5", "url2": "https://arc-yamato.com", "内容": "フラワー薬局【5:薬局】鳥取県西伯郡伯耆町溝口２－１" }, "geometry": { "type": "Point", "coordinates": [ 133.433474, 35.350699 ] } },
{ "type": "Feature", "properties": { "ID": "315P4010804", "正式名称": "日南薬局", "機関区分": 5, "都道府県コード": 31, "市区町村コード": 401, "所在地": "鳥取県日野郡日南町生山字塚ノ向５０６－１１", "緯度": 35.166056, "経度": 133.320208, "url": "https://www.iryou.teikyouseido.mhlw.go.jp/znk-web/juminkanja/S2430/initialize?prefCd=31&kikanCd=P4010804&kikanKbn=5", "url2": "http://www.ssmile.co.jp", "内容": "日南薬局【5:薬局】鳥取県日野郡日南町生山字塚ノ向５０６－１１" }, "geometry": { "type": "Point", "coordinates": [ 133.320208, 35.166056 ] } },
{ "type": "Feature", "properties": { "ID": "315P4020668", "正式名称": "トミヤ調剤薬局", "機関区分": 5, "都道府県コード": 31, "市区町村コード": 402, "所在地": "鳥取県日野郡日野町野田３１７－６", "緯度": 35.235939, "経度": 133.43719, "url": "https://www.iryou.teikyouseido.mhlw.go.jp/znk-web/juminkanja/S2430/initialize?prefCd=31&kikanCd=P4020668&kikanKbn=5", "url2": null, "内容": "トミヤ調剤薬局【5:薬局】鳥取県日野郡日野町野田３１７－６" }, "geometry": { "type": "Point", "coordinates": [ 133.43719, 35.235939 ] } },
{ "type": "Feature", "properties": { "ID": "315P4020778", "正式名称": "おしどり調剤薬局", "機関区分": 5, "都道府県コード": 31, "市区町村コード": 402, "所在地": "鳥取県日野郡日野町野田３１９－５", "緯度": 35.235989, "経度": 133.437084, "url": "https://www.iryou.teikyouseido.mhlw.go.jp/znk-web/juminkanja/S2430/initialize?prefCd=31&kikanCd=P4020778&kikanKbn=5", "url2": null, "内容": "おしどり調剤薬局【5:薬局】鳥取県日野郡日野町野田３１９－５" }, "geometry": { "type": "Point", "coordinates": [ 133.437084, 35.235989 ] } },
{ "type": "Feature", "properties": { "ID": "315P4030814", "正式名称": "江府総合薬局", "機関区分": 5, "都道府県コード": 31, "市区町村コード": 403, "所在地": "鳥取県日野郡江府町江尾１８３５", "緯度": 35.282382, "経度": 133.48558, "url": "https://www.iryou.teikyouseido.mhlw.go.jp/znk-web/juminkanja/S2430/initialize?prefCd=31&kikanCd=P4030814&kikanKbn=5", "url2": null, "内容": "江府総合薬局【5:薬局】鳥取県日野郡江府町江尾１８３５" }, "geometry": { "type": "Point", "coordinates": [ 133.48558, 35.282382 ] } }
]
}
