{
"type": "FeatureCollection",
"name": "geo_31_2",
"crs": { "type": "name", "properties": { "name": "urn:ogc:def:crs:OGC:1.3:CRS84" } },
"features": [
{ "type": "Feature", "properties": { "ID": "3123111000002", "正式名称": "医療法人　藤田医院", "機関区分": 2, "都道府県コード": 31, "市区町村コード": 302, "所在地": "鳥取県岩美郡岩美町浦富１０３０－２２", "緯度": 35.572517, "経度": 134.334356, "url": "https://www.iryou.teikyouseido.mhlw.go.jp/znk-web/juminkanja/S2430/initialize?prefCd=31&kikanCd=3111000002&kikanKbn=2", "url2": null, "内容": "医療法人　藤田医院【2:診療所】【診療科目:内科_小児科】鳥取県岩美郡岩美町浦富１０３０－２２" }, "geometry": { "type": "Point", "coordinates": [ 134.334356, 35.572517 ] } },
{ "type": "Feature", "properties": { "ID": "3123111000006", "正式名称": "境港日曜休日応急診療所", "機関区分": 2, "都道府県コード": 31, "市区町村コード": 204, "所在地": "鳥取県境港市上道町３０００", "緯度": 35.539164, "経度": 133.231589, "url": "https://www.iryou.teikyouseido.mhlw.go.jp/znk-web/juminkanja/S2430/initialize?prefCd=31&kikanCd=3111000006&kikanKbn=2", "url2": null, "内容": "境港日曜休日応急診療所【2:診療所】【診療科目:内科_小児科】鳥取県境港市上道町３０００" }, "geometry": { "type": "Point", "coordinates": [ 133.231589, 35.539164 ] } },
{ "type": "Feature", "properties": { "ID": "3123111000011", "正式名称": "中本内科医院", "機関区分": 2, "都道府県コード": 31, "市区町村コード": 371, "所在地": "鳥取県東伯郡琴浦町八橋１７４０", "緯度": 35.50495, "経度": 133.670639, "url": "https://www.iryou.teikyouseido.mhlw.go.jp/znk-web/juminkanja/S2430/initialize?prefCd=31&kikanCd=3111000011&kikanKbn=2", "url2": null, "内容": "中本内科医院【2:診療所】【診療科目:内科_循環器内科_消化器内科_小児科】鳥取県東伯郡琴浦町八橋１７４０" }, "geometry": { "type": "Point", "coordinates": [ 133.670639, 35.50495 ] } },
{ "type": "Feature", "properties": { "ID": "3123111000012", "正式名称": "医療法人社団　赤碕診療所", "機関区分": 2, "都道府県コード": 31, "市区町村コード": 371, "所在地": "鳥取県東伯郡琴浦町大字赤碕１９２０－７４", "緯度": 35.51305, "経度": 133.630839, "url": "https://www.iryou.teikyouseido.mhlw.go.jp/znk-web/juminkanja/S2430/initialize?prefCd=31&kikanCd=3111000012&kikanKbn=2", "url2": "https://tetsuyaaoki2000.wixsite.com/akashin", "内容": "医療法人社団　赤碕診療所【2:診療所】【診療科目:内科_内分泌内科_循環器内科_消化器内科_外科_整形外科_小児科】鳥取県東伯郡琴浦町大字赤碕１９２０－７４" }, "geometry": { "type": "Point", "coordinates": [ 133.630839, 35.51305 ] } },
{ "type": "Feature", "properties": { "ID": "3123111000013", "正式名称": "せのお小児科内科医院", "機関区分": 2, "都道府県コード": 31, "市区町村コード": 371, "所在地": "鳥取県東伯郡琴浦町赤碕１９８４－１０", "緯度": 35.515973, "経度": 133.637269, "url": "https://www.iryou.teikyouseido.mhlw.go.jp/znk-web/juminkanja/S2430/initialize?prefCd=31&kikanCd=3111000013&kikanKbn=2", "url2": null, "内容": "せのお小児科内科医院【2:診療所】【診療科目:内科_小児科_アレルギー科】鳥取県東伯郡琴浦町赤碕１９８４－１０" }, "geometry": { "type": "Point", "coordinates": [ 133.637269, 35.515973 ] } },
{ "type": "Feature", "properties": { "ID": "3123111000014", "正式名称": "吉水医院", "機関区分": 2, "都道府県コード": 31, "市区町村コード": 364, "所在地": "鳥取県東伯郡三朝町本泉４１９－１", "緯度": 35.403817, "経度": 133.861819, "url": "https://www.iryou.teikyouseido.mhlw.go.jp/znk-web/juminkanja/S2430/initialize?prefCd=31&kikanCd=3111000014&kikanKbn=2", "url2": null, "内容": "吉水医院【2:診療所】【診療科目:内科_呼吸器内科_循環器内科_消化器内科_小児科】鳥取県東伯郡三朝町本泉４１９－１" }, "geometry": { "type": "Point", "coordinates": [ 133.861819, 35.403817 ] } },
{ "type": "Feature", "properties": { "ID": "3123111000015", "正式名称": "中部休日急患診療所", "機関区分": 2, "都道府県コード": 31, "市区町村コード": 203, "所在地": "鳥取県倉吉市旭田町１８鳥取県中部医師会館内", "緯度": 35.43601, "経度": 133.81902, "url": "https://www.iryou.teikyouseido.mhlw.go.jp/znk-web/juminkanja/S2430/initialize?prefCd=31&kikanCd=3111000015&kikanKbn=2", "url2": "https://www.chuubu.tottori.med.or.jp/bumon/kyukan.html", "内容": "中部休日急患診療所【2:診療所】【診療科目:内科_小児科】鳥取県倉吉市旭田町１８鳥取県中部医師会館内" }, "geometry": { "type": "Point", "coordinates": [ 133.81902, 35.43601 ] } },
{ "type": "Feature", "properties": { "ID": "3123111000016", "正式名称": "鳥取県立中部療育園", "機関区分": 2, "都道府県コード": 31, "市区町村コード": 203, "所在地": "鳥取県倉吉市上井５０３番地１", "緯度": 35.453207, "経度": 133.843041, "url": "https://www.iryou.teikyouseido.mhlw.go.jp/znk-web/juminkanja/S2430/initialize?prefCd=31&kikanCd=3111000016&kikanKbn=2", "url2": "https://www.pref.tottori.lg.jp/chubu-ryouikuen/", "内容": "鳥取県立中部療育園【2:診療所】【診療科目:小児科_リハビリテーション科】鳥取県倉吉市上井５０３番地１" }, "geometry": { "type": "Point", "coordinates": [ 133.843041, 35.453207 ] } },
{ "type": "Feature", "properties": { "ID": "3123111000017", "正式名称": "あけしまレディースクリニック", "機関区分": 2, "都道府県コード": 31, "市区町村コード": 203, "所在地": "鳥取県倉吉市幸町５０７－１８", "緯度": 35.435585, "経度": 133.835726, "url": "https://www.iryou.teikyouseido.mhlw.go.jp/znk-web/juminkanja/S2430/initialize?prefCd=31&kikanCd=3111000017&kikanKbn=2", "url2": "https://www.akeshimaclinic.jp", "内容": "あけしまレディースクリニック【2:診療所】【診療科目:内科_小児科_産婦人科】鳥取県倉吉市幸町５０７－１８" }, "geometry": { "type": "Point", "coordinates": [ 133.835726, 35.435585 ] } },
{ "type": "Feature", "properties": { "ID": "3123111000018", "正式名称": "打吹公園クリニック", "機関区分": 2, "都道府県コード": 31, "市区町村コード": 203, "所在地": "鳥取県倉吉市仲ノ町７７０", "緯度": 35.431439, "経度": 133.821647, "url": "https://www.iryou.teikyouseido.mhlw.go.jp/znk-web/juminkanja/S2430/initialize?prefCd=31&kikanCd=3111000018&kikanKbn=2", "url2": "utsubuki-cl.com", "内容": "打吹公園クリニック【2:診療所】【診療科目:内科_小児科_産科_婦人科】鳥取県倉吉市仲ノ町７７０" }, "geometry": { "type": "Point", "coordinates": [ 133.821647, 35.431439 ] } },
{ "type": "Feature", "properties": { "ID": "3123111000019", "正式名称": "医療法人社団　大石医院", "機関区分": 2, "都道府県コード": 31, "市区町村コード": 203, "所在地": "鳥取県倉吉市西倉吉町２２番地の１０", "緯度": 35.430195, "経度": 133.80538, "url": "https://www.iryou.teikyouseido.mhlw.go.jp/znk-web/juminkanja/S2430/initialize?prefCd=31&kikanCd=3111000019&kikanKbn=2", "url2": null, "内容": "医療法人社団　大石医院【2:診療所】【診療科目:呼吸器内科_小児科_皮膚科】鳥取県倉吉市西倉吉町２２番地の１０" }, "geometry": { "type": "Point", "coordinates": [ 133.80538, 35.430195 ] } },
{ "type": "Feature", "properties": { "ID": "3123111000020", "正式名称": "医療法人岡本小児科医院", "機関区分": 2, "都道府県コード": 31, "市区町村コード": 203, "所在地": "鳥取県倉吉市昭和町１丁目６１番地", "緯度": 35.434162, "経度": 133.836454, "url": "https://www.iryou.teikyouseido.mhlw.go.jp/znk-web/juminkanja/S2430/initialize?prefCd=31&kikanCd=3111000020&kikanKbn=2", "url2": "https://opc221051.info/index.html", "内容": "医療法人岡本小児科医院【2:診療所】【診療科目:小児科】鳥取県倉吉市昭和町１丁目６１番地" }, "geometry": { "type": "Point", "coordinates": [ 133.836454, 35.434162 ] } },
{ "type": "Feature", "properties": { "ID": "3123111000021", "正式名称": "医療法人　新田内科クリニック", "機関区分": 2, "都道府県コード": 31, "市区町村コード": 203, "所在地": "鳥取県倉吉市生田３６０－１", "緯度": 35.418953, "経度": 133.806228, "url": "https://www.iryou.teikyouseido.mhlw.go.jp/znk-web/juminkanja/S2430/initialize?prefCd=31&kikanCd=3111000021&kikanKbn=2", "url2": "https://www.nittanaika-cl.jp", "内容": "医療法人　新田内科クリニック【2:診療所】【診療科目:内科_呼吸器内科_循環器内科_消化器内科_神経内科_小児科】鳥取県倉吉市生田３６０－１" }, "geometry": { "type": "Point", "coordinates": [ 133.806228, 35.418953 ] } },
{ "type": "Feature", "properties": { "ID": "3123111000023", "正式名称": "ふくらクリニック", "機関区分": 2, "都道府県コード": 31, "市区町村コード": 203, "所在地": "鳥取県倉吉市山根５３２", "緯度": 35.449106, "経度": 133.850061, "url": "https://www.iryou.teikyouseido.mhlw.go.jp/znk-web/juminkanja/S2430/initialize?prefCd=31&kikanCd=3111000023&kikanKbn=2", "url2": null, "内容": "ふくらクリニック【2:診療所】【診療科目:内科_消化器内科_肝臓内科_漢方内科】鳥取県倉吉市山根５３２" }, "geometry": { "type": "Point", "coordinates": [ 133.850061, 35.449106 ] } },
{ "type": "Feature", "properties": { "ID": "3123111000024", "正式名称": "医療法人　まつだ小児科医院", "機関区分": 2, "都道府県コード": 31, "市区町村コード": 203, "所在地": "鳥取県倉吉市新３丁目１１７８番地", "緯度": 35.434636, "経度": 133.821244, "url": "https://www.iryou.teikyouseido.mhlw.go.jp/znk-web/juminkanja/S2430/initialize?prefCd=31&kikanCd=3111000024&kikanKbn=2", "url2": "http://www.mpc-kodomo.sakura.ne.jp", "内容": "医療法人　まつだ小児科医院【2:診療所】【診療科目:小児科_アレルギー科】鳥取県倉吉市新３丁目１１７８番地" }, "geometry": { "type": "Point", "coordinates": [ 133.821244, 35.434636 ] } },
{ "type": "Feature", "properties": { "ID": "3123111000026", "正式名称": "大津医院", "機関区分": 2, "都道府県コード": 31, "市区町村コード": 203, "所在地": "鳥取県倉吉市福吉１３８９－５", "緯度": 35.433807, "経度": 133.818212, "url": "https://www.iryou.teikyouseido.mhlw.go.jp/znk-web/juminkanja/S2430/initialize?prefCd=31&kikanCd=3111000026&kikanKbn=2", "url2": "https://www.ohtsuclinic", "内容": "大津医院【2:診療所】【診療科目:内科_消化器内科_小児科】鳥取県倉吉市福吉１３８９－５" }, "geometry": { "type": "Point", "coordinates": [ 133.818212, 35.433807 ] } },
{ "type": "Feature", "properties": { "ID": "3123111000028", "正式名称": "大山町国民健康保険名和診療所", "機関区分": 2, "都道府県コード": 31, "市区町村コード": 386, "所在地": "鳥取県西伯郡大山町御来屋４６７番地保健福祉センターなわ内", "緯度": 35.5069072, "経度": 133.493661, "url": "https://www.iryou.teikyouseido.mhlw.go.jp/znk-web/juminkanja/S2430/initialize?prefCd=31&kikanCd=3111000028&kikanKbn=2", "url2": "https://www.daisen.jp/1/11/4/1/", "内容": "大山町国民健康保険名和診療所【2:診療所】【診療科目:内科_小児科】鳥取県西伯郡大山町御来屋４６７番地保健福祉センターなわ内" }, "geometry": { "type": "Point", "coordinates": [ 133.493661, 35.5069072 ] } },
{ "type": "Feature", "properties": { "ID": "3123111000029", "正式名称": "医療法人社団　谷口医院", "機関区分": 2, "都道府県コード": 31, "市区町村コード": 201, "所在地": "鳥取県鳥取市南町４２５番地", "緯度": 35.499688, "経度": 134.22611, "url": "https://www.iryou.teikyouseido.mhlw.go.jp/znk-web/juminkanja/S2430/initialize?prefCd=31&kikanCd=3111000029&kikanKbn=2", "url2": null, "内容": "医療法人社団　谷口医院【2:診療所】【診療科目:内科_呼吸器内科_循環器内科_消化器内科】鳥取県鳥取市南町４２５番地" }, "geometry": { "type": "Point", "coordinates": [ 134.22611, 35.499688 ] } },
{ "type": "Feature", "properties": { "ID": "3123111000030", "正式名称": "医療法人社団　麻木クリニック", "機関区分": 2, "都道府県コード": 31, "市区町村コード": 201, "所在地": "鳥取県鳥取市松並町２丁目５０２－１", "緯度": 35.517786, "経度": 134.219408, "url": "https://www.iryou.teikyouseido.mhlw.go.jp/znk-web/juminkanja/S2430/initialize?prefCd=31&kikanCd=3111000030&kikanKbn=2", "url2": null, "内容": "医療法人社団　麻木クリニック【2:診療所】【診療科目:内科_小児科_耳鼻いんこう科】鳥取県鳥取市松並町２丁目５０２－１" }, "geometry": { "type": "Point", "coordinates": [ 134.219408, 35.517786 ] } },
{ "type": "Feature", "properties": { "ID": "3123111000032", "正式名称": "いしこ内科循環器科医院", "機関区分": 2, "都道府県コード": 31, "市区町村コード": 201, "所在地": "鳥取県鳥取市湖山町南３－３０１－１", "緯度": 35.5071, "経度": 134.180903, "url": "https://www.iryou.teikyouseido.mhlw.go.jp/znk-web/juminkanja/S2430/initialize?prefCd=31&kikanCd=3111000032&kikanKbn=2", "url2": null, "内容": "いしこ内科循環器科医院【2:診療所】【診療科目:内科_循環器内科_胃腸内科_小児科】鳥取県鳥取市湖山町南３－３０１－１" }, "geometry": { "type": "Point", "coordinates": [ 134.180903, 35.5071 ] } },
{ "type": "Feature", "properties": { "ID": "3123111000033", "正式名称": "医療法人　石谷小児科医院", "機関区分": 2, "都道府県コード": 31, "市区町村コード": 201, "所在地": "鳥取県鳥取市上魚町１３番地", "緯度": 35.500491, "経度": 134.235274, "url": "https://www.iryou.teikyouseido.mhlw.go.jp/znk-web/juminkanja/S2430/initialize?prefCd=31&kikanCd=3111000033&kikanKbn=2", "url2": "http://www.newton-dr.com/0857223354/", "内容": "医療法人　石谷小児科医院【2:診療所】【診療科目:小児科】鳥取県鳥取市上魚町１３番地" }, "geometry": { "type": "Point", "coordinates": [ 134.235274, 35.500491 ] } },
{ "type": "Feature", "properties": { "ID": "3123111000034", "正式名称": "石丸こどもクリニック", "機関区分": 2, "都道府県コード": 31, "市区町村コード": 201, "所在地": "鳥取県鳥取市天神町３１－２", "緯度": 35.481797, "経度": 134.247508, "url": "https://www.iryou.teikyouseido.mhlw.go.jp/znk-web/juminkanja/S2430/initialize?prefCd=31&kikanCd=3111000034&kikanKbn=2", "url2": null, "内容": "石丸こどもクリニック【2:診療所】【診療科目:小児科_アレルギー科】鳥取県鳥取市天神町３１－２" }, "geometry": { "type": "Point", "coordinates": [ 134.247508, 35.481797 ] } },
{ "type": "Feature", "properties": { "ID": "3123111000035", "正式名称": "医療法人イナカ内科医院", "機関区分": 2, "都道府県コード": 31, "市区町村コード": 201, "所在地": "鳥取県鳥取市正蓮寺４３番地", "緯度": 35.472361, "経度": 134.243456, "url": "https://www.iryou.teikyouseido.mhlw.go.jp/znk-web/juminkanja/S2430/initialize?prefCd=31&kikanCd=3111000035&kikanKbn=2", "url2": null, "内容": "医療法人イナカ内科医院【2:診療所】【診療科目:内科_循環器内科_消化器内科_小児科】鳥取県鳥取市正蓮寺４３番地" }, "geometry": { "type": "Point", "coordinates": [ 134.243456, 35.472361 ] } },
{ "type": "Feature", "properties": { "ID": "3123111000036", "正式名称": "いわさわ医院", "機関区分": 2, "都道府県コード": 31, "市区町村コード": 201, "所在地": "鳥取県鳥取市若葉台南６丁目２３－２６", "緯度": 35.444669, "経度": 134.261353, "url": "https://www.iryou.teikyouseido.mhlw.go.jp/znk-web/juminkanja/S2430/initialize?prefCd=31&kikanCd=3111000036&kikanKbn=2", "url2": null, "内容": "いわさわ医院【2:診療所】【診療科目:内科_消化器内科_小児科】鳥取県鳥取市若葉台南６丁目２３－２６" }, "geometry": { "type": "Point", "coordinates": [ 134.261353, 35.444669 ] } },
{ "type": "Feature", "properties": { "ID": "3123111000037", "正式名称": "医療法人　岡本医院", "機関区分": 2, "都道府県コード": 31, "市区町村コード": 201, "所在地": "鳥取県鳥取市津ノ井２５８－２", "緯度": 35.506182, "経度": 134.23605, "url": "https://www.iryou.teikyouseido.mhlw.go.jp/znk-web/juminkanja/S2430/initialize?prefCd=31&kikanCd=3111000037&kikanKbn=2", "url2": "http://www/tottori-okamotoiin.com", "内容": "医療法人　岡本医院【2:診療所】【診療科目:内科_消化器内科_小児科】鳥取県鳥取市津ノ井２５８－２" }, "geometry": { "type": "Point", "coordinates": [ 134.23605, 35.506182 ] } },
{ "type": "Feature", "properties": { "ID": "3123111000038", "正式名称": "おくだこどもクリニック", "機関区分": 2, "都道府県コード": 31, "市区町村コード": 201, "所在地": "鳥取県鳥取市湖山町東３丁目６７", "緯度": 35.517642, "経度": 134.188949, "url": "https://www.iryou.teikyouseido.mhlw.go.jp/znk-web/juminkanja/S2430/initialize?prefCd=31&kikanCd=3111000038&kikanKbn=2", "url2": "http://www.okudakodomo.net", "内容": "おくだこどもクリニック【2:診療所】【診療科目:小児科_アレルギー科】鳥取県鳥取市湖山町東３丁目６７" }, "geometry": { "type": "Point", "coordinates": [ 134.188949, 35.517642 ] } },
{ "type": "Feature", "properties": { "ID": "3123111000039", "正式名称": "こどもクリニックふかざわ", "機関区分": 2, "都道府県コード": 31, "市区町村コード": 201, "所在地": "鳥取県鳥取市南隈５６５", "緯度": 35.521794, "経度": 134.19935, "url": "https://www.iryou.teikyouseido.mhlw.go.jp/znk-web/juminkanja/S2430/initialize?prefCd=31&kikanCd=3111000039&kikanKbn=2", "url2": null, "内容": "こどもクリニックふかざわ【2:診療所】【診療科目:小児科_アレルギー科】鳥取県鳥取市南隈５６５" }, "geometry": { "type": "Point", "coordinates": [ 134.19935, 35.521794 ] } },
{ "type": "Feature", "properties": { "ID": "312311100004", "正式名称": "栄町クリニック", "機関区分": 2, "都道府県コード": 31, "市区町村コード": 201, "所在地": "鳥取県鳥取市栄町２１１－２", "緯度": 35.497942, "経度": 134.229053, "url": "https://www.iryou.teikyouseido.mhlw.go.jp/znk-web/juminkanja/S2430/initialize?prefCd=31&kikanCd=311100004&kikanKbn=2", "url2": null, "内容": "栄町クリニック【2:診療所】【診療科目:内科_呼吸器内科_循環器内科_消化器内科_小児科_アレルギー科】鳥取県鳥取市栄町２１１－２" }, "geometry": { "type": "Point", "coordinates": [ 134.229053, 35.497942 ] } },
{ "type": "Feature", "properties": { "ID": "3123111000040", "正式名称": "医療法人社団　こばやし内科", "機関区分": 2, "都道府県コード": 31, "市区町村コード": 201, "所在地": "鳥取県鳥取市宮長９－１", "緯度": 35.476395, "経度": 134.226166, "url": "https://www.iryou.teikyouseido.mhlw.go.jp/znk-web/juminkanja/S2430/initialize?prefCd=31&kikanCd=3111000040&kikanKbn=2", "url2": null, "内容": "医療法人社団　こばやし内科【2:診療所】【診療科目:内科_循環器内科_消化器内科】鳥取県鳥取市宮長９－１" }, "geometry": { "type": "Point", "coordinates": [ 134.226166, 35.476395 ] } },
{ "type": "Feature", "properties": { "ID": "3123111000042", "正式名称": "せいきょう子どもクリニック", "機関区分": 2, "都道府県コード": 31, "市区町村コード": 201, "所在地": "鳥取県鳥取市末広温泉町５６６", "緯度": 35.494056, "経度": 134.232502, "url": "https://www.iryou.teikyouseido.mhlw.go.jp/znk-web/juminkanja/S2430/initialize?prefCd=31&kikanCd=3111000042&kikanKbn=2", "url2": "https://kodomo.mcoop-tottori.jp/", "内容": "せいきょう子どもクリニック【2:診療所】【診療科目:小児科_アレルギー科】鳥取県鳥取市末広温泉町５６６" }, "geometry": { "type": "Point", "coordinates": [ 134.232502, 35.494056 ] } },
{ "type": "Feature", "properties": { "ID": "3123111000045", "正式名称": "医療法人社団田中医院", "機関区分": 2, "都道府県コード": 31, "市区町村コード": 201, "所在地": "鳥取県鳥取市浜坂２－９－１５", "緯度": 35.528931, "経度": 134.212269, "url": "https://www.iryou.teikyouseido.mhlw.go.jp/znk-web/juminkanja/S2430/initialize?prefCd=31&kikanCd=3111000045&kikanKbn=2", "url2": null, "内容": "医療法人社団田中医院【2:診療所】【診療科目:内科_小児科】鳥取県鳥取市浜坂２－９－１５" }, "geometry": { "type": "Point", "coordinates": [ 134.212269, 35.528931 ] } },
{ "type": "Feature", "properties": { "ID": "3123111000046", "正式名称": "たなか小児科医院", "機関区分": 2, "都道府県コード": 31, "市区町村コード": 201, "所在地": "鳥取県鳥取市興南町７６番地", "緯度": 35.487007, "経度": 134.232536, "url": "https://www.iryou.teikyouseido.mhlw.go.jp/znk-web/juminkanja/S2430/initialize?prefCd=31&kikanCd=3111000046&kikanKbn=2", "url2": "https://www.tanaka-shounika.com/", "内容": "たなか小児科医院【2:診療所】【診療科目:小児科】鳥取県鳥取市興南町７６番地" }, "geometry": { "type": "Point", "coordinates": [ 134.232536, 35.487007 ] } },
{ "type": "Feature", "properties": { "ID": "3123111000047", "正式名称": "寺岡医院", "機関区分": 2, "都道府県コード": 31, "市区町村コード": 201, "所在地": "鳥取県鳥取市吉岡温泉町１３５－３", "緯度": 35.485864, "経度": 134.130267, "url": "https://www.iryou.teikyouseido.mhlw.go.jp/znk-web/juminkanja/S2430/initialize?prefCd=31&kikanCd=3111000047&kikanKbn=2", "url2": null, "内容": "寺岡医院【2:診療所】【診療科目:内科_消化器内科_小児科】鳥取県鳥取市吉岡温泉町１３５－３" }, "geometry": { "type": "Point", "coordinates": [ 134.130267, 35.485864 ] } },
{ "type": "Feature", "properties": { "ID": "3123111000049", "正式名称": "医療法人社団　野津医院", "機関区分": 2, "都道府県コード": 31, "市区町村コード": 201, "所在地": "鳥取県鳥取市卯垣四丁目１０１", "緯度": 35.487897, "経度": 134.253544, "url": "https://www.iryou.teikyouseido.mhlw.go.jp/znk-web/juminkanja/S2430/initialize?prefCd=31&kikanCd=3111000049&kikanKbn=2", "url2": null, "内容": "医療法人社団　野津医院【2:診療所】【診療科目:内科】鳥取県鳥取市卯垣四丁目１０１" }, "geometry": { "type": "Point", "coordinates": [ 134.253544, 35.487897 ] } },
{ "type": "Feature", "properties": { "ID": "3123111000051", "正式名称": "堀内医院", "機関区分": 2, "都道府県コード": 31, "市区町村コード": 201, "所在地": "鳥取県鳥取市湖山町南１－６２３堀内医院", "緯度": 35.515472, "経度": 134.179498, "url": "https://www.iryou.teikyouseido.mhlw.go.jp/znk-web/juminkanja/S2430/initialize?prefCd=31&kikanCd=3111000051&kikanKbn=2", "url2": null, "内容": "堀内医院【2:診療所】【診療科目:内科_呼吸器内科】鳥取県鳥取市湖山町南１－６２３堀内医院" }, "geometry": { "type": "Point", "coordinates": [ 134.179498, 35.515472 ] } },
{ "type": "Feature", "properties": { "ID": "3123111000052", "正式名称": "前田医院", "機関区分": 2, "都道府県コード": 31, "市区町村コード": 201, "所在地": "鳥取県鳥取市西品治６４４－１", "緯度": 35.508467, "経度": 134.220203, "url": "https://www.iryou.teikyouseido.mhlw.go.jp/znk-web/juminkanja/S2430/initialize?prefCd=31&kikanCd=3111000052&kikanKbn=2", "url2": "http://www.ncn-t.net/maeta80/", "内容": "前田医院【2:診療所】【診療科目:内科_外科_小児科_麻酔科】鳥取県鳥取市西品治６４４－１" }, "geometry": { "type": "Point", "coordinates": [ 134.220203, 35.508467 ] } },
{ "type": "Feature", "properties": { "ID": "3123111000053", "正式名称": "松岡内科", "機関区分": 2, "都道府県コード": 31, "市区町村コード": 201, "所在地": "鳥取県鳥取市賀露町南１丁目１８番１６号", "緯度": 35.523467, "経度": 134.186517, "url": "https://www.iryou.teikyouseido.mhlw.go.jp/znk-web/juminkanja/S2430/initialize?prefCd=31&kikanCd=3111000053&kikanKbn=2", "url2": null, "内容": "松岡内科【2:診療所】【診療科目:内科_糖尿病内科_呼吸器内科_循環器内科_消化器内科_神経内科_小児科_リウマチ科】鳥取県鳥取市賀露町南１丁目１８番１６号" }, "geometry": { "type": "Point", "coordinates": [ 134.186517, 35.523467 ] } },
{ "type": "Feature", "properties": { "ID": "3123111000054", "正式名称": "もとだクリニック", "機関区分": 2, "都道府県コード": 31, "市区町村コード": 201, "所在地": "鳥取県鳥取市国府町宮下もとだクリニック", "緯度": 35.479637, "経度": 134.26979, "url": "https://www.iryou.teikyouseido.mhlw.go.jp/znk-web/juminkanja/S2430/initialize?prefCd=31&kikanCd=3111000054&kikanKbn=2", "url2": null, "内容": "もとだクリニック【2:診療所】【診療科目:内科_呼吸器内科_循環器内科_消化器内科_小児科】鳥取県鳥取市国府町宮下もとだクリニック" }, "geometry": { "type": "Point", "coordinates": [ 134.26979, 35.479637 ] } },
{ "type": "Feature", "properties": { "ID": "3123111000055", "正式名称": "医療法人社団よしだ内科医院", "機関区分": 2, "都道府県コード": 31, "市区町村コード": 201, "所在地": "鳥取県鳥取市湖山町北六丁目４４８－１", "緯度": 35.522919, "経度": 134.186151, "url": "https://www.iryou.teikyouseido.mhlw.go.jp/znk-web/juminkanja/S2430/initialize?prefCd=31&kikanCd=3111000055&kikanKbn=2", "url2": null, "内容": "医療法人社団よしだ内科医院【2:診療所】【診療科目:内科_循環器内科_神経内科_小児科】鳥取県鳥取市湖山町北六丁目４４８－１" }, "geometry": { "type": "Point", "coordinates": [ 134.186151, 35.522919 ] } },
{ "type": "Feature", "properties": { "ID": "3123111000056", "正式名称": "わくしま内科医院", "機関区分": 2, "都道府県コード": 31, "市区町村コード": 201, "所在地": "鳥取県鳥取市松並町１丁目１２８", "緯度": 35.51585, "経度": 134.220528, "url": "https://www.iryou.teikyouseido.mhlw.go.jp/znk-web/juminkanja/S2430/initialize?prefCd=31&kikanCd=3111000056&kikanKbn=2", "url2": null, "内容": "わくしま内科医院【2:診療所】【診療科目:内科_循環器内科_消化器内科_小児科】鳥取県鳥取市松並町１丁目１２８" }, "geometry": { "type": "Point", "coordinates": [ 134.220528, 35.51585 ] } },
{ "type": "Feature", "properties": { "ID": "3123111000059", "正式名称": "山脇医院", "機関区分": 2, "都道府県コード": 31, "市区町村コード": 201, "所在地": "鳥取県鳥取市国府町奥谷１－１１０", "緯度": 35.482835, "経度": 134.263539, "url": "https://www.iryou.teikyouseido.mhlw.go.jp/znk-web/juminkanja/S2430/initialize?prefCd=31&kikanCd=3111000059&kikanKbn=2", "url2": "https://www.yamawakiiin.com/clinic", "内容": "山脇医院【2:診療所】【診療科目:内科_循環器内科_神経内科_小児科_リハビリテーション科】鳥取県鳥取市国府町奥谷１－１１０" }, "geometry": { "type": "Point", "coordinates": [ 134.263539, 35.482835 ] } },
{ "type": "Feature", "properties": { "ID": "3123111000060", "正式名称": "宮本医院", "機関区分": 2, "都道府県コード": 31, "市区町村コード": 201, "所在地": "鳥取県鳥取市福部町海士宮本医院", "緯度": 35.54712, "経度": 134.27199, "url": "https://www.iryou.teikyouseido.mhlw.go.jp/znk-web/juminkanja/S2430/initialize?prefCd=31&kikanCd=3111000060&kikanKbn=2", "url2": null, "内容": "宮本医院【2:診療所】【診療科目:内科_小児科】鳥取県鳥取市福部町海士宮本医院" }, "geometry": { "type": "Point", "coordinates": [ 134.27199, 35.54712 ] } },
{ "type": "Feature", "properties": { "ID": "3123111000061", "正式名称": "太田原医院", "機関区分": 2, "都道府県コード": 31, "市区町村コード": 201, "所在地": "鳥取県鳥取市気高町宝木８２７－５", "緯度": 35.516389, "経度": 134.079417, "url": "https://www.iryou.teikyouseido.mhlw.go.jp/znk-web/juminkanja/S2430/initialize?prefCd=31&kikanCd=3111000061&kikanKbn=2", "url2": null, "内容": "太田原医院【2:診療所】【診療科目:内科_小児科】鳥取県鳥取市気高町宝木８２７－５" }, "geometry": { "type": "Point", "coordinates": [ 134.079417, 35.516389 ] } },
{ "type": "Feature", "properties": { "ID": "3123111000062", "正式名称": "浜村診療所", "機関区分": 2, "都道府県コード": 31, "市区町村コード": 201, "所在地": "鳥取県鳥取市気高町勝見６６０－２", "緯度": 35.50986, "経度": 134.047785, "url": "https://www.iryou.teikyouseido.mhlw.go.jp/znk-web/juminkanja/S2430/initialize?prefCd=31&kikanCd=3111000062&kikanKbn=2", "url2": null, "内容": "浜村診療所【2:診療所】【診療科目:内科_循環器内科_外科_小児科】鳥取県鳥取市気高町勝見６６０－２" }, "geometry": { "type": "Point", "coordinates": [ 134.047785, 35.50986 ] } },
{ "type": "Feature", "properties": { "ID": "3123111000063", "正式名称": "医療法人社団乾医院", "機関区分": 2, "都道府県コード": 31, "市区町村コード": 201, "所在地": "鳥取県鳥取市鹿野町鹿野１０９１－５", "緯度": 35.463851, "経度": 134.066606, "url": "https://www.iryou.teikyouseido.mhlw.go.jp/znk-web/juminkanja/S2430/initialize?prefCd=31&kikanCd=3111000063&kikanKbn=2", "url2": "https://www.inuiiin.jp/", "内容": "医療法人社団乾医院【2:診療所】【診療科目:内科_小児科】鳥取県鳥取市鹿野町鹿野１０９１－５" }, "geometry": { "type": "Point", "coordinates": [ 134.066606, 35.463851 ] } },
{ "type": "Feature", "properties": { "ID": "3123111000064", "正式名称": "石田医院", "機関区分": 2, "都道府県コード": 31, "市区町村コード": 201, "所在地": "鳥取県鳥取市青谷町青谷４０３２ー１９", "緯度": 35.52479, "経度": 134.00159, "url": "https://www.iryou.teikyouseido.mhlw.go.jp/znk-web/juminkanja/S2430/initialize?prefCd=31&kikanCd=3111000064&kikanKbn=2", "url2": null, "内容": "石田医院【2:診療所】【診療科目:内科_小児科】鳥取県鳥取市青谷町青谷４０３２ー１９" }, "geometry": { "type": "Point", "coordinates": [ 134.00159, 35.52479 ] } },
{ "type": "Feature", "properties": { "ID": "3123111000065", "正式名称": "田中医院", "機関区分": 2, "都道府県コード": 31, "市区町村コード": 201, "所在地": "鳥取県鳥取市青谷町井手５７５", "緯度": 35.521005, "経度": 133.986077, "url": "https://www.iryou.teikyouseido.mhlw.go.jp/znk-web/juminkanja/S2430/initialize?prefCd=31&kikanCd=3111000065&kikanKbn=2", "url2": null, "内容": "田中医院【2:診療所】【診療科目:内科_小児科】鳥取県鳥取市青谷町井手５７５" }, "geometry": { "type": "Point", "coordinates": [ 133.986077, 35.521005 ] } },
{ "type": "Feature", "properties": { "ID": "3123111000066", "正式名称": "福永医院", "機関区分": 2, "都道府県コード": 31, "市区町村コード": 201, "所在地": "鳥取県鳥取市青谷町青谷４３０６－１１", "緯度": 35.517182, "経度": 133.994113, "url": "https://www.iryou.teikyouseido.mhlw.go.jp/znk-web/juminkanja/S2430/initialize?prefCd=31&kikanCd=3111000066&kikanKbn=2", "url2": null, "内容": "福永医院【2:診療所】【診療科目:内科_小児科_泌尿器科】鳥取県鳥取市青谷町青谷４３０６－１１" }, "geometry": { "type": "Point", "coordinates": [ 133.994113, 35.517182 ] } },
{ "type": "Feature", "properties": { "ID": "3123111000068", "正式名称": "鳥取県立鳥取療育園", "機関区分": 2, "都道府県コード": 31, "市区町村コード": 201, "所在地": "鳥取県鳥取市江津７３０", "緯度": 35.522058, "経度": 134.211858, "url": "https://www.iryou.teikyouseido.mhlw.go.jp/znk-web/juminkanja/S2430/initialize?prefCd=31&kikanCd=3111000068&kikanKbn=2", "url2": "http://www.pref.tottori.lg.jp/kirari/", "内容": "鳥取県立鳥取療育園【2:診療所】【診療科目:小児科_小児神経科_リハビリテーション科】鳥取県鳥取市江津７３０" }, "geometry": { "type": "Point", "coordinates": [ 134.211858, 35.522058 ] } },
{ "type": "Feature", "properties": { "ID": "3123111000069", "正式名称": "医療法人社団　荻原医院", "機関区分": 2, "都道府県コード": 31, "市区町村コード": 201, "所在地": "鳥取県鳥取市河原町長瀬８２－１", "緯度": 35.407247, "経度": 134.198125, "url": "https://www.iryou.teikyouseido.mhlw.go.jp/znk-web/juminkanja/S2430/initialize?prefCd=31&kikanCd=3111000069&kikanKbn=2", "url2": null, "内容": "医療法人社団　荻原医院【2:診療所】【診療科目:内科_小児科】鳥取県鳥取市河原町長瀬８２－１" }, "geometry": { "type": "Point", "coordinates": [ 134.198125, 35.407247 ] } },
{ "type": "Feature", "properties": { "ID": "3123111000070", "正式名称": "医療法人社団　岸医院", "機関区分": 2, "都道府県コード": 31, "市区町村コード": 201, "所在地": "鳥取県鳥取市河原町河原４８", "緯度": 35.406692, "経度": 134.200781, "url": "https://www.iryou.teikyouseido.mhlw.go.jp/znk-web/juminkanja/S2430/initialize?prefCd=31&kikanCd=3111000070&kikanKbn=2", "url2": null, "内容": "医療法人社団　岸医院【2:診療所】【診療科目:内科_循環器内科_外科_小児科】鳥取県鳥取市河原町河原４８" }, "geometry": { "type": "Point", "coordinates": [ 134.200781, 35.406692 ] } },
{ "type": "Feature", "properties": { "ID": "3123111000072", "正式名称": "加藤医院", "機関区分": 2, "都道府県コード": 31, "市区町村コード": 201, "所在地": "鳥取県鳥取市用瀬町用瀬３８２", "緯度": 35.342005, "経度": 134.204375, "url": "https://www.iryou.teikyouseido.mhlw.go.jp/znk-web/juminkanja/S2430/initialize?prefCd=31&kikanCd=3111000072&kikanKbn=2", "url2": null, "内容": "加藤医院【2:診療所】【診療科目:内科_循環器内科_消化器内科_外科_整形外科_小児科】鳥取県鳥取市用瀬町用瀬３８２" }, "geometry": { "type": "Point", "coordinates": [ 134.204375, 35.342005 ] } },
{ "type": "Feature", "properties": { "ID": "3123111000073", "正式名称": "医療法人林医院", "機関区分": 2, "都道府県コード": 31, "市区町村コード": 201, "所在地": "鳥取県鳥取市用瀬町鷹狩７２２ー１", "緯度": 35.354638, "経度": 134.207181, "url": "https://www.iryou.teikyouseido.mhlw.go.jp/znk-web/juminkanja/S2430/initialize?prefCd=31&kikanCd=3111000073&kikanKbn=2", "url2": null, "内容": "医療法人林医院【2:診療所】【診療科目:内科_内分泌内科_糖尿病・代謝内科_呼吸器内科_循環器内科_消化器内科_小児科】鳥取県鳥取市用瀬町鷹狩７２２ー１" }, "geometry": { "type": "Point", "coordinates": [ 134.207181, 35.354638 ] } },
{ "type": "Feature", "properties": { "ID": "3123111000074", "正式名称": "加藤医院佐治出張診療所", "機関区分": 2, "都道府県コード": 31, "市区町村コード": 201, "所在地": "鳥取県鳥取市佐治町加瀬木２２３５", "緯度": 35.330228, "経度": 134.117544, "url": "https://www.iryou.teikyouseido.mhlw.go.jp/znk-web/juminkanja/S2430/initialize?prefCd=31&kikanCd=3111000074&kikanKbn=2", "url2": null, "内容": "加藤医院佐治出張診療所【2:診療所】【診療科目:内科_循環器内科_消化器内科_外科_整形外科_小児科】鳥取県鳥取市佐治町加瀬木２２３５" }, "geometry": { "type": "Point", "coordinates": [ 134.117544, 35.330228 ] } },
{ "type": "Feature", "properties": { "ID": "3123111000075", "正式名称": "鳥取市佐治町国民健康保険診療所（医科）", "機関区分": 2, "都道府県コード": 31, "市区町村コード": 201, "所在地": "鳥取県鳥取市佐治町加瀬木２１７１－２", "緯度": 35.330608, "経度": 134.118392, "url": "https://www.iryou.teikyouseido.mhlw.go.jp/znk-web/juminkanja/S2430/initialize?prefCd=31&kikanCd=3111000075&kikanKbn=2", "url2": null, "内容": "鳥取市佐治町国民健康保険診療所（医科）【2:診療所】【診療科目:内科_小児科】鳥取県鳥取市佐治町加瀬木２１７１－２" }, "geometry": { "type": "Point", "coordinates": [ 134.118392, 35.330608 ] } },
{ "type": "Feature", "properties": { "ID": "3123111000076", "正式名称": "石井内科小児科クリニック", "機関区分": 2, "都道府県コード": 31, "市区町村コード": 201, "所在地": "鳥取県鳥取市布勢３３２－４", "緯度": 35.503178, "経度": 134.175281, "url": "https://www.iryou.teikyouseido.mhlw.go.jp/znk-web/juminkanja/S2430/initialize?prefCd=31&kikanCd=3111000076&kikanKbn=2", "url2": "http://www.ishiiclinic.net/", "内容": "石井内科小児科クリニック【2:診療所】【診療科目:内科_消化器内科_小児科】鳥取県鳥取市布勢３３２－４" }, "geometry": { "type": "Point", "coordinates": [ 134.175281, 35.503178 ] } },
{ "type": "Feature", "properties": { "ID": "3123111000078", "正式名称": "こどもクリニックおんだ", "機関区分": 2, "都道府県コード": 31, "市区町村コード": 370, "所在地": "鳥取県東伯郡湯梨浜町田後３４０―５こどもクリニックおんだ", "緯度": 35.481108, "経度": 133.854569, "url": "https://www.iryou.teikyouseido.mhlw.go.jp/znk-web/juminkanja/S2430/initialize?prefCd=31&kikanCd=3111000078&kikanKbn=2", "url2": null, "内容": "こどもクリニックおんだ【2:診療所】【診療科目:小児科】鳥取県東伯郡湯梨浜町田後３４０―５こどもクリニックおんだ" }, "geometry": { "type": "Point", "coordinates": [ 133.854569, 35.481108 ] } },
{ "type": "Feature", "properties": { "ID": "3123111000079", "正式名称": "医療法人　吉田医院", "機関区分": 2, "都道府県コード": 31, "市区町村コード": 370, "所在地": "鳥取県東伯郡湯梨浜町湯梨浜町泊７５０", "緯度": 35.513875, "経度": 133.940064, "url": "https://www.iryou.teikyouseido.mhlw.go.jp/znk-web/juminkanja/S2430/initialize?prefCd=31&kikanCd=3111000079&kikanKbn=2", "url2": "https://www.chuubu.tottori.med.or.jp/iryoukikan/hospital/015.html", "内容": "医療法人　吉田医院【2:診療所】【診療科目:内科】鳥取県東伯郡湯梨浜町湯梨浜町泊７５０" }, "geometry": { "type": "Point", "coordinates": [ 133.940064, 35.513875 ] } },
{ "type": "Feature", "properties": { "ID": "3123111000080", "正式名称": "アロハこどもクリニック", "機関区分": 2, "都道府県コード": 31, "市区町村コード": 370, "所在地": "鳥取県東伯郡湯梨浜町はわい長瀬５４９－１４", "緯度": 35.486101, "経度": 133.865419, "url": "https://www.iryou.teikyouseido.mhlw.go.jp/znk-web/juminkanja/S2430/initialize?prefCd=31&kikanCd=3111000080&kikanKbn=2", "url2": "https://www.aloha-kodomo.jp/", "内容": "アロハこどもクリニック【2:診療所】【診療科目:小児科_アレルギー科】鳥取県東伯郡湯梨浜町はわい長瀬５４９－１４" }, "geometry": { "type": "Point", "coordinates": [ 133.865419, 35.486101 ] } },
{ "type": "Feature", "properties": { "ID": "3123111000082", "正式名称": "ひろかね内科・循環器内科クリニック", "機関区分": 2, "都道府県コード": 31, "市区町村コード": 389, "所在地": "鳥取県西伯郡南部町阿賀２０２－２", "緯度": 35.35617, "経度": 133.329277, "url": "https://www.iryou.teikyouseido.mhlw.go.jp/znk-web/juminkanja/S2430/initialize?prefCd=31&kikanCd=3111000082&kikanKbn=2", "url2": null, "内容": "ひろかね内科・循環器内科クリニック【2:診療所】【診療科目:内科_呼吸器内科_循環器内科_胃腸内科_小児科】鳥取県西伯郡南部町阿賀２０２－２" }, "geometry": { "type": "Point", "coordinates": [ 133.329277, 35.35617 ] } },
{ "type": "Feature", "properties": { "ID": "3123111000088", "正式名称": "医療法人社団田中医院　下津黒出張診療所", "機関区分": 2, "都道府県コード": 31, "市区町村コード": 329, "所在地": "鳥取県八頭郡八頭町下津黒２６", "緯度": 35.417731, "経度": 134.311639, "url": "https://www.iryou.teikyouseido.mhlw.go.jp/znk-web/juminkanja/S2430/initialize?prefCd=31&kikanCd=3111000088&kikanKbn=2", "url2": null, "内容": "医療法人社団田中医院　下津黒出張診療所【2:診療所】【診療科目:内科】鳥取県八頭郡八頭町下津黒２６" }, "geometry": { "type": "Point", "coordinates": [ 134.311639, 35.417731 ] } },
{ "type": "Feature", "properties": { "ID": "3123111000091", "正式名称": "花木こどもクリニック", "機関区分": 2, "都道府県コード": 31, "市区町村コード": 329, "所在地": "鳥取県八頭郡八頭町宮谷１９３－１花木こどもクリニック", "緯度": 35.414061, "経度": 134.254936, "url": "https://www.iryou.teikyouseido.mhlw.go.jp/znk-web/juminkanja/S2430/initialize?prefCd=31&kikanCd=3111000091&kikanKbn=2", "url2": null, "内容": "花木こどもクリニック【2:診療所】【診療科目:小児科】鳥取県八頭郡八頭町宮谷１９３－１花木こどもクリニック" }, "geometry": { "type": "Point", "coordinates": [ 134.254936, 35.414061 ] } },
{ "type": "Feature", "properties": { "ID": "3123111000095", "正式名称": "阿部クリニック", "機関区分": 2, "都道府県コード": 31, "市区町村コード": 202, "所在地": "鳥取県米子市福市２２７６ー１", "緯度": 35.399136, "経度": 133.375579, "url": "https://www.iryou.teikyouseido.mhlw.go.jp/znk-web/juminkanja/S2430/initialize?prefCd=31&kikanCd=3111000095&kikanKbn=2", "url2": "https://abe-ent-clinic.jimdofree.com", "内容": "阿部クリニック【2:診療所】【診療科目:小児科_耳鼻いんこう科】鳥取県米子市福市２２７６ー１" }, "geometry": { "type": "Point", "coordinates": [ 133.375579, 35.399136 ] } },
{ "type": "Feature", "properties": { "ID": "3123111000096", "正式名称": "米子中央クリニック", "機関区分": 2, "都道府県コード": 31, "市区町村コード": 202, "所在地": "鳥取県米子市車尾２丁目１７番８号", "緯度": 35.432317, "経度": 133.355792, "url": "https://www.iryou.teikyouseido.mhlw.go.jp/znk-web/juminkanja/S2430/initialize?prefCd=31&kikanCd=3111000096&kikanKbn=2", "url2": "http://www.yonagochuo-clinic.jp/", "内容": "米子中央クリニック【2:診療所】【診療科目:内科_消化器内科_小児科_アレルギー科_リハビリテーション科】鳥取県米子市車尾２丁目１７番８号" }, "geometry": { "type": "Point", "coordinates": [ 133.355792, 35.432317 ] } },
{ "type": "Feature", "properties": { "ID": "3123111000097", "正式名称": "伊藤内科胃腸科医院", "機関区分": 2, "都道府県コード": 31, "市区町村コード": 202, "所在地": "鳥取県米子市上福原３－３－７３", "緯度": 35.446753, "経度": 133.351849, "url": "https://www.iryou.teikyouseido.mhlw.go.jp/znk-web/juminkanja/S2430/initialize?prefCd=31&kikanCd=3111000097&kikanKbn=2", "url2": "https://www.itounaika.net/", "内容": "伊藤内科胃腸科医院【2:診療所】【診療科目:内科】鳥取県米子市上福原３－３－７３" }, "geometry": { "type": "Point", "coordinates": [ 133.351849, 35.446753 ] } },
{ "type": "Feature", "properties": { "ID": "3123111000099", "正式名称": "うえます内科小児科クリニック", "機関区分": 2, "都道府県コード": 31, "市区町村コード": 202, "所在地": "鳥取県米子市安倍　３８－２", "緯度": 35.445872, "経度": 133.306511, "url": "https://www.iryou.teikyouseido.mhlw.go.jp/znk-web/juminkanja/S2430/initialize?prefCd=31&kikanCd=3111000099&kikanKbn=2", "url2": null, "内容": "うえます内科小児科クリニック【2:診療所】【診療科目:内科_腎臓内科_小児科】鳥取県米子市安倍　３８－２" }, "geometry": { "type": "Point", "coordinates": [ 133.306511, 35.445872 ] } },
{ "type": "Feature", "properties": { "ID": "3123111000100", "正式名称": "おおの小児科内科医院", "機関区分": 2, "都道府県コード": 31, "市区町村コード": 202, "所在地": "鳥取県米子市西福原３－１０－３４", "緯度": 35.44265, "経度": 133.342389, "url": "https://www.iryou.teikyouseido.mhlw.go.jp/znk-web/juminkanja/S2430/initialize?prefCd=31&kikanCd=3111000100&kikanKbn=2", "url2": "https://www.oono-kodomoclinic.com/", "内容": "おおの小児科内科医院【2:診療所】【診療科目:内科_小児科】鳥取県米子市西福原３－１０－３４" }, "geometry": { "type": "Point", "coordinates": [ 133.342389, 35.44265 ] } },
{ "type": "Feature", "properties": { "ID": "3123111000101", "正式名称": "おおたか診療所", "機関区分": 2, "都道府県コード": 31, "市区町村コード": 202, "所在地": "鳥取県米子市尾高２７４０－１", "緯度": 35.424641, "経度": 133.406228, "url": "https://www.iryou.teikyouseido.mhlw.go.jp/znk-web/juminkanja/S2430/initialize?prefCd=31&kikanCd=3111000101&kikanKbn=2", "url2": "http://www.ymc-net.or.jp/", "内容": "おおたか診療所【2:診療所】【診療科目:内科_小児科_リハビリテーション科】鳥取県米子市尾高２７４０－１" }, "geometry": { "type": "Point", "coordinates": [ 133.406228, 35.424641 ] } },
{ "type": "Feature", "properties": { "ID": "3123111000105", "正式名称": "加藤クリニック", "機関区分": 2, "都道府県コード": 31, "市区町村コード": 202, "所在地": "鳥取県米子市皆生３丁目６－３２", "緯度": 35.446406, "経度": 133.361894, "url": "https://www.iryou.teikyouseido.mhlw.go.jp/znk-web/juminkanja/S2430/initialize?prefCd=31&kikanCd=3111000105&kikanKbn=2", "url2": null, "内容": "加藤クリニック【2:診療所】【診療科目:内科_呼吸器内科_胃腸内科_放射線科】鳥取県米子市皆生３丁目６－３２" }, "geometry": { "type": "Point", "coordinates": [ 133.361894, 35.446406 ] } },
{ "type": "Feature", "properties": { "ID": "3123111000106", "正式名称": "医療法人　川田内科医院", "機関区分": 2, "都道府県コード": 31, "市区町村コード": 202, "所在地": "鳥取県米子市皆生温泉１－４－１", "緯度": 35.454333, "経度": 133.357886, "url": "https://www.iryou.teikyouseido.mhlw.go.jp/znk-web/juminkanja/S2430/initialize?prefCd=31&kikanCd=3111000106&kikanKbn=2", "url2": null, "内容": "医療法人　川田内科医院【2:診療所】【診療科目:内科_循環器内科_消化器内科_小児科】鳥取県米子市皆生温泉１－４－１" }, "geometry": { "type": "Point", "coordinates": [ 133.357886, 35.454333 ] } },
{ "type": "Feature", "properties": { "ID": "3123111000108", "正式名称": "キッズクリニックうめはら", "機関区分": 2, "都道府県コード": 31, "市区町村コード": 202, "所在地": "鳥取県米子市皆生新田３－１－１７", "緯度": 35.455472, "経度": 133.369814, "url": "https://www.iryou.teikyouseido.mhlw.go.jp/znk-web/juminkanja/S2430/initialize?prefCd=31&kikanCd=3111000108&kikanKbn=2", "url2": "http://www.kidsclinic-ume.sakura.ne.jp", "内容": "キッズクリニックうめはら【2:診療所】【診療科目:小児科】鳥取県米子市皆生新田３－１－１７" }, "geometry": { "type": "Point", "coordinates": [ 133.369814, 35.455472 ] } },
{ "type": "Feature", "properties": { "ID": "3123111000111", "正式名称": "医療法人社団　健クリニック", "機関区分": 2, "都道府県コード": 31, "市区町村コード": 202, "所在地": "鳥取県米子市中町１２３－３", "緯度": 35.428883, "経度": 133.331606, "url": "https://www.iryou.teikyouseido.mhlw.go.jp/znk-web/juminkanja/S2430/initialize?prefCd=31&kikanCd=3111000111&kikanKbn=2", "url2": "https://www.ken321123.com/", "内容": "医療法人社団　健クリニック【2:診療所】【診療科目:呼吸器内科_小児科_アレルギー科】鳥取県米子市中町１２３－３" }, "geometry": { "type": "Point", "coordinates": [ 133.331606, 35.428883 ] } },
{ "type": "Feature", "properties": { "ID": "3123111000112", "正式名称": "医療法人社団白石医院", "機関区分": 2, "都道府県コード": 31, "市区町村コード": 202, "所在地": "鳥取県米子市安倍１２９－３", "緯度": 35.442478, "経度": 133.304319, "url": "https://www.iryou.teikyouseido.mhlw.go.jp/znk-web/juminkanja/S2430/initialize?prefCd=31&kikanCd=3111000112&kikanKbn=2", "url2": "https://shiraishi-clinic.sakura.ne.jp/", "内容": "医療法人社団白石医院【2:診療所】【診療科目:内科_循環器内科_小児科_アレルギー科】鳥取県米子市安倍１２９－３" }, "geometry": { "type": "Point", "coordinates": [ 133.304319, 35.442478 ] } },
{ "type": "Feature", "properties": { "ID": "3123111000114", "正式名称": "医療法人ファミリークリニックせぐち小児科", "機関区分": 2, "都道府県コード": 31, "市区町村コード": 202, "所在地": "鳥取県米子市西福原９ー１６ー２６", "緯度": 35.440002, "経度": 133.33961, "url": "https://www.iryou.teikyouseido.mhlw.go.jp/znk-web/juminkanja/S2430/initialize?prefCd=31&kikanCd=3111000114&kikanKbn=2", "url2": "https://www.seguchi-pediatrics.com/", "内容": "医療法人ファミリークリニックせぐち小児科【2:診療所】【診療科目:内科_循環器内科_小児科_アレルギー科】鳥取県米子市西福原９ー１６ー２６" }, "geometry": { "type": "Point", "coordinates": [ 133.33961, 35.440002 ] } },
{ "type": "Feature", "properties": { "ID": "3123111000115", "正式名称": "医療法人　たじま医院", "機関区分": 2, "都道府県コード": 31, "市区町村コード": 202, "所在地": "鳥取県米子市錦海町１－１０－６", "緯度": 35.416536, "経度": 133.322031, "url": "https://www.iryou.teikyouseido.mhlw.go.jp/znk-web/juminkanja/S2430/initialize?prefCd=31&kikanCd=3111000115&kikanKbn=2", "url2": null, "内容": "医療法人　たじま医院【2:診療所】【診療科目:内科_小児科】鳥取県米子市錦海町１－１０－６" }, "geometry": { "type": "Point", "coordinates": [ 133.322031, 35.416536 ] } },
{ "type": "Feature", "properties": { "ID": "3123111000116", "正式名称": "たなか内科クリニック", "機関区分": 2, "都道府県コード": 31, "市区町村コード": 202, "所在地": "鳥取県米子市浦津２２２番地１７", "緯度": 35.424352, "経度": 133.377821, "url": "https://www.iryou.teikyouseido.mhlw.go.jp/znk-web/juminkanja/S2430/initialize?prefCd=31&kikanCd=3111000116&kikanKbn=2", "url2": null, "内容": "たなか内科クリニック【2:診療所】【診療科目:内科_循環器内科_消化器内科_小児科】鳥取県米子市浦津２２２番地１７" }, "geometry": { "type": "Point", "coordinates": [ 133.377821, 35.424352 ] } },
{ "type": "Feature", "properties": { "ID": "3123111000117", "正式名称": "谷本こどもクリニック", "機関区分": 2, "都道府県コード": 31, "市区町村コード": 202, "所在地": "鳥取県米子市榎原１８８８－３", "緯度": 35.398677, "経度": 133.361237, "url": "https://www.iryou.teikyouseido.mhlw.go.jp/znk-web/juminkanja/S2430/initialize?prefCd=31&kikanCd=3111000117&kikanKbn=2", "url2": null, "内容": "谷本こどもクリニック【2:診療所】【診療科目:小児科_小児外科_アレルギー科】鳥取県米子市榎原１８８８－３" }, "geometry": { "type": "Point", "coordinates": [ 133.361237, 35.398677 ] } },
{ "type": "Feature", "properties": { "ID": "3123111000121", "正式名称": "医療法人社団　中村医院", "機関区分": 2, "都道府県コード": 31, "市区町村コード": 202, "所在地": "鳥取県米子市上後藤３丁目１番６号", "緯度": 35.445439, "経度": 133.319247, "url": "https://www.iryou.teikyouseido.mhlw.go.jp/znk-web/juminkanja/S2430/initialize?prefCd=31&kikanCd=3111000121&kikanKbn=2", "url2": null, "内容": "医療法人社団　中村医院【2:診療所】【診療科目:胃腸内科】鳥取県米子市上後藤３丁目１番６号" }, "geometry": { "type": "Point", "coordinates": [ 133.319247, 35.445439 ] } },
{ "type": "Feature", "properties": { "ID": "3123111000122", "正式名称": "母と子の長田産科婦人科クリニック", "機関区分": 2, "都道府県コード": 31, "市区町村コード": 202, "所在地": "鳥取県米子市上後藤８丁目５－１", "緯度": 35.448517, "経度": 133.315412, "url": "https://www.iryou.teikyouseido.mhlw.go.jp/znk-web/juminkanja/S2430/initialize?prefCd=31&kikanCd=3111000122&kikanKbn=2", "url2": "https://nagata-clinic.net/", "内容": "母と子の長田産科婦人科クリニック【2:診療所】【診療科目:小児科_産科_婦人科】鳥取県米子市上後藤８丁目５－１" }, "geometry": { "type": "Point", "coordinates": [ 133.315412, 35.448517 ] } },
{ "type": "Feature", "properties": { "ID": "3123111000123", "正式名称": "医療法人社団　野口内科クリニック", "機関区分": 2, "都道府県コード": 31, "市区町村コード": 202, "所在地": "鳥取県米子市角盤町４丁目５番地２", "緯度": 35.435727, "経度": 133.327254, "url": "https://www.iryou.teikyouseido.mhlw.go.jp/znk-web/juminkanja/S2430/initialize?prefCd=31&kikanCd=3111000123&kikanKbn=2", "url2": null, "内容": "医療法人社団　野口内科クリニック【2:診療所】【診療科目:内科_呼吸器内科_循環器内科_消化器内科_小児科_アレルギー科_リハビリテーション科】鳥取県米子市角盤町４丁目５番地２" }, "geometry": { "type": "Point", "coordinates": [ 133.327254, 35.435727 ] } },
{ "type": "Feature", "properties": { "ID": "3123111000124", "正式名称": "医療法人社団　清仁会　野坂医院", "機関区分": 2, "都道府県コード": 31, "市区町村コード": 202, "所在地": "鳥取県米子市上新印２５６番地の６", "緯度": 35.410876, "経度": 133.391914, "url": "https://www.iryou.teikyouseido.mhlw.go.jp/znk-web/juminkanja/S2430/initialize?prefCd=31&kikanCd=3111000124&kikanKbn=2", "url2": null, "内容": "医療法人社団　清仁会　野坂医院【2:診療所】【診療科目:内科_消化器内科_小児科】鳥取県米子市上新印２５６番地の６" }, "geometry": { "type": "Point", "coordinates": [ 133.391914, 35.410876 ] } },
{ "type": "Feature", "properties": { "ID": "3123111000125", "正式名称": "野坂内科医院", "機関区分": 2, "都道府県コード": 31, "市区町村コード": 202, "所在地": "鳥取県米子市博労町１－４８－３野坂内科医院", "緯度": 35.433403, "経度": 133.340622, "url": "https://www.iryou.teikyouseido.mhlw.go.jp/znk-web/juminkanja/S2430/initialize?prefCd=31&kikanCd=3111000125&kikanKbn=2", "url2": "www.nosaka-naika.com", "内容": "野坂内科医院【2:診療所】【診療科目:内科_消化器内科_小児科】鳥取県米子市博労町１－４８－３野坂内科医院" }, "geometry": { "type": "Point", "coordinates": [ 133.340622, 35.433403 ] } },
{ "type": "Feature", "properties": { "ID": "3123111000126", "正式名称": "吹野内科・消化器科・小児科クリニック", "機関区分": 2, "都道府県コード": 31, "市区町村コード": 202, "所在地": "鳥取県米子市米原７－１－４５", "緯度": 35.444272, "経度": 133.332842, "url": "https://www.iryou.teikyouseido.mhlw.go.jp/znk-web/juminkanja/S2430/initialize?prefCd=31&kikanCd=3111000126&kikanKbn=2", "url2": "https://fukino-cl.jimdofree.com/", "内容": "吹野内科・消化器科・小児科クリニック【2:診療所】【診療科目:内科_消化器内科_小児科】鳥取県米子市米原７－１－４５" }, "geometry": { "type": "Point", "coordinates": [ 133.332842, 35.444272 ] } },
{ "type": "Feature", "properties": { "ID": "3123111000127", "正式名称": "医療法人社団細田内科医院", "機関区分": 2, "都道府県コード": 31, "市区町村コード": 202, "所在地": "鳥取県米子市角盤町３丁目１６９", "緯度": 35.436247, "経度": 133.329511, "url": "https://www.iryou.teikyouseido.mhlw.go.jp/znk-web/juminkanja/S2430/initialize?prefCd=31&kikanCd=3111000127&kikanKbn=2", "url2": null, "内容": "医療法人社団細田内科医院【2:診療所】【診療科目:内科_循環器内科_消化器内科_小児科】鳥取県米子市角盤町３丁目１６９" }, "geometry": { "type": "Point", "coordinates": [ 133.329511, 35.436247 ] } },
{ "type": "Feature", "properties": { "ID": "3123111000128", "正式名称": "医療法人社団　本田医院", "機関区分": 2, "都道府県コード": 31, "市区町村コード": 202, "所在地": "鳥取県米子市八幡７０３", "緯度": 35.397428, "経度": 133.37905, "url": "https://www.iryou.teikyouseido.mhlw.go.jp/znk-web/juminkanja/S2430/initialize?prefCd=31&kikanCd=3111000128&kikanKbn=2", "url2": "hondaiin.starfree.jp", "内容": "医療法人社団　本田医院【2:診療所】【診療科目:内科_糖尿病内科_内分泌内科】鳥取県米子市八幡７０３" }, "geometry": { "type": "Point", "coordinates": [ 133.37905, 35.397428 ] } },
{ "type": "Feature", "properties": { "ID": "3123111000130", "正式名称": "松田内科クリニック", "機関区分": 2, "都道府県コード": 31, "市区町村コード": 202, "所在地": "鳥取県米子市尾高８６２－１８", "緯度": 35.417358, "経度": 133.411294, "url": "https://www.iryou.teikyouseido.mhlw.go.jp/znk-web/juminkanja/S2430/initialize?prefCd=31&kikanCd=3111000130&kikanKbn=2", "url2": null, "内容": "松田内科クリニック【2:診療所】【診療科目:内科_神経内科_小児科】鳥取県米子市尾高８６２－１８" }, "geometry": { "type": "Point", "coordinates": [ 133.411294, 35.417358 ] } },
{ "type": "Feature", "properties": { "ID": "3123111000134", "正式名称": "弓場医院", "機関区分": 2, "都道府県コード": 31, "市区町村コード": 202, "所在地": "鳥取県米子市旗ヶ崎２－１２－１０", "緯度": 35.435944, "経度": 133.31805, "url": "https://www.iryou.teikyouseido.mhlw.go.jp/znk-web/juminkanja/S2430/initialize?prefCd=31&kikanCd=3111000134&kikanKbn=2", "url2": null, "内容": "弓場医院【2:診療所】【診療科目:内科】鳥取県米子市旗ヶ崎２－１２－１０" }, "geometry": { "type": "Point", "coordinates": [ 133.31805, 35.435944 ] } },
{ "type": "Feature", "properties": { "ID": "3123111000135", "正式名称": "米子医療生活協同組合　弓ヶ浜診療所", "機関区分": 2, "都道府県コード": 31, "市区町村コード": 202, "所在地": "鳥取県米子市富益町１１２８", "緯度": 35.472581, "経度": 133.292016, "url": "https://www.iryou.teikyouseido.mhlw.go.jp/znk-web/juminkanja/S2430/initialize?prefCd=31&kikanCd=3111000135&kikanKbn=2", "url2": null, "内容": "米子医療生活協同組合　弓ヶ浜診療所【2:診療所】【診療科目:内科_小児科_皮膚科_リハビリテーション科】鳥取県米子市富益町１１２８" }, "geometry": { "type": "Point", "coordinates": [ 133.292016, 35.472581 ] } },
{ "type": "Feature", "properties": { "ID": "3123111000136", "正式名称": "米子医療生活協同組合米子診療所", "機関区分": 2, "都道府県コード": 31, "市区町村コード": 202, "所在地": "鳥取県米子市博労町３丁目８０－１", "緯度": 35.434094, "経度": 133.3393, "url": "https://www.iryou.teikyouseido.mhlw.go.jp/znk-web/juminkanja/S2430/initialize?prefCd=31&kikanCd=3111000136&kikanKbn=2", "url2": null, "内容": "米子医療生活協同組合米子診療所【2:診療所】【診療科目:内科_小児科_精神科_心療内科_リハビリテーション科】鳥取県米子市博労町３丁目８０－１" }, "geometry": { "type": "Point", "coordinates": [ 133.3393, 35.434094 ] } },
{ "type": "Feature", "properties": { "ID": "3123111000137", "正式名称": "西部医師会急患診療所", "機関区分": 2, "都道府県コード": 31, "市区町村コード": 202, "所在地": "鳥取県米子市久米町１３６番地", "緯度": 35.425844, "経度": 133.326787, "url": "https://www.iryou.teikyouseido.mhlw.go.jp/znk-web/juminkanja/S2430/initialize?prefCd=31&kikanCd=3111000137&kikanKbn=2", "url2": "https://www.seibu.tottori.med.or.jp/isikai/index-kyukan.html", "内容": "西部医師会急患診療所【2:診療所】【診療科目:内科_小児科】鳥取県米子市久米町１３６番地" }, "geometry": { "type": "Point", "coordinates": [ 133.326787, 35.425844 ] } },
{ "type": "Feature", "properties": { "ID": "3123111000138", "正式名称": "永原医院", "機関区分": 2, "都道府県コード": 31, "市区町村コード": 202, "所在地": "鳥取県米子市淀江町西原１０２９－４１", "緯度": 35.450836, "経度": 133.413164, "url": "https://www.iryou.teikyouseido.mhlw.go.jp/znk-web/juminkanja/S2430/initialize?prefCd=31&kikanCd=3111000138&kikanKbn=2", "url2": null, "内容": "永原医院【2:診療所】【診療科目:内科】鳥取県米子市淀江町西原１０２９－４１" }, "geometry": { "type": "Point", "coordinates": [ 133.413164, 35.450836 ] } },
{ "type": "Feature", "properties": { "ID": "3123111000139", "正式名称": "医療法人社団　マリ医院", "機関区分": 2, "都道府県コード": 31, "市区町村コード": 202, "所在地": "鳥取県米子市淀江町今津１５０番地", "緯度": 35.464672, "経度": 133.430781, "url": "https://www.iryou.teikyouseido.mhlw.go.jp/znk-web/juminkanja/S2430/initialize?prefCd=31&kikanCd=3111000139&kikanKbn=2", "url2": null, "内容": "医療法人社団　マリ医院【2:診療所】【診療科目:内科_胃腸内科_整形外科_小児科_皮膚科】鳥取県米子市淀江町今津１５０番地" }, "geometry": { "type": "Point", "coordinates": [ 133.430781, 35.464672 ] } },
{ "type": "Feature", "properties": { "ID": "3123111000141", "正式名称": "ふなきこどもクリニック", "機関区分": 2, "都道府県コード": 31, "市区町村コード": 202, "所在地": "鳥取県米子市西福原１１−２", "緯度": 35.436611, "経度": 133.339809, "url": "https://www.iryou.teikyouseido.mhlw.go.jp/znk-web/juminkanja/S2430/initialize?prefCd=31&kikanCd=3111000141&kikanKbn=2", "url2": "https://www.funakipediatrics.com/", "内容": "ふなきこどもクリニック【2:診療所】【診療科目:小児科】鳥取県米子市西福原１１−２" }, "geometry": { "type": "Point", "coordinates": [ 133.339809, 35.436611 ] } },
{ "type": "Feature", "properties": { "ID": "3123111000142", "正式名称": "医療法人子育て長田こどもクリニック", "機関区分": 2, "都道府県コード": 31, "市区町村コード": 202, "所在地": "鳥取県米子市上後藤７ー１ー５８", "緯度": 35.447816, "経度": 133.313998, "url": "https://www.iryou.teikyouseido.mhlw.go.jp/znk-web/juminkanja/S2430/initialize?prefCd=31&kikanCd=3111000142&kikanKbn=2", "url2": "https://www.kosodate-nagata.jp", "内容": "医療法人子育て長田こどもクリニック【2:診療所】【診療科目:小児科_新生児内科_アレルギー科】鳥取県米子市上後藤７ー１ー５８" }, "geometry": { "type": "Point", "coordinates": [ 133.313998, 35.447816 ] } },
{ "type": "Feature", "properties": { "ID": "3123111000145", "正式名称": "医療法人社団高見医院", "機関区分": 2, "都道府県コード": 31, "市区町村コード": 372, "所在地": "鳥取県東伯郡北栄町国坂７２０", "緯度": 35.479586, "経度": 133.823683, "url": "https://www.iryou.teikyouseido.mhlw.go.jp/znk-web/juminkanja/S2430/initialize?prefCd=31&kikanCd=3111000145&kikanKbn=2", "url2": null, "内容": "医療法人社団高見医院【2:診療所】【診療科目:内科_小児科_リハビリテーション科】鳥取県東伯郡北栄町国坂７２０" }, "geometry": { "type": "Point", "coordinates": [ 133.823683, 35.479586 ] } },
{ "type": "Feature", "properties": { "ID": "3123111000146", "正式名称": "医療法人　誠医会　宮川医院", "機関区分": 2, "都道府県コード": 31, "市区町村コード": 372, "所在地": "鳥取県東伯郡北栄町瀬戸４５－２", "緯度": 35.483203, "経度": 133.776118, "url": "https://www.iryou.teikyouseido.mhlw.go.jp/znk-web/juminkanja/S2430/initialize?prefCd=31&kikanCd=3111000146&kikanKbn=2", "url2": null, "内容": "医療法人　誠医会　宮川医院【2:診療所】【診療科目:内科_呼吸器内科_循環器内科_胃腸内科_アレルギー疾患内科_外科_小児科_皮膚科_アレルギー科_リウマチ科_リハビリテーション科_放射線科】鳥取県東伯郡北栄町瀬戸４５－２" }, "geometry": { "type": "Point", "coordinates": [ 133.776118, 35.483203 ] } },
{ "type": "Feature", "properties": { "ID": "3123111000147", "正式名称": "医療法人さとに田園クリニック", "機関区分": 2, "都道府県コード": 31, "市区町村コード": 201, "所在地": "鳥取県鳥取市里仁５４番地２", "緯度": 35.50295, "経度": 134.193698, "url": "https://www.iryou.teikyouseido.mhlw.go.jp/znk-web/juminkanja/S2430/initialize?prefCd=31&kikanCd=3111000147&kikanKbn=2", "url2": "https://www.satoni-denen-clinic.jp", "内容": "医療法人さとに田園クリニック【2:診療所】【診療科目:内科_糖尿病内科_呼吸器内科_消化器内科_腎臓内科_人工透析内科_整形外科_泌尿器科_リハビリテーション科】鳥取県鳥取市里仁５４番地２" }, "geometry": { "type": "Point", "coordinates": [ 134.193698, 35.50295 ] } },
{ "type": "Feature", "properties": { "ID": "3123111000148", "正式名称": "医療法人社団三樹会　吉野・三宅ステーションクリニック", "機関区分": 2, "都道府県コード": 31, "市区町村コード": 201, "所在地": "鳥取県鳥取市扇町１７６番地", "緯度": 35.492933, "経度": 134.223647, "url": "https://www.iryou.teikyouseido.mhlw.go.jp/znk-web/juminkanja/S2430/initialize?prefCd=31&kikanCd=3111000148&kikanKbn=2", "url2": null, "内容": "医療法人社団三樹会　吉野・三宅ステーションクリニック【2:診療所】【診療科目:内科_内分泌内科_循環器内科_腎臓内科_人工透析内科_リハビリテーション科】鳥取県鳥取市扇町１７６番地" }, "geometry": { "type": "Point", "coordinates": [ 134.223647, 35.492933 ] } },
{ "type": "Feature", "properties": { "ID": "3123111000149", "正式名称": "医療法人清生会　谷口病院附属診療所　東伯サテライト", "機関区分": 2, "都道府県コード": 31, "市区町村コード": 371, "所在地": "鳥取県東伯郡琴浦町浦安１４０－１０", "緯度": 35.494322, "経度": 133.692636, "url": "https://www.iryou.teikyouseido.mhlw.go.jp/znk-web/juminkanja/S2430/initialize?prefCd=31&kikanCd=3111000149&kikanKbn=2", "url2": "http://www.seiseikai.jp/", "内容": "医療法人清生会　谷口病院附属診療所　東伯サテライト【2:診療所】【診療科目:内科】鳥取県東伯郡琴浦町浦安１４０－１０" }, "geometry": { "type": "Point", "coordinates": [ 133.692636, 35.494322 ] } },
{ "type": "Feature", "properties": { "ID": "3123111000150", "正式名称": "医療法人創新会大山クリニック", "機関区分": 2, "都道府県コード": 31, "市区町村コード": 203, "所在地": "鳥取県倉吉市丸山町４７６番地３", "緯度": 35.423817, "経度": 133.808006, "url": "https://www.iryou.teikyouseido.mhlw.go.jp/znk-web/juminkanja/S2430/initialize?prefCd=31&kikanCd=3111000150&kikanKbn=2", "url2": null, "内容": "医療法人創新会大山クリニック【2:診療所】【診療科目:内科_泌尿器科】鳥取県倉吉市丸山町４７６番地３" }, "geometry": { "type": "Point", "coordinates": [ 133.808006, 35.423817 ] } },
{ "type": "Feature", "properties": { "ID": "3123111000152", "正式名称": "山本内科医院", "機関区分": 2, "都道府県コード": 31, "市区町村コード": 203, "所在地": "鳥取県倉吉市宮川町２丁目７６", "緯度": 35.434156, "経度": 133.829564, "url": "https://www.iryou.teikyouseido.mhlw.go.jp/znk-web/juminkanja/S2430/initialize?prefCd=31&kikanCd=3111000152&kikanKbn=2", "url2": null, "内容": "山本内科医院【2:診療所】【診療科目:内科_呼吸器内科_循環器内科_消化器内科_腎臓内科_神経内科_小児科_アレルギー科】鳥取県倉吉市宮川町２丁目７６" }, "geometry": { "type": "Point", "coordinates": [ 133.829564, 35.434156 ] } },
{ "type": "Feature", "properties": { "ID": "3123111000153", "正式名称": "医療法人　上福原内科クリニック", "機関区分": 2, "都道府県コード": 31, "市区町村コード": 202, "所在地": "鳥取県米子市上福原５７８－６", "緯度": 35.442765, "経度": 133.358522, "url": "https://www.iryou.teikyouseido.mhlw.go.jp/znk-web/juminkanja/S2430/initialize?prefCd=31&kikanCd=3111000153&kikanKbn=2", "url2": null, "内容": "医療法人　上福原内科クリニック【2:診療所】【診療科目:内科_腎臓内科_人工透析内科】鳥取県米子市上福原５７８－６" }, "geometry": { "type": "Point", "coordinates": [ 133.358522, 35.442765 ] } },
{ "type": "Feature", "properties": { "ID": "3123111000160", "正式名称": "池田外科医院", "機関区分": 2, "都道府県コード": 31, "市区町村コード": 201, "所在地": "鳥取県鳥取市興南町８－２", "緯度": 35.478939, "経度": 134.251106, "url": "https://www.iryou.teikyouseido.mhlw.go.jp/znk-web/juminkanja/S2430/initialize?prefCd=31&kikanCd=3111000160&kikanKbn=2", "url2": null, "内容": "池田外科医院【2:診療所】【診療科目:消化器内科_外科_肛門外科_小児外科】鳥取県鳥取市興南町８－２" }, "geometry": { "type": "Point", "coordinates": [ 134.251106, 35.478939 ] } },
{ "type": "Feature", "properties": { "ID": "3123111000163", "正式名称": "タグチＩＶＦレディースクリニック", "機関区分": 2, "都道府県コード": 31, "市区町村コード": 201, "所在地": "鳥取県鳥取市覚寺６３－６", "緯度": 35.521325, "経度": 134.229558, "url": "https://www.iryou.teikyouseido.mhlw.go.jp/znk-web/juminkanja/S2430/initialize?prefCd=31&kikanCd=3111000163&kikanKbn=2", "url2": null, "内容": "タグチＩＶＦレディースクリニック【2:診療所】【診療科目:産科_婦人科】鳥取県鳥取市覚寺６３－６" }, "geometry": { "type": "Point", "coordinates": [ 134.229558, 35.521325 ] } },
{ "type": "Feature", "properties": { "ID": "3123111000164", "正式名称": "医療法人社団　野の花診療所", "機関区分": 2, "都道府県コード": 31, "市区町村コード": 201, "所在地": "鳥取県鳥取市行徳３丁目４３１", "緯度": 35.500807, "経度": 134.222354, "url": "https://www.iryou.teikyouseido.mhlw.go.jp/znk-web/juminkanja/S2430/initialize?prefCd=31&kikanCd=3111000164&kikanKbn=2", "url2": "http://nonohana.no.coocan.jp/", "内容": "医療法人社団　野の花診療所【2:診療所】【診療科目:内科】鳥取県鳥取市行徳３丁目４３１" }, "geometry": { "type": "Point", "coordinates": [ 134.222354, 35.500807 ] } },
{ "type": "Feature", "properties": { "ID": "3123111000165", "正式名称": "医療法人橋本外科医院", "機関区分": 2, "都道府県コード": 31, "市区町村コード": 201, "所在地": "鳥取県鳥取市大杙２０４－３", "緯度": 35.484744, "経度": 134.247846, "url": "https://www.iryou.teikyouseido.mhlw.go.jp/znk-web/juminkanja/S2430/initialize?prefCd=31&kikanCd=3111000165&kikanKbn=2", "url2": "http://hashimotogeka.link/", "内容": "医療法人橋本外科医院【2:診療所】【診療科目:内科_外科_小児外科_リハビリテーション科】鳥取県鳥取市大杙２０４－３" }, "geometry": { "type": "Point", "coordinates": [ 134.247846, 35.484744 ] } },
{ "type": "Feature", "properties": { "ID": "3123111000166", "正式名称": "医療法人前嶋眼科医院", "機関区分": 2, "都道府県コード": 31, "市区町村コード": 201, "所在地": "鳥取県鳥取市元町２２６", "緯度": 35.499447, "経度": 134.22945, "url": "https://www.iryou.teikyouseido.mhlw.go.jp/znk-web/juminkanja/S2430/initialize?prefCd=31&kikanCd=3111000166&kikanKbn=2", "url2": null, "内容": "医療法人前嶋眼科医院【2:診療所】【診療科目:眼科】鳥取県鳥取市元町２２６" }, "geometry": { "type": "Point", "coordinates": [ 134.22945, 35.499447 ] } },
{ "type": "Feature", "properties": { "ID": "3123111000167", "正式名称": "医療法人三木眼科", "機関区分": 2, "都道府県コード": 31, "市区町村コード": 201, "所在地": "鳥取県鳥取市松並町一丁目１６８番地１４三木眼科", "緯度": 35.514519, "経度": 134.219117, "url": "https://www.iryou.teikyouseido.mhlw.go.jp/znk-web/juminkanja/S2430/initialize?prefCd=31&kikanCd=3111000167&kikanKbn=2", "url2": null, "内容": "医療法人三木眼科【2:診療所】【診療科目:眼科】鳥取県鳥取市松並町一丁目１６８番地１４三木眼科" }, "geometry": { "type": "Point", "coordinates": [ 134.219117, 35.514519 ] } },
{ "type": "Feature", "properties": { "ID": "3123111000168", "正式名称": "医療法人社団みやもと産婦人科医院", "機関区分": 2, "都道府県コード": 31, "市区町村コード": 201, "所在地": "鳥取県鳥取市叶２９３－７", "緯度": 35.474204, "経度": 134.218758, "url": "https://www.iryou.teikyouseido.mhlw.go.jp/znk-web/juminkanja/S2430/initialize?prefCd=31&kikanCd=3111000168&kikanKbn=2", "url2": "miyamoto-sanfujinka.com", "内容": "医療法人社団みやもと産婦人科医院【2:診療所】【診療科目:産婦人科】鳥取県鳥取市叶２９３－７" }, "geometry": { "type": "Point", "coordinates": [ 134.218758, 35.474204 ] } },
{ "type": "Feature", "properties": { "ID": "3123111000172", "正式名称": "医療法人社団福嶋整形外科医院", "機関区分": 2, "都道府県コード": 31, "市区町村コード": 203, "所在地": "鳥取県倉吉市伊木２６２－２", "緯度": 35.446348, "経度": 133.847538, "url": "https://www.iryou.teikyouseido.mhlw.go.jp/znk-web/juminkanja/S2430/initialize?prefCd=31&kikanCd=3111000172&kikanKbn=2", "url2": "http://www.fukushimaseikei.jp", "内容": "医療法人社団福嶋整形外科医院【2:診療所】【診療科目:内科_漢方内科_整形外科_リウマチ科_リハビリテーション科】鳥取県倉吉市伊木２６２－２" }, "geometry": { "type": "Point", "coordinates": [ 133.847538, 35.446348 ] } },
{ "type": "Feature", "properties": { "ID": "3123111000173", "正式名称": "医療法人まつい眼科クリニック", "機関区分": 2, "都道府県コード": 31, "市区町村コード": 203, "所在地": "鳥取県倉吉市昭和町２丁目１５１", "緯度": 35.436261, "経度": 133.839083, "url": "https://www.iryou.teikyouseido.mhlw.go.jp/znk-web/juminkanja/S2430/initialize?prefCd=31&kikanCd=3111000173&kikanKbn=2", "url2": "http://matsui-eyeclinic.info", "内容": "医療法人まつい眼科クリニック【2:診療所】【診療科目:眼科】鳥取県倉吉市昭和町２丁目１５１" }, "geometry": { "type": "Point", "coordinates": [ 133.839083, 35.436261 ] } },
{ "type": "Feature", "properties": { "ID": "3123111000174", "正式名称": "森広眼科", "機関区分": 2, "都道府県コード": 31, "市区町村コード": 203, "所在地": "鳥取県倉吉市上井町森広眼科", "緯度": 35.453037, "経度": 133.84943, "url": "https://www.iryou.teikyouseido.mhlw.go.jp/znk-web/juminkanja/S2430/initialize?prefCd=31&kikanCd=3111000174&kikanKbn=2", "url2": null, "内容": "森広眼科【2:診療所】【診療科目:眼科】鳥取県倉吉市上井町森広眼科" }, "geometry": { "type": "Point", "coordinates": [ 133.84943, 35.453037 ] } },
{ "type": "Feature", "properties": { "ID": "3123111000175", "正式名称": "医療法人社団もりもと　森本外科・脳神経外科医院", "機関区分": 2, "都道府県コード": 31, "市区町村コード": 371, "所在地": "鳥取県東伯郡琴浦町大字逢束１２１０", "緯度": 35.499024, "経度": 133.697495, "url": "https://www.iryou.teikyouseido.mhlw.go.jp/znk-web/juminkanja/S2430/initialize?prefCd=31&kikanCd=3111000175&kikanKbn=2", "url2": null, "内容": "医療法人社団もりもと　森本外科・脳神経外科医院【2:診療所】【診療科目:外科_脳神経外科_整形外科_リハビリテーション科】鳥取県東伯郡琴浦町大字逢束１２１０" }, "geometry": { "type": "Point", "coordinates": [ 133.697495, 35.499024 ] } },
{ "type": "Feature", "properties": { "ID": "3123111000176", "正式名称": "井田レディースクリニック", "機関区分": 2, "都道府県コード": 31, "市区町村コード": 202, "所在地": "鳥取県米子市東町２２８", "緯度": 35.425509, "経度": 133.331234, "url": "https://www.iryou.teikyouseido.mhlw.go.jp/znk-web/juminkanja/S2430/initialize?prefCd=31&kikanCd=3111000176&kikanKbn=2", "url2": null, "内容": "井田レディースクリニック【2:診療所】【診療科目:産婦人科】鳥取県米子市東町２２８" }, "geometry": { "type": "Point", "coordinates": [ 133.331234, 35.425509 ] } },
{ "type": "Feature", "properties": { "ID": "3123111000177", "正式名称": "医療法人社団　魚谷眼科医院", "機関区分": 2, "都道府県コード": 31, "市区町村コード": 202, "所在地": "鳥取県米子市上後藤２－３－３", "緯度": 35.442442, "経度": 133.321767, "url": "https://www.iryou.teikyouseido.mhlw.go.jp/znk-web/juminkanja/S2430/initialize?prefCd=31&kikanCd=3111000177&kikanKbn=2", "url2": null, "内容": "医療法人社団　魚谷眼科医院【2:診療所】【診療科目:眼科】鳥取県米子市上後藤２－３－３" }, "geometry": { "type": "Point", "coordinates": [ 133.321767, 35.442442 ] } },
{ "type": "Feature", "properties": { "ID": "3123111000178", "正式名称": "太田医院", "機関区分": 2, "都道府県コード": 31, "市区町村コード": 202, "所在地": "鳥取県米子市東町３０５", "緯度": 35.424858, "経度": 133.331339, "url": "https://www.iryou.teikyouseido.mhlw.go.jp/znk-web/juminkanja/S2430/initialize?prefCd=31&kikanCd=3111000178&kikanKbn=2", "url2": null, "内容": "太田医院【2:診療所】【診療科目:外科_肛門外科】鳥取県米子市東町３０５" }, "geometry": { "type": "Point", "coordinates": [ 133.331339, 35.424858 ] } },
{ "type": "Feature", "properties": { "ID": "3123111000179", "正式名称": "医療法人社団鎌沢産科婦人科医院", "機関区分": 2, "都道府県コード": 31, "市区町村コード": 202, "所在地": "鳥取県米子市熊党１４２－７鎌沢マタニティークリニック", "緯度": 35.429428, "経度": 133.377881, "url": "https://www.iryou.teikyouseido.mhlw.go.jp/znk-web/juminkanja/S2430/initialize?prefCd=31&kikanCd=3111000179&kikanKbn=2", "url2": "https://kamazawa-clinic.com/index.html", "内容": "医療法人社団鎌沢産科婦人科医院【2:診療所】【診療科目:産婦人科】鳥取県米子市熊党１４２－７鎌沢マタニティークリニック" }, "geometry": { "type": "Point", "coordinates": [ 133.377881, 35.429428 ] } },
{ "type": "Feature", "properties": { "ID": "3123111000180", "正式名称": "神鳥眼科医院", "機関区分": 2, "都道府県コード": 31, "市区町村コード": 202, "所在地": "鳥取県米子市博労町４丁目３３１番地", "緯度": 35.435526, "経度": 133.338612, "url": "https://www.iryou.teikyouseido.mhlw.go.jp/znk-web/juminkanja/S2430/initialize?prefCd=31&kikanCd=3111000180&kikanKbn=2", "url2": null, "内容": "神鳥眼科医院【2:診療所】【診療科目:眼科】鳥取県米子市博労町４丁目３３１番地" }, "geometry": { "type": "Point", "coordinates": [ 133.338612, 35.435526 ] } },
{ "type": "Feature", "properties": { "ID": "3123111000181", "正式名称": "高木眼科医院", "機関区分": 2, "都道府県コード": 31, "市区町村コード": 202, "所在地": "鳥取県米子市車尾南１丁目１０－３８", "緯度": 35.427282, "経度": 133.359333, "url": "https://www.iryou.teikyouseido.mhlw.go.jp/znk-web/juminkanja/S2430/initialize?prefCd=31&kikanCd=3111000181&kikanKbn=2", "url2": null, "内容": "高木眼科医院【2:診療所】【診療科目:眼科】鳥取県米子市車尾南１丁目１０－３８" }, "geometry": { "type": "Point", "coordinates": [ 133.359333, 35.427282 ] } },
{ "type": "Feature", "properties": { "ID": "3123111000182", "正式名称": "医療法人　中曽産科婦人科医院", "機関区分": 2, "都道府県コード": 31, "市区町村コード": 202, "所在地": "鳥取県米子市西福原４丁目８番４１号", "緯度": 35.44481, "経度": 133.339857, "url": "https://www.iryou.teikyouseido.mhlw.go.jp/znk-web/juminkanja/S2430/initialize?prefCd=31&kikanCd=3111000182&kikanKbn=2", "url2": "https://www.nakaso-tensi.jp", "内容": "医療法人　中曽産科婦人科医院【2:診療所】【診療科目:産婦人科】鳥取県米子市西福原４丁目８番４１号" }, "geometry": { "type": "Point", "coordinates": [ 133.339857, 35.44481 ] } },
{ "type": "Feature", "properties": { "ID": "3123111000183", "正式名称": "ひがみ耳鼻いんこう科・いびき睡眠クリニック", "機関区分": 2, "都道府県コード": 31, "市区町村コード": 384, "所在地": "鳥取県西伯郡日吉津村日吉津１５８４－３", "緯度": 35.4488, "経度": 133.386361, "url": "https://www.iryou.teikyouseido.mhlw.go.jp/znk-web/juminkanja/S2430/initialize?prefCd=31&kikanCd=3111000183&kikanKbn=2", "url2": "http://www.higami.jp/", "内容": "ひがみ耳鼻いんこう科・いびき睡眠クリニック【2:診療所】【診療科目:耳鼻いんこう科_アレルギー科】鳥取県西伯郡日吉津村日吉津１５８４－３" }, "geometry": { "type": "Point", "coordinates": [ 133.386361, 35.4488 ] } },
{ "type": "Feature", "properties": { "ID": "3123111000184", "正式名称": "医療法人社団ミオ・ファティリティ・クリニック", "機関区分": 2, "都道府県コード": 31, "市区町村コード": 202, "所在地": "鳥取県米子市車尾南　２－１－１", "緯度": 35.425747, "経度": 133.363236, "url": "https://www.iryou.teikyouseido.mhlw.go.jp/znk-web/juminkanja/S2430/initialize?prefCd=31&kikanCd=3111000184&kikanKbn=2", "url2": "https://www.mfc.or.jp/", "内容": "医療法人社団ミオ・ファティリティ・クリニック【2:診療所】【診療科目:産科_婦人科_産婦人科（生殖医療）_麻酔科】鳥取県米子市車尾南　２－１－１" }, "geometry": { "type": "Point", "coordinates": [ 133.363236, 35.425747 ] } },
{ "type": "Feature", "properties": { "ID": "3123111000185", "正式名称": "消化器クリニック米川医院", "機関区分": 2, "都道府県コード": 31, "市区町村コード": 202, "所在地": "鳥取県米子市両三柳８８０－１", "緯度": 35.434907, "経度": 133.333965, "url": "https://www.iryou.teikyouseido.mhlw.go.jp/znk-web/juminkanja/S2430/initialize?prefCd=31&kikanCd=3111000185&kikanKbn=2", "url2": null, "内容": "消化器クリニック米川医院【2:診療所】【診療科目:内科_胃腸内科_肛門外科】鳥取県米子市両三柳８８０－１" }, "geometry": { "type": "Point", "coordinates": [ 133.333965, 35.434907 ] } },
{ "type": "Feature", "properties": { "ID": "3123111000187", "正式名称": "医療法人社団小森眼科クリニック", "機関区分": 2, "都道府県コード": 31, "市区町村コード": 204, "所在地": "鳥取県境港市元町１８０３－７", "緯度": 35.544414, "経度": 133.233231, "url": "https://www.iryou.teikyouseido.mhlw.go.jp/znk-web/juminkanja/S2430/initialize?prefCd=31&kikanCd=3111000187&kikanKbn=2", "url2": null, "内容": "医療法人社団小森眼科クリニック【2:診療所】【診療科目:眼科】鳥取県境港市元町１８０３－７" }, "geometry": { "type": "Point", "coordinates": [ 133.233231, 35.544414 ] } },
{ "type": "Feature", "properties": { "ID": "3123111000189", "正式名称": "キマチ・リハビリテーション医院", "機関区分": 2, "都道府県コード": 31, "市区町村コード": 386, "所在地": "鳥取県西伯郡大山町富長７５５－５", "緯度": 35.498276, "経度": 133.476705, "url": "https://www.iryou.teikyouseido.mhlw.go.jp/znk-web/juminkanja/S2430/initialize?prefCd=31&kikanCd=3111000189&kikanKbn=2", "url2": "kimachi.kazuki.org", "内容": "キマチ・リハビリテーション医院【2:診療所】【診療科目:内科_外科_肛門外科_整形外科_皮膚科_泌尿器科_リハビリテーション科_麻酔科】鳥取県西伯郡大山町富長７５５－５" }, "geometry": { "type": "Point", "coordinates": [ 133.476705, 35.498276 ] } },
{ "type": "Feature", "properties": { "ID": "3123111000190", "正式名称": "彦名レディスライフクリニック", "機関区分": 2, "都道府県コード": 31, "市区町村コード": 202, "所在地": "鳥取県米子市彦名町２８５６－３", "緯度": 35.451781, "経度": 133.2882, "url": "https://www.iryou.teikyouseido.mhlw.go.jp/znk-web/juminkanja/S2430/initialize?prefCd=31&kikanCd=3111000190&kikanKbn=2", "url2": "http://hicona.jp/", "内容": "彦名レディスライフクリニック【2:診療所】【診療科目:産婦人科_産科_婦人科_産婦人科（生殖医療）】鳥取県米子市彦名町２８５６－３" }, "geometry": { "type": "Point", "coordinates": [ 133.2882, 35.451781 ] } },
{ "type": "Feature", "properties": { "ID": "3123111000211", "正式名称": "おおたに　こども・ファミリークリニック", "機関区分": 2, "都道府県コード": 31, "市区町村コード": 201, "所在地": "鳥取県鳥取市国府町新通り３丁目３０１－１", "緯度": 35.483107, "経度": 134.255899, "url": "https://www.iryou.teikyouseido.mhlw.go.jp/znk-web/juminkanja/S2430/initialize?prefCd=31&kikanCd=3111000211&kikanKbn=2", "url2": "https://ohtanicfc.jp", "内容": "おおたに　こども・ファミリークリニック【2:診療所】【診療科目:小児科_アレルギー科】鳥取県鳥取市国府町新通り３丁目３０１－１" }, "geometry": { "type": "Point", "coordinates": [ 134.255899, 35.483107 ] } },
{ "type": "Feature", "properties": { "ID": "3123123000005", "正式名称": "鳥取市保健所", "機関区分": 2, "都道府県コード": 31, "市区町村コード": 201, "所在地": "鳥取県鳥取市富安二丁目１３８ー４鳥取市駅南庁舎", "緯度": 35.491116, "経度": 134.229033, "url": "https://www.iryou.teikyouseido.mhlw.go.jp/znk-web/juminkanja/S2430/initialize?prefCd=31&kikanCd=3123000005&kikanKbn=2", "url2": null, "内容": "鳥取市保健所【2:診療所】【診療科目:内科】鳥取県鳥取市富安二丁目１３８ー４鳥取市駅南庁舎" }, "geometry": { "type": "Point", "coordinates": [ 134.229033, 35.491116 ] } },
{ "type": "Feature", "properties": { "ID": "312CE010002", "正式名称": "おけがわ眼科", "機関区分": 2, "都道府県コード": 31, "市区町村コード": 201, "所在地": "鳥取県鳥取市叶２９３ー１２", "緯度": 35.4765, "経度": 134.21718, "url": "https://www.iryou.teikyouseido.mhlw.go.jp/znk-web/juminkanja/S2430/initialize?prefCd=31&kikanCd=CE010002&kikanKbn=2", "url2": null, "内容": "おけがわ眼科【2:診療所】【診療科目:眼科】鳥取県鳥取市叶２９３ー１２" }, "geometry": { "type": "Point", "coordinates": [ 134.21718, 35.4765 ] } },
{ "type": "Feature", "properties": { "ID": "312CE010003", "正式名称": "医療法人社団　加藤整形外科医院", "機関区分": 2, "都道府県コード": 31, "市区町村コード": 201, "所在地": "鳥取県鳥取市片原２丁目１１１", "緯度": 35.502542, "経度": 134.232531, "url": "https://www.iryou.teikyouseido.mhlw.go.jp/znk-web/juminkanja/S2430/initialize?prefCd=31&kikanCd=CE010003&kikanKbn=2", "url2": null, "内容": "医療法人社団　加藤整形外科医院【2:診療所】【診療科目:整形外科_リウマチ科_リハビリテーション科】鳥取県鳥取市片原２丁目１１１" }, "geometry": { "type": "Point", "coordinates": [ 134.232531, 35.502542 ] } },
{ "type": "Feature", "properties": { "ID": "312CE010005", "正式名称": "医療法人　竹田内科医院", "機関区分": 2, "都道府県コード": 31, "市区町村コード": 201, "所在地": "鳥取県鳥取市本町２丁目１０９番地", "緯度": 35.501817, "経度": 134.23232, "url": "https://www.iryou.teikyouseido.mhlw.go.jp/znk-web/juminkanja/S2430/initialize?prefCd=31&kikanCd=CE010005&kikanKbn=2", "url2": null, "内容": "医療法人　竹田内科医院【2:診療所】【診療科目:内科】鳥取県鳥取市本町２丁目１０９番地" }, "geometry": { "type": "Point", "coordinates": [ 134.23232, 35.501817 ] } },
{ "type": "Feature", "properties": { "ID": "312CE010006", "正式名称": "医療法人明穂整形外科", "機関区分": 2, "都道府県コード": 31, "市区町村コード": 201, "所在地": "鳥取県鳥取市扇町１１－３", "緯度": 35.49218, "経度": 134.225648, "url": "https://www.iryou.teikyouseido.mhlw.go.jp/znk-web/juminkanja/S2430/initialize?prefCd=31&kikanCd=CE010006&kikanKbn=2", "url2": "http://www.infosakyu.ne.jp/~akkeno2/Akeho/html/top.html", "内容": "医療法人明穂整形外科【2:診療所】【診療科目:整形外科】鳥取県鳥取市扇町１１－３" }, "geometry": { "type": "Point", "coordinates": [ 134.225648, 35.49218 ] } },
{ "type": "Feature", "properties": { "ID": "312CE010007", "正式名称": "医療法人　安陪内科医院", "機関区分": 2, "都道府県コード": 31, "市区町村コード": 201, "所在地": "鳥取県鳥取市吉方温泉３丁目８１１－２", "緯度": 35.492308, "経度": 134.233665, "url": "https://www.iryou.teikyouseido.mhlw.go.jp/znk-web/juminkanja/S2430/initialize?prefCd=31&kikanCd=CE010007&kikanKbn=2", "url2": "http://www.abe.or.jp/normal/", "内容": "医療法人　安陪内科医院【2:診療所】【診療科目:内科_消化器内科】鳥取県鳥取市吉方温泉３丁目８１１－２" }, "geometry": { "type": "Point", "coordinates": [ 134.233665, 35.492308 ] } },
{ "type": "Feature", "properties": { "ID": "312CE010009", "正式名称": "いわした耳鼻咽喉科医院", "機関区分": 2, "都道府県コード": 31, "市区町村コード": 201, "所在地": "鳥取県鳥取市叶３２０－１", "緯度": 35.474131, "経度": 134.218236, "url": "https://www.iryou.teikyouseido.mhlw.go.jp/znk-web/juminkanja/S2430/initialize?prefCd=31&kikanCd=CE010009&kikanKbn=2", "url2": "https://www.iwashitajibika-cl.jp/page1", "内容": "いわした耳鼻咽喉科医院【2:診療所】【診療科目:小児耳鼻いんこう科_耳鼻いんこう科_気管食道・耳鼻いんこう科_アレルギー科】鳥取県鳥取市叶３２０－１" }, "geometry": { "type": "Point", "coordinates": [ 134.218236, 35.474131 ] } },
{ "type": "Feature", "properties": { "ID": "312CE010010", "正式名称": "医療法人上山整形外科医院", "機関区分": 2, "都道府県コード": 31, "市区町村コード": 201, "所在地": "鳥取県鳥取市湖山町東２丁目１０３", "緯度": 35.517903, "経度": 134.183871, "url": "https://www.iryou.teikyouseido.mhlw.go.jp/znk-web/juminkanja/S2430/initialize?prefCd=31&kikanCd=CE010010&kikanKbn=2", "url2": "https://www.ueyama-orthopedic-clinic-com", "内容": "医療法人上山整形外科医院【2:診療所】【診療科目:外科_整形外科_リウマチ科_リハビリテーション科】鳥取県鳥取市湖山町東２丁目１０３" }, "geometry": { "type": "Point", "coordinates": [ 134.183871, 35.517903 ] } },
{ "type": "Feature", "properties": { "ID": "312CE010012", "正式名称": "おか内科クリニック", "機関区分": 2, "都道府県コード": 31, "市区町村コード": 201, "所在地": "鳥取県鳥取市江津４０７－２", "緯度": 35.526243, "経度": 134.215276, "url": "https://www.iryou.teikyouseido.mhlw.go.jp/znk-web/juminkanja/S2430/initialize?prefCd=31&kikanCd=CE010012&kikanKbn=2", "url2": "http://okanaika.com", "内容": "おか内科クリニック【2:診療所】【診療科目:内科_小児科_皮膚科_アレルギー科】鳥取県鳥取市江津４０７－２" }, "geometry": { "type": "Point", "coordinates": [ 134.215276, 35.526243 ] } },
{ "type": "Feature", "properties": { "ID": "312CE010015", "正式名称": "医療法人社団かわぐちクリニック", "機関区分": 2, "都道府県コード": 31, "市区町村コード": 201, "所在地": "鳥取県鳥取市幸町９５－１", "緯度": 35.478479, "経度": 134.250832, "url": "https://www.iryou.teikyouseido.mhlw.go.jp/znk-web/juminkanja/S2430/initialize?prefCd=31&kikanCd=CE010015&kikanKbn=2", "url2": "https://kawaguchi-clinic.info/", "内容": "医療法人社団かわぐちクリニック【2:診療所】【診療科目:整形外科_眼科_リハビリテーション科】鳥取県鳥取市幸町９５－１" }, "geometry": { "type": "Point", "coordinates": [ 134.250832, 35.478479 ] } },
{ "type": "Feature", "properties": { "ID": "312CE010019", "正式名称": "医療法人　北室内科医院", "機関区分": 2, "都道府県コード": 31, "市区町村コード": 201, "所在地": "鳥取県鳥取市西町３丁目１１０番地", "緯度": 35.504934, "経度": 134.233998, "url": "https://www.iryou.teikyouseido.mhlw.go.jp/znk-web/juminkanja/S2430/initialize?prefCd=31&kikanCd=CE010019&kikanKbn=2", "url2": "https://www.kitamuro-naika.com/", "内容": "医療法人　北室内科医院【2:診療所】【診療科目:内科_呼吸器内科】鳥取県鳥取市西町３丁目１１０番地" }, "geometry": { "type": "Point", "coordinates": [ 134.233998, 35.504934 ] } },
{ "type": "Feature", "properties": { "ID": "312CE010020", "正式名称": "きむら耳鼻咽喉科医院", "機関区分": 2, "都道府県コード": 31, "市区町村コード": 201, "所在地": "鳥取県鳥取市富安１−７６−２", "緯度": 35.489585, "経度": 134.22637, "url": "https://www.iryou.teikyouseido.mhlw.go.jp/znk-web/juminkanja/S2430/initialize?prefCd=31&kikanCd=CE010020&kikanKbn=2", "url2": "https://itp.ne.jp/info/315660893400000899/", "内容": "きむら耳鼻咽喉科医院【2:診療所】【診療科目:気管食道・耳鼻いんこう科】鳥取県鳥取市富安１−７６−２" }, "geometry": { "type": "Point", "coordinates": [ 134.22637, 35.489585 ] } },
{ "type": "Feature", "properties": { "ID": "312CE010023", "正式名称": "こはまクリニック", "機関区分": 2, "都道府県コード": 31, "市区町村コード": 201, "所在地": "鳥取県鳥取市湖山町南一丁目８３０−１", "緯度": 35.513847, "経度": 134.178437, "url": "https://www.iryou.teikyouseido.mhlw.go.jp/znk-web/juminkanja/S2430/initialize?prefCd=31&kikanCd=CE010023&kikanKbn=2", "url2": null, "内容": "こはまクリニック【2:診療所】【診療科目:内科_呼吸器内科_循環器内科_消化器内科】鳥取県鳥取市湖山町南一丁目８３０−１" }, "geometry": { "type": "Point", "coordinates": [ 134.178437, 35.513847 ] } },
{ "type": "Feature", "properties": { "ID": "312CE010026", "正式名称": "医療法人ささき皮フ科整形外科クリニック", "機関区分": 2, "都道府県コード": 31, "市区町村コード": 201, "所在地": "鳥取県鳥取市岩倉４５２－３０", "緯度": 35.484992, "経度": 134.257156, "url": "https://www.iryou.teikyouseido.mhlw.go.jp/znk-web/juminkanja/S2430/initialize?prefCd=31&kikanCd=CE010026&kikanKbn=2", "url2": null, "内容": "医療法人ささき皮フ科整形外科クリニック【2:診療所】【診療科目:整形外科_皮膚科_美容皮膚科_リウマチ科_リハビリテーション科】鳥取県鳥取市岩倉４５２－３０" }, "geometry": { "type": "Point", "coordinates": [ 134.257156, 35.484992 ] } },
{ "type": "Feature", "properties": { "ID": "312CE010027", "正式名称": "塩田医院", "機関区分": 2, "都道府県コード": 31, "市区町村コード": 201, "所在地": "鳥取県鳥取市源太１０１－１", "緯度": 35.464797, "経度": 134.208375, "url": "https://www.iryou.teikyouseido.mhlw.go.jp/znk-web/juminkanja/S2430/initialize?prefCd=31&kikanCd=CE010027&kikanKbn=2", "url2": null, "内容": "塩田医院【2:診療所】【診療科目:内科】鳥取県鳥取市源太１０１－１" }, "geometry": { "type": "Point", "coordinates": [ 134.208375, 35.464797 ] } },
{ "type": "Feature", "properties": { "ID": "312CE010028", "正式名称": "宍戸医院", "機関区分": 2, "都道府県コード": 31, "市区町村コード": 201, "所在地": "鳥取県鳥取市田島７１６宍戸医院", "緯度": 35.512619, "経度": 134.221569, "url": "https://www.iryou.teikyouseido.mhlw.go.jp/znk-web/juminkanja/S2430/initialize?prefCd=31&kikanCd=CE010028&kikanKbn=2", "url2": null, "内容": "宍戸医院【2:診療所】【診療科目:内科_外科_リハビリテーション科】鳥取県鳥取市田島７１６宍戸医院" }, "geometry": { "type": "Point", "coordinates": [ 134.221569, 35.512619 ] } },
{ "type": "Feature", "properties": { "ID": "312CE010029", "正式名称": "医療法人しばた耳鼻咽喉科医院", "機関区分": 2, "都道府県コード": 31, "市区町村コード": 201, "所在地": "鳥取県鳥取市雲山２３３－５", "緯度": 35.477289, "経度": 134.234924, "url": "https://www.iryou.teikyouseido.mhlw.go.jp/znk-web/juminkanja/S2430/initialize?prefCd=31&kikanCd=CE010029&kikanKbn=2", "url2": null, "内容": "医療法人しばた耳鼻咽喉科医院【2:診療所】【診療科目:気管食道・耳鼻いんこう科_アレルギー科】鳥取県鳥取市雲山２３３－５" }, "geometry": { "type": "Point", "coordinates": [ 134.234924, 35.477289 ] } },
{ "type": "Feature", "properties": { "ID": "312CE010030", "正式名称": "医療法人　庄司医院分院", "機関区分": 2, "都道府県コード": 31, "市区町村コード": 201, "所在地": "鳥取県鳥取市湖山町北１丁目５４７", "緯度": 35.519063, "経度": 134.178507, "url": "https://www.iryou.teikyouseido.mhlw.go.jp/znk-web/juminkanja/S2430/initialize?prefCd=31&kikanCd=CE010030&kikanKbn=2", "url2": null, "内容": "医療法人　庄司医院分院【2:診療所】【診療科目:内科_耳鼻いんこう科】鳥取県鳥取市湖山町北１丁目５４７" }, "geometry": { "type": "Point", "coordinates": [ 134.178507, 35.519063 ] } },
{ "type": "Feature", "properties": { "ID": "312CE010032", "正式名称": "医療法人社団　大覚寺クリニック", "機関区分": 2, "都道府県コード": 31, "市区町村コード": 201, "所在地": "鳥取県鳥取市吉成２０６－１", "緯度": 35.480714, "経度": 134.226986, "url": "https://www.iryou.teikyouseido.mhlw.go.jp/znk-web/juminkanja/S2430/initialize?prefCd=31&kikanCd=CE010032&kikanKbn=2", "url2": null, "内容": "医療法人社団　大覚寺クリニック【2:診療所】【診療科目:内科_外科_歯科_麻酔科】鳥取県鳥取市吉成２０６－１" }, "geometry": { "type": "Point", "coordinates": [ 134.226986, 35.480714 ] } },
{ "type": "Feature", "properties": { "ID": "312CE010033", "正式名称": "医療法人　社団　瞳会　大源眼科", "機関区分": 2, "都道府県コード": 31, "市区町村コード": 201, "所在地": "鳥取県鳥取市吉方温泉４丁目７００－１大源眼科", "緯度": 35.487681, "経度": 134.239036, "url": "https://www.iryou.teikyouseido.mhlw.go.jp/znk-web/juminkanja/S2430/initialize?prefCd=31&kikanCd=CE010033&kikanKbn=2", "url2": null, "内容": "医療法人　社団　瞳会　大源眼科【2:診療所】【診療科目:眼科】鳥取県鳥取市吉方温泉４丁目７００－１大源眼科" }, "geometry": { "type": "Point", "coordinates": [ 134.239036, 35.487681 ] } },
{ "type": "Feature", "properties": { "ID": "312CE010034", "正式名称": "たかすリウマチ・整形外科クリニック", "機関区分": 2, "都道府県コード": 31, "市区町村コード": 201, "所在地": "鳥取県鳥取市鳥取市叶２８８－１１", "緯度": 35.474047, "経度": 134.220161, "url": "https://www.iryou.teikyouseido.mhlw.go.jp/znk-web/juminkanja/S2430/initialize?prefCd=31&kikanCd=CE010034&kikanKbn=2", "url2": null, "内容": "たかすリウマチ・整形外科クリニック【2:診療所】【診療科目:整形外科_リウマチ科】鳥取県鳥取市鳥取市叶２８８－１１" }, "geometry": { "type": "Point", "coordinates": [ 134.220161, 35.474047 ] } },
{ "type": "Feature", "properties": { "ID": "312CE010035", "正式名称": "医療法人社団竹内内科医院", "機関区分": 2, "都道府県コード": 31, "市区町村コード": 201, "所在地": "鳥取県鳥取市本町５丁目２０２", "緯度": 35.503842, "経度": 134.229006, "url": "https://www.iryou.teikyouseido.mhlw.go.jp/znk-web/juminkanja/S2430/initialize?prefCd=31&kikanCd=CE010035&kikanKbn=2", "url2": "takeutinaikaiin", "内容": "医療法人社団竹内内科医院【2:診療所】【診療科目:内科_呼吸器内科_循環器内科_消化器内科】鳥取県鳥取市本町５丁目２０２" }, "geometry": { "type": "Point", "coordinates": [ 134.229006, 35.503842 ] } },
{ "type": "Feature", "properties": { "ID": "312CE010036", "正式名称": "たなかクリニック", "機関区分": 2, "都道府県コード": 31, "市区町村コード": 201, "所在地": "鳥取県鳥取市吉方温泉３丁目８０７", "緯度": 35.492786, "経度": 134.234091, "url": "https://www.iryou.teikyouseido.mhlw.go.jp/znk-web/juminkanja/S2430/initialize?prefCd=31&kikanCd=CE010036&kikanKbn=2", "url2": null, "内容": "たなかクリニック【2:診療所】【診療科目:整形外科_リウマチ科】鳥取県鳥取市吉方温泉３丁目８０７" }, "geometry": { "type": "Point", "coordinates": [ 134.234091, 35.492786 ] } },
{ "type": "Feature", "properties": { "ID": "312CE010037", "正式名称": "田中整形外科医院", "機関区分": 2, "都道府県コード": 31, "市区町村コード": 201, "所在地": "鳥取県鳥取市行徳１丁目３３２番地", "緯度": 35.498214, "経度": 134.219981, "url": "https://www.iryou.teikyouseido.mhlw.go.jp/znk-web/juminkanja/S2430/initialize?prefCd=31&kikanCd=CE010037&kikanKbn=2", "url2": null, "内容": "田中整形外科医院【2:診療所】【診療科目:整形外科_リハビリテーション科】鳥取県鳥取市行徳１丁目３３２番地" }, "geometry": { "type": "Point", "coordinates": [ 134.219981, 35.498214 ] } },
{ "type": "Feature", "properties": { "ID": "312CE010038", "正式名称": "田村内科・眼科", "機関区分": 2, "都道府県コード": 31, "市区町村コード": 201, "所在地": "鳥取県鳥取市末広温泉町２０２", "緯度": 35.495986, "経度": 134.230003, "url": "https://www.iryou.teikyouseido.mhlw.go.jp/znk-web/juminkanja/S2430/initialize?prefCd=31&kikanCd=CE010038&kikanKbn=2", "url2": null, "内容": "田村内科・眼科【2:診療所】【診療科目:内科_循環器内科_消化器内科_胃腸内科_眼科】鳥取県鳥取市末広温泉町２０２" }, "geometry": { "type": "Point", "coordinates": [ 134.230003, 35.495986 ] } },
{ "type": "Feature", "properties": { "ID": "312CE010039", "正式名称": "東部医師会急患診療所", "機関区分": 2, "都道府県コード": 31, "市区町村コード": 201, "所在地": "鳥取県鳥取市富安１－５８－１", "緯度": 35.488758, "経度": 134.226061, "url": "https://www.iryou.teikyouseido.mhlw.go.jp/znk-web/juminkanja/S2430/initialize?prefCd=31&kikanCd=CE010039&kikanKbn=2", "url2": null, "内容": "東部医師会急患診療所【2:診療所】【診療科目:内科_小児科】鳥取県鳥取市富安１－５８－１" }, "geometry": { "type": "Point", "coordinates": [ 134.226061, 35.488758 ] } },
{ "type": "Feature", "properties": { "ID": "312CE010040", "正式名称": "こころの発達クリニック", "機関区分": 2, "都道府県コード": 31, "市区町村コード": 201, "所在地": "鳥取県鳥取市立川町５丁目４１７番地", "緯度": 35.490783, "経度": 134.240975, "url": "https://www.iryou.teikyouseido.mhlw.go.jp/znk-web/juminkanja/S2430/initialize?prefCd=31&kikanCd=CE010040&kikanKbn=2", "url2": null, "内容": "こころの発達クリニック【2:診療所】【診療科目:内科_小児科_精神科】鳥取県鳥取市立川町５丁目４１７番地" }, "geometry": { "type": "Point", "coordinates": [ 134.240975, 35.490783 ] } },
{ "type": "Feature", "properties": { "ID": "312CE010042", "正式名称": "なわだ内科クリニック", "機関区分": 2, "都道府県コード": 31, "市区町村コード": 201, "所在地": "鳥取県鳥取市青葉町３丁目１０１番地２", "緯度": 35.51534, "経度": 134.224222, "url": "https://www.iryou.teikyouseido.mhlw.go.jp/znk-web/juminkanja/S2430/initialize?prefCd=31&kikanCd=CE010042&kikanKbn=2", "url2": "www.nawada-clinic.com", "内容": "なわだ内科クリニック【2:診療所】【診療科目:内科_呼吸器内科】鳥取県鳥取市青葉町３丁目１０１番地２" }, "geometry": { "type": "Point", "coordinates": [ 134.224222, 35.51534 ] } },
{ "type": "Feature", "properties": { "ID": "312CE010044", "正式名称": "西尾内科クリニック", "機関区分": 2, "都道府県コード": 31, "市区町村コード": 201, "所在地": "鳥取県鳥取市岩倉４４６－２３", "緯度": 35.485197, "経度": 134.258106, "url": "https://www.iryou.teikyouseido.mhlw.go.jp/znk-web/juminkanja/S2430/initialize?prefCd=31&kikanCd=CE010044&kikanKbn=2", "url2": null, "内容": "西尾内科クリニック【2:診療所】【診療科目:内科_循環器内科_消化器内科】鳥取県鳥取市岩倉４４６－２３" }, "geometry": { "type": "Point", "coordinates": [ 134.258106, 35.485197 ] } },
{ "type": "Feature", "properties": { "ID": "312CE010045", "正式名称": "葉狩皮膚科クリニック", "機関区分": 2, "都道府県コード": 31, "市区町村コード": 201, "所在地": "鳥取県鳥取市今町１－５０２", "緯度": 35.498411, "経度": 134.225892, "url": "https://www.iryou.teikyouseido.mhlw.go.jp/znk-web/juminkanja/S2430/initialize?prefCd=31&kikanCd=CE010045&kikanKbn=2", "url2": null, "内容": "葉狩皮膚科クリニック【2:診療所】【診療科目:皮膚科】鳥取県鳥取市今町１－５０２" }, "geometry": { "type": "Point", "coordinates": [ 134.225892, 35.498411 ] } },
{ "type": "Feature", "properties": { "ID": "312CE010047", "正式名称": "医療法人賛幸会はまゆう診療所", "機関区分": 2, "都道府県コード": 31, "市区町村コード": 201, "所在地": "鳥取県鳥取市野寺６２番地１", "緯度": 35.474218, "経度": 134.205199, "url": "https://www.iryou.teikyouseido.mhlw.go.jp/znk-web/juminkanja/S2430/initialize?prefCd=31&kikanCd=CE010047&kikanKbn=2", "url2": "http://www.hamayu.or.jp/", "内容": "医療法人賛幸会はまゆう診療所【2:診療所】【診療科目:内科_外科_皮膚科】鳥取県鳥取市野寺６２番地１" }, "geometry": { "type": "Point", "coordinates": [ 134.205199, 35.474218 ] } },
{ "type": "Feature", "properties": { "ID": "312CE010049", "正式名称": "医療法人　早瀬医院", "機関区分": 2, "都道府県コード": 31, "市区町村コード": 201, "所在地": "鳥取県鳥取市川端５丁目１０６番地", "緯度": 35.502508, "経度": 134.227158, "url": "https://www.iryou.teikyouseido.mhlw.go.jp/znk-web/juminkanja/S2430/initialize?prefCd=31&kikanCd=CE010049&kikanKbn=2", "url2": null, "内容": "医療法人　早瀬医院【2:診療所】【診療科目:内科】鳥取県鳥取市川端５丁目１０６番地" }, "geometry": { "type": "Point", "coordinates": [ 134.227158, 35.502508 ] } },
{ "type": "Feature", "properties": { "ID": "312CE010052", "正式名称": "医療法人社団本城内科クリニック", "機関区分": 2, "都道府県コード": 31, "市区町村コード": 201, "所在地": "鳥取県鳥取市湯所町２－１１０", "緯度": 35.508656, "経度": 134.232011, "url": "https://www.iryou.teikyouseido.mhlw.go.jp/znk-web/juminkanja/S2430/initialize?prefCd=31&kikanCd=CE010052&kikanKbn=2", "url2": null, "内容": "医療法人社団本城内科クリニック【2:診療所】【診療科目:内科_消化器内科】鳥取県鳥取市湯所町２－１１０" }, "geometry": { "type": "Point", "coordinates": [ 134.232011, 35.508656 ] } },
{ "type": "Feature", "properties": { "ID": "312CE010053", "正式名称": "松下内科医院", "機関区分": 2, "都道府県コード": 31, "市区町村コード": 201, "所在地": "鳥取県鳥取市雲山１１３番地１", "緯度": 35.480272, "経度": 134.238125, "url": "https://www.iryou.teikyouseido.mhlw.go.jp/znk-web/juminkanja/S2430/initialize?prefCd=31&kikanCd=CE010053&kikanKbn=2", "url2": null, "内容": "松下内科医院【2:診療所】【診療科目:内科_呼吸器内科_循環器内科_消化器内科】鳥取県鳥取市雲山１１３番地１" }, "geometry": { "type": "Point", "coordinates": [ 134.238125, 35.480272 ] } },
{ "type": "Feature", "properties": { "ID": "312CE010054", "正式名称": "医療法人まつだ内科医院", "機関区分": 2, "都道府県コード": 31, "市区町村コード": 201, "所在地": "鳥取県鳥取市叶２８４－１", "緯度": 35.473521, "経度": 134.219944, "url": "https://www.iryou.teikyouseido.mhlw.go.jp/znk-web/juminkanja/S2430/initialize?prefCd=31&kikanCd=CE010054&kikanKbn=2", "url2": null, "内容": "医療法人まつだ内科医院【2:診療所】【診療科目:内科_消化器内科】鳥取県鳥取市叶２８４－１" }, "geometry": { "type": "Point", "coordinates": [ 134.219944, 35.473521 ] } },
{ "type": "Feature", "properties": { "ID": "312CE010056", "正式名称": "宮﨑眼科クリニック", "機関区分": 2, "都道府県コード": 31, "市区町村コード": 201, "所在地": "鳥取県鳥取市永楽温泉町１０５－３", "緯度": 35.495239, "経度": 134.227989, "url": "https://www.iryou.teikyouseido.mhlw.go.jp/znk-web/juminkanja/S2430/initialize?prefCd=31&kikanCd=CE010056&kikanKbn=2", "url2": null, "内容": "宮﨑眼科クリニック【2:診療所】【診療科目:眼科】鳥取県鳥取市永楽温泉町１０５－３" }, "geometry": { "type": "Point", "coordinates": [ 134.227989, 35.495239 ] } },
{ "type": "Feature", "properties": { "ID": "312CE010057", "正式名称": "医療法人宮﨑内科医院", "機関区分": 2, "都道府県コード": 31, "市区町村コード": 201, "所在地": "鳥取県鳥取市吉成２丁目１４ー３３", "緯度": 35.485186, "経度": 134.226635, "url": "https://www.iryou.teikyouseido.mhlw.go.jp/znk-web/juminkanja/S2430/initialize?prefCd=31&kikanCd=CE010057&kikanKbn=2", "url2": null, "内容": "医療法人宮﨑内科医院【2:診療所】【診療科目:内科_消化器内科】鳥取県鳥取市吉成２丁目１４ー３３" }, "geometry": { "type": "Point", "coordinates": [ 134.226635, 35.485186 ] } },
{ "type": "Feature", "properties": { "ID": "312CE010061", "正式名称": "医療法人山本外科内科医院", "機関区分": 2, "都道府県コード": 31, "市区町村コード": 201, "所在地": "鳥取県鳥取市末広温泉町１２５－２", "緯度": 35.496374, "経度": 134.229184, "url": "https://www.iryou.teikyouseido.mhlw.go.jp/znk-web/juminkanja/S2430/initialize?prefCd=31&kikanCd=CE010061&kikanKbn=2", "url2": "http://yamamotogeka.com", "内容": "医療法人山本外科内科医院【2:診療所】【診療科目:内科_外科_整形外科_形成外科_心療内科】鳥取県鳥取市末広温泉町１２５－２" }, "geometry": { "type": "Point", "coordinates": [ 134.229184, 35.496374 ] } },
{ "type": "Feature", "properties": { "ID": "312CE010062", "正式名称": "山根整形外科クリニック", "機関区分": 2, "都道府県コード": 31, "市区町村コード": 201, "所在地": "鳥取県鳥取市南隈４８３", "緯度": 35.520576, "経度": 134.198011, "url": "https://www.iryou.teikyouseido.mhlw.go.jp/znk-web/juminkanja/S2430/initialize?prefCd=31&kikanCd=CE010062&kikanKbn=2", "url2": null, "内容": "山根整形外科クリニック【2:診療所】【診療科目:整形外科_リウマチ科_リハビリテーション科】鳥取県鳥取市南隈４８３" }, "geometry": { "type": "Point", "coordinates": [ 134.198011, 35.520576 ] } },
{ "type": "Feature", "properties": { "ID": "312CE010064", "正式名称": "医療法人社団横浜小児科内科医院", "機関区分": 2, "都道府県コード": 31, "市区町村コード": 201, "所在地": "鳥取県鳥取市覚寺５６－１", "緯度": 35.478479, "経度": 134.250832, "url": "https://www.iryou.teikyouseido.mhlw.go.jp/znk-web/juminkanja/S2430/initialize?prefCd=31&kikanCd=CE010064&kikanKbn=2", "url2": null, "内容": "医療法人社団横浜小児科内科医院【2:診療所】【診療科目:内科_呼吸器内科_循環器内科_消化器内科_小児科】鳥取県鳥取市覚寺５６－１" }, "geometry": { "type": "Point", "coordinates": [ 134.250832, 35.478479 ] } },
{ "type": "Feature", "properties": { "ID": "312CE010065", "正式名称": "医療法人医新会よろずクリニック", "機関区分": 2, "都道府県コード": 31, "市区町村コード": 201, "所在地": "鳥取県鳥取市美萩野１丁目１１８ー４", "緯度": 35.522932, "経度": 134.140628, "url": "https://www.iryou.teikyouseido.mhlw.go.jp/znk-web/juminkanja/S2430/initialize?prefCd=31&kikanCd=CE010065&kikanKbn=2", "url2": null, "内容": "医療法人医新会よろずクリニック【2:診療所】【診療科目:内科_消化器内科】鳥取県鳥取市美萩野１丁目１１８ー４" }, "geometry": { "type": "Point", "coordinates": [ 134.140628, 35.522932 ] } },
{ "type": "Feature", "properties": { "ID": "312CE010066", "正式名称": "新いなば幸朋苑　医務室", "機関区分": 2, "都道府県コード": 31, "市区町村コード": 201, "所在地": "鳥取県鳥取市浜坂２２２－１", "緯度": 35.5246, "経度": 134.226897, "url": "https://www.iryou.teikyouseido.mhlw.go.jp/znk-web/juminkanja/S2430/initialize?prefCd=31&kikanCd=CE010066&kikanKbn=2", "url2": null, "内容": "新いなば幸朋苑　医務室【2:診療所】【診療科目:内科】鳥取県鳥取市浜坂２２２－１" }, "geometry": { "type": "Point", "coordinates": [ 134.226897, 35.5246 ] } },
{ "type": "Feature", "properties": { "ID": "312CE010068", "正式名称": "鳥取県東部身体障害者更生相談所", "機関区分": 2, "都道府県コード": 31, "市区町村コード": 201, "所在地": "鳥取県鳥取市東町１丁目２２０", "緯度": 35.503461, "経度": 134.238258, "url": "https://www.iryou.teikyouseido.mhlw.go.jp/znk-web/juminkanja/S2430/initialize?prefCd=31&kikanCd=CE010068&kikanKbn=2", "url2": null, "内容": "鳥取県東部身体障害者更生相談所【2:診療所】【診療科目:整形外科_眼科_耳鼻いんこう科】鳥取県鳥取市東町１丁目２２０" }, "geometry": { "type": "Point", "coordinates": [ 134.238258, 35.503461 ] } },
{ "type": "Feature", "properties": { "ID": "312CE010074", "正式名称": "鳥取県赤十字血液センター", "機関区分": 2, "都道府県コード": 31, "市区町村コード": 201, "所在地": "鳥取県鳥取市江津３７０－１", "緯度": 35.523203, "経度": 134.215314, "url": "https://www.iryou.teikyouseido.mhlw.go.jp/znk-web/juminkanja/S2430/initialize?prefCd=31&kikanCd=CE010074&kikanKbn=2", "url2": "https://www.bs.jrc.or.jp/csk/tottori/index.html", "内容": "鳥取県赤十字血液センター【2:診療所】【診療科目:採血業務】鳥取県鳥取市江津３７０－１" }, "geometry": { "type": "Point", "coordinates": [ 134.215314, 35.523203 ] } },
{ "type": "Feature", "properties": { "ID": "312CE010078", "正式名称": "鳥取県立精神保健福祉センター", "機関区分": 2, "都道府県コード": 31, "市区町村コード": 201, "所在地": "鳥取県鳥取市江津３１８－１", "緯度": 35.523124, "経度": 134.213934, "url": "https://www.iryou.teikyouseido.mhlw.go.jp/znk-web/juminkanja/S2430/initialize?prefCd=31&kikanCd=CE010078&kikanKbn=2", "url2": "http://www.pref.tottori.lg.jp/seishincenter/", "内容": "鳥取県立精神保健福祉センター【2:診療所】【診療科目:精神科】鳥取県鳥取市江津３１８－１" }, "geometry": { "type": "Point", "coordinates": [ 134.213934, 35.523124 ] } },
{ "type": "Feature", "properties": { "ID": "312CE010079", "正式名称": "社会福祉法人　鳥取福祉会　養護老人ホーム　鳥取市なごみ苑", "機関区分": 2, "都道府県コード": 31, "市区町村コード": 201, "所在地": "鳥取県鳥取市的場２丁目１番地鳥取市なごみ苑", "緯度": 35.4755, "経度": 134.232161, "url": "https://www.iryou.teikyouseido.mhlw.go.jp/znk-web/juminkanja/S2430/initialize?prefCd=31&kikanCd=CE010079&kikanKbn=2", "url2": null, "内容": "社会福祉法人　鳥取福祉会　養護老人ホーム　鳥取市なごみ苑【2:診療所】【診療科目:内科】鳥取県鳥取市的場２丁目１番地鳥取市なごみ苑" }, "geometry": { "type": "Point", "coordinates": [ 134.232161, 35.4755 ] } },
{ "type": "Feature", "properties": { "ID": "312CE010080", "正式名称": "鳥取大学保健管理センター", "機関区分": 2, "都道府県コード": 31, "市区町村コード": 201, "所在地": "鳥取県鳥取市湖山町南４丁目１０１番地", "緯度": 35.515206, "経度": 134.173356, "url": "https://www.iryou.teikyouseido.mhlw.go.jp/znk-web/juminkanja/S2430/initialize?prefCd=31&kikanCd=CE010080&kikanKbn=2", "url2": "https://www.tottori-u.ac.jp/campuslife/support/health/", "内容": "鳥取大学保健管理センター【2:診療所】【診療科目:内科_脳神経内科_耳鼻いんこう科_精神科_アレルギー科】鳥取県鳥取市湖山町南４丁目１０１番地" }, "geometry": { "type": "Point", "coordinates": [ 134.173356, 35.515206 ] } },
{ "type": "Feature", "properties": { "ID": "312CE010083", "正式名称": "特別養護老人ホームはまゆう", "機関区分": 2, "都道府県コード": 31, "市区町村コード": 201, "所在地": "鳥取県鳥取市服部２０４－１社会福祉法人賛幸会", "緯度": 35.474883, "経度": 134.205283, "url": "https://www.iryou.teikyouseido.mhlw.go.jp/znk-web/juminkanja/S2430/initialize?prefCd=31&kikanCd=CE010083&kikanKbn=2", "url2": null, "内容": "特別養護老人ホームはまゆう【2:診療所】【診療科目:内科_整形外科_皮膚科_心療内科_リハビリテーション科】鳥取県鳥取市服部２０４－１社会福祉法人賛幸会" }, "geometry": { "type": "Point", "coordinates": [ 134.205283, 35.474883 ] } },
{ "type": "Feature", "properties": { "ID": "312CE010085", "正式名称": "美和あすなろ医務室", "機関区分": 2, "都道府県コード": 31, "市区町村コード": 201, "所在地": "鳥取県鳥取市赤子田４５１", "緯度": 35.431633, "経度": 134.200614, "url": "https://www.iryou.teikyouseido.mhlw.go.jp/znk-web/juminkanja/S2430/initialize?prefCd=31&kikanCd=CE010085&kikanKbn=2", "url2": null, "内容": "美和あすなろ医務室【2:診療所】【診療科目:内科】鳥取県鳥取市赤子田４５１" }, "geometry": { "type": "Point", "coordinates": [ 134.200614, 35.431633 ] } },
{ "type": "Feature", "properties": { "ID": "312CE010086", "正式名称": "気高あすなろ医務室", "機関区分": 2, "都道府県コード": 31, "市区町村コード": 201, "所在地": "鳥取県鳥取市気高町八幡２６８", "緯度": 35.510572, "経度": 134.040356, "url": "https://www.iryou.teikyouseido.mhlw.go.jp/znk-web/juminkanja/S2430/initialize?prefCd=31&kikanCd=CE010086&kikanKbn=2", "url2": null, "内容": "気高あすなろ医務室【2:診療所】【診療科目:内科】鳥取県鳥取市気高町八幡２６８" }, "geometry": { "type": "Point", "coordinates": [ 134.040356, 35.510572 ] } },
{ "type": "Feature", "properties": { "ID": "312CE010087", "正式名称": "特別養護老人ホーム　なりすな", "機関区分": 2, "都道府県コード": 31, "市区町村コード": 201, "所在地": "鳥取県鳥取市青谷町善田２７－１", "緯度": 35.51155, "経度": 133.997633, "url": "https://www.iryou.teikyouseido.mhlw.go.jp/znk-web/juminkanja/S2430/initialize?prefCd=31&kikanCd=CE010087&kikanKbn=2", "url2": null, "内容": "特別養護老人ホーム　なりすな【2:診療所】【診療科目:内科_精神科】鳥取県鳥取市青谷町善田２７－１" }, "geometry": { "type": "Point", "coordinates": [ 133.997633, 35.51155 ] } },
{ "type": "Feature", "properties": { "ID": "312CE010091", "正式名称": "社会福祉法人あすなろ会　河原あすなろ", "機関区分": 2, "都道府県コード": 31, "市区町村コード": 201, "所在地": "鳥取県鳥取市河原町今在家８４２", "緯度": 35.400981, "経度": 134.216936, "url": "https://www.iryou.teikyouseido.mhlw.go.jp/znk-web/juminkanja/S2430/initialize?prefCd=31&kikanCd=CE010091&kikanKbn=2", "url2": null, "内容": "社会福祉法人あすなろ会　河原あすなろ【2:診療所】【診療科目:内科】鳥取県鳥取市河原町今在家８４２" }, "geometry": { "type": "Point", "coordinates": [ 134.216936, 35.400981 ] } },
{ "type": "Feature", "properties": { "ID": "312CE010092", "正式名称": "医療法人井上医院", "機関区分": 2, "都道府県コード": 31, "市区町村コード": 201, "所在地": "鳥取県鳥取市用瀬町用瀬４５７－６", "緯度": 35.339803, "経度": 134.201392, "url": "https://www.iryou.teikyouseido.mhlw.go.jp/znk-web/juminkanja/S2430/initialize?prefCd=31&kikanCd=CE010092&kikanKbn=2", "url2": null, "内容": "医療法人井上医院【2:診療所】【診療科目:内科_胃腸内科_外科_小児科】鳥取県鳥取市用瀬町用瀬４５７－６" }, "geometry": { "type": "Point", "coordinates": [ 134.201392, 35.339803 ] } },
{ "type": "Feature", "properties": { "ID": "312CE010094", "正式名称": "にしうら皮膚科", "機関区分": 2, "都道府県コード": 31, "市区町村コード": 201, "所在地": "鳥取県鳥取市宮長２５８－１にしうら皮膚科", "緯度": 35.474373, "経度": 134.219661, "url": "https://www.iryou.teikyouseido.mhlw.go.jp/znk-web/juminkanja/S2430/initialize?prefCd=31&kikanCd=CE010094&kikanKbn=2", "url2": "https://nishiurahihuka.sakura.ne.jp", "内容": "にしうら皮膚科【2:診療所】【診療科目:皮膚科】鳥取県鳥取市宮長２５８－１にしうら皮膚科" }, "geometry": { "type": "Point", "coordinates": [ 134.219661, 35.474373 ] } },
{ "type": "Feature", "properties": { "ID": "312CE010095", "正式名称": "ふなもとクリニック", "機関区分": 2, "都道府県コード": 31, "市区町村コード": 201, "所在地": "鳥取県鳥取市古海７１５－２", "緯度": 35.500081, "経度": 134.208544, "url": "https://www.iryou.teikyouseido.mhlw.go.jp/znk-web/juminkanja/S2430/initialize?prefCd=31&kikanCd=CE010095&kikanKbn=2", "url2": null, "内容": "ふなもとクリニック【2:診療所】【診療科目:内科_外科_リハビリテーション科】鳥取県鳥取市古海７１５－２" }, "geometry": { "type": "Point", "coordinates": [ 134.208544, 35.500081 ] } },
{ "type": "Feature", "properties": { "ID": "312CE010096", "正式名称": "おかだ内科", "機関区分": 2, "都道府県コード": 31, "市区町村コード": 201, "所在地": "鳥取県鳥取市富安二丁目１４９", "緯度": 35.492272, "経度": 134.228731, "url": "https://www.iryou.teikyouseido.mhlw.go.jp/znk-web/juminkanja/S2430/initialize?prefCd=31&kikanCd=CE010096&kikanKbn=2", "url2": "okada-naika.com", "内容": "おかだ内科【2:診療所】【診療科目:内科_脳神経内科_消化器内科_精神科】鳥取県鳥取市富安二丁目１４９" }, "geometry": { "type": "Point", "coordinates": [ 134.228731, 35.492272 ] } },
{ "type": "Feature", "properties": { "ID": "312CE010098", "正式名称": "鳥取ペインクリニック", "機関区分": 2, "都道府県コード": 31, "市区町村コード": 201, "所在地": "鳥取県鳥取市川端１丁目２０１番地", "緯度": 35.498957, "経度": 134.231117, "url": "https://www.iryou.teikyouseido.mhlw.go.jp/znk-web/juminkanja/S2430/initialize?prefCd=31&kikanCd=CE010098&kikanKbn=2", "url2": "http://t-painclinic.sakura.ne.jp/", "内容": "鳥取ペインクリニック【2:診療所】【診療科目:内科_ペインクリニック内科_リハビリテーション科_麻酔科】鳥取県鳥取市川端１丁目２０１番地" }, "geometry": { "type": "Point", "coordinates": [ 134.231117, 35.498957 ] } },
{ "type": "Feature", "properties": { "ID": "312CE010099", "正式名称": "医療法人健章会　鳥取北クリニック", "機関区分": 2, "都道府県コード": 31, "市区町村コード": 201, "所在地": "鳥取県鳥取市賀露町４０１２", "緯度": 35.526924, "経度": 134.197969, "url": "https://www.iryou.teikyouseido.mhlw.go.jp/znk-web/juminkanja/S2430/initialize?prefCd=31&kikanCd=CE010099&kikanKbn=2", "url2": "https://tottorikita-clinic.jp", "内容": "医療法人健章会　鳥取北クリニック【2:診療所】【診療科目:内科_婦人科】鳥取県鳥取市賀露町４０１２" }, "geometry": { "type": "Point", "coordinates": [ 134.197969, 35.526924 ] } },
{ "type": "Feature", "properties": { "ID": "312CE010100", "正式名称": "下田神経内科クリニック", "機関区分": 2, "都道府県コード": 31, "市区町村コード": 201, "所在地": "鳥取県鳥取市大工町頭３３番地", "緯度": 35.497474, "経度": 134.238312, "url": "https://www.iryou.teikyouseido.mhlw.go.jp/znk-web/juminkanja/S2430/initialize?prefCd=31&kikanCd=CE010100&kikanKbn=2", "url2": "https://www.shimoda-clinic.com/", "内容": "下田神経内科クリニック【2:診療所】【診療科目:内科_神経内科】鳥取県鳥取市大工町頭３３番地" }, "geometry": { "type": "Point", "coordinates": [ 134.238312, 35.497474 ] } },
{ "type": "Feature", "properties": { "ID": "312CE010101", "正式名称": "特別養護老人ホームいこいの杜", "機関区分": 2, "都道府県コード": 31, "市区町村コード": 201, "所在地": "鳥取県鳥取市湖山町西３丁目１１３－１", "緯度": 35.524228, "経度": 134.155467, "url": "https://www.iryou.teikyouseido.mhlw.go.jp/znk-web/juminkanja/S2430/initialize?prefCd=31&kikanCd=CE010101&kikanKbn=2", "url2": null, "内容": "特別養護老人ホームいこいの杜【2:診療所】【診療科目:内科】鳥取県鳥取市湖山町西３丁目１１３－１" }, "geometry": { "type": "Point", "coordinates": [ 134.155467, 35.524228 ] } },
{ "type": "Feature", "properties": { "ID": "312CE010102", "正式名称": "たけうち耳鼻いんこう科", "機関区分": 2, "都道府県コード": 31, "市区町村コード": 201, "所在地": "鳥取県鳥取市里仁５４－８", "緯度": 35.503156, "経度": 134.194281, "url": "https://www.iryou.teikyouseido.mhlw.go.jp/znk-web/juminkanja/S2430/initialize?prefCd=31&kikanCd=CE010102&kikanKbn=2", "url2": null, "内容": "たけうち耳鼻いんこう科【2:診療所】【診療科目:耳鼻いんこう科_気管食道・耳鼻いんこう科】鳥取県鳥取市里仁５４－８" }, "geometry": { "type": "Point", "coordinates": [ 134.194281, 35.503156 ] } },
{ "type": "Feature", "properties": { "ID": "312CE010103", "正式名称": "よねだクリニック", "機関区分": 2, "都道府県コード": 31, "市区町村コード": 201, "所在地": "鳥取県鳥取市気高町北浜３丁目１３１－１", "緯度": 35.5161, "経度": 134.0495, "url": "https://www.iryou.teikyouseido.mhlw.go.jp/znk-web/juminkanja/S2430/initialize?prefCd=31&kikanCd=CE010103&kikanKbn=2", "url2": "https://www.yoneda-clinic.com/", "内容": "よねだクリニック【2:診療所】【診療科目:内科_呼吸器内科】鳥取県鳥取市気高町北浜３丁目１３１－１" }, "geometry": { "type": "Point", "coordinates": [ 134.0495, 35.5161 ] } },
{ "type": "Feature", "properties": { "ID": "312CE010104", "正式名称": "医療法人わたなべクリニック", "機関区分": 2, "都道府県コード": 31, "市区町村コード": 201, "所在地": "鳥取県鳥取市南隈４４０", "緯度": 35.520284, "経度": 134.201049, "url": "https://www.iryou.teikyouseido.mhlw.go.jp/znk-web/juminkanja/S2430/initialize?prefCd=31&kikanCd=CE010104&kikanKbn=2", "url2": "http://www.watacli.jp", "内容": "医療法人わたなべクリニック【2:診療所】【診療科目:内科_腎臓内科_皮膚科_泌尿器科】鳥取県鳥取市南隈４４０" }, "geometry": { "type": "Point", "coordinates": [ 134.201049, 35.520284 ] } },
{ "type": "Feature", "properties": { "ID": "312CE010105", "正式名称": "にしまち診療所悠々", "機関区分": 2, "都道府県コード": 31, "市区町村コード": 201, "所在地": "鳥取県鳥取市西町５丁目１０８", "緯度": 35.506819, "経度": 134.233008, "url": "https://www.iryou.teikyouseido.mhlw.go.jp/znk-web/juminkanja/S2430/initialize?prefCd=31&kikanCd=CE010105&kikanKbn=2", "url2": null, "内容": "にしまち診療所悠々【2:診療所】【診療科目:内科_外科_リハビリテーション科】鳥取県鳥取市西町５丁目１０８" }, "geometry": { "type": "Point", "coordinates": [ 134.233008, 35.506819 ] } },
{ "type": "Feature", "properties": { "ID": "312CE010107", "正式名称": "髙田医院", "機関区分": 2, "都道府県コード": 31, "市区町村コード": 201, "所在地": "鳥取県鳥取市湖山町東１丁目１１７の３ジョイフレンド１０２号", "緯度": 35.516711, "経度": 134.184725, "url": "https://www.iryou.teikyouseido.mhlw.go.jp/znk-web/juminkanja/S2430/initialize?prefCd=31&kikanCd=CE010107&kikanKbn=2", "url2": "http://www.takata-mc.sakura.ne.jp/index.html", "内容": "髙田医院【2:診療所】【診療科目:精神科_心療内科】鳥取県鳥取市湖山町東１丁目１１７の３ジョイフレンド１０２号" }, "geometry": { "type": "Point", "coordinates": [ 134.184725, 35.516711 ] } },
{ "type": "Feature", "properties": { "ID": "312CE010108", "正式名称": "やまもとクリニック", "機関区分": 2, "都道府県コード": 31, "市区町村コード": 201, "所在地": "鳥取県鳥取市田園町２－１５７", "緯度": 35.511672, "経度": 134.225142, "url": "https://www.iryou.teikyouseido.mhlw.go.jp/znk-web/juminkanja/S2430/initialize?prefCd=31&kikanCd=CE010108&kikanKbn=2", "url2": null, "内容": "やまもとクリニック【2:診療所】【診療科目:内科_消化器内科_整形外科_リウマチ科_リハビリテーション科】鳥取県鳥取市田園町２－１５７" }, "geometry": { "type": "Point", "coordinates": [ 134.225142, 35.511672 ] } },
{ "type": "Feature", "properties": { "ID": "312CE010109", "正式名称": "延寿の杜ホームクリニック", "機関区分": 2, "都道府県コード": 31, "市区町村コード": 201, "所在地": "鳥取県鳥取市賀露町　４１６２", "緯度": 35.531281, "経度": 134.197418, "url": "https://www.iryou.teikyouseido.mhlw.go.jp/znk-web/juminkanja/S2430/initialize?prefCd=31&kikanCd=CE010109&kikanKbn=2", "url2": "https://enju.jinpukai.jp/", "内容": "延寿の杜ホームクリニック【2:診療所】【診療科目:内科_精神科】鳥取県鳥取市賀露町　４１６２" }, "geometry": { "type": "Point", "coordinates": [ 134.197418, 35.531281 ] } },
{ "type": "Feature", "properties": { "ID": "312CE010110", "正式名称": "すえひろ生協診療所", "機関区分": 2, "都道府県コード": 31, "市区町村コード": 201, "所在地": "鳥取県鳥取市末広温泉町２０３", "緯度": 35.496031, "経度": 134.230278, "url": "https://www.iryou.teikyouseido.mhlw.go.jp/znk-web/juminkanja/S2430/initialize?prefCd=31&kikanCd=CE010110&kikanKbn=2", "url2": null, "内容": "すえひろ生協診療所【2:診療所】【診療科目:内科_外科_緩和ケア外科】鳥取県鳥取市末広温泉町２０３" }, "geometry": { "type": "Point", "coordinates": [ 134.230278, 35.496031 ] } },
{ "type": "Feature", "properties": { "ID": "312CE010113", "正式名称": "一般社団法人ＬＳＣ　とっとり在宅ケア・漢方クリニック", "機関区分": 2, "都道府県コード": 31, "市区町村コード": 201, "所在地": "鳥取県鳥取市吉成南町１丁目２７－９", "緯度": 35.480172, "経度": 134.217714, "url": "https://www.iryou.teikyouseido.mhlw.go.jp/znk-web/juminkanja/S2430/initialize?prefCd=31&kikanCd=CE010113&kikanKbn=2", "url2": null, "内容": "一般社団法人ＬＳＣ　とっとり在宅ケア・漢方クリニック【2:診療所】【診療科目:内科_漢方内科】鳥取県鳥取市吉成南町１丁目２７－９" }, "geometry": { "type": "Point", "coordinates": [ 134.217714, 35.480172 ] } },
{ "type": "Feature", "properties": { "ID": "312CE010114", "正式名称": "おおたけ脳神経・漢方内科クリニック", "機関区分": 2, "都道府県コード": 31, "市区町村コード": 201, "所在地": "鳥取県鳥取市晩稲４３７－３", "緯度": 35.526275, "経度": 134.202011, "url": "https://www.iryou.teikyouseido.mhlw.go.jp/znk-web/juminkanja/S2430/initialize?prefCd=31&kikanCd=CE010114&kikanKbn=2", "url2": null, "内容": "おおたけ脳神経・漢方内科クリニック【2:診療所】【診療科目:脳神経内科_漢方内科_脳神経外科】鳥取県鳥取市晩稲４３７－３" }, "geometry": { "type": "Point", "coordinates": [ 134.202011, 35.526275 ] } },
{ "type": "Feature", "properties": { "ID": "312CE010115", "正式名称": "クリニックこくふ", "機関区分": 2, "都道府県コード": 31, "市区町村コード": 201, "所在地": "鳥取県鳥取市国府町新通り２丁目２０２", "緯度": 35.481633, "経度": 134.253228, "url": "https://www.iryou.teikyouseido.mhlw.go.jp/znk-web/juminkanja/S2430/initialize?prefCd=31&kikanCd=CE010115&kikanKbn=2", "url2": null, "内容": "クリニックこくふ【2:診療所】【診療科目:内科_整形外科_リハビリテーション科】鳥取県鳥取市国府町新通り２丁目２０２" }, "geometry": { "type": "Point", "coordinates": [ 134.253228, 35.481633 ] } },
{ "type": "Feature", "properties": { "ID": "312CE010116", "正式名称": "さくらレディースクリニック田園町", "機関区分": 2, "都道府県コード": 31, "市区町村コード": 201, "所在地": "鳥取県鳥取市田園町２丁目１５５番地", "緯度": 35.511365, "経度": 134.225284, "url": "https://www.iryou.teikyouseido.mhlw.go.jp/znk-web/juminkanja/S2430/initialize?prefCd=31&kikanCd=CE010116&kikanKbn=2", "url2": null, "内容": "さくらレディースクリニック田園町【2:診療所】【診療科目:産婦人科_産婦人科（生殖医療）】鳥取県鳥取市田園町２丁目１５５番地" }, "geometry": { "type": "Point", "coordinates": [ 134.225284, 35.511365 ] } },
{ "type": "Feature", "properties": { "ID": "312CE010117", "正式名称": "里仁皮膚科", "機関区分": 2, "都道府県コード": 31, "市区町村コード": 201, "所在地": "鳥取県鳥取市里仁５６－１", "緯度": 35.502397, "経度": 134.193089, "url": "https://www.iryou.teikyouseido.mhlw.go.jp/znk-web/juminkanja/S2430/initialize?prefCd=31&kikanCd=CE010117&kikanKbn=2", "url2": null, "内容": "里仁皮膚科【2:診療所】【診療科目:皮膚科】鳥取県鳥取市里仁５６－１" }, "geometry": { "type": "Point", "coordinates": [ 134.193089, 35.502397 ] } },
{ "type": "Feature", "properties": { "ID": "312CE010118", "正式名称": "特別養護老人ホームのでらはまゆう", "機関区分": 2, "都道府県コード": 31, "市区町村コード": 201, "所在地": "鳥取県鳥取市野寺６７社会福祉法人賛幸会", "緯度": 35.474386, "経度": 134.205917, "url": "https://www.iryou.teikyouseido.mhlw.go.jp/znk-web/juminkanja/S2430/initialize?prefCd=31&kikanCd=CE010118&kikanKbn=2", "url2": null, "内容": "特別養護老人ホームのでらはまゆう【2:診療所】【診療科目:内科_整形外科_皮膚科_心療内科_リハビリテーション科】鳥取県鳥取市野寺６７社会福祉法人賛幸会" }, "geometry": { "type": "Point", "coordinates": [ 134.205917, 35.474386 ] } },
{ "type": "Feature", "properties": { "ID": "312CE010120", "正式名称": "シティクリニック", "機関区分": 2, "都道府県コード": 31, "市区町村コード": 201, "所在地": "鳥取県鳥取市晩稲３４８イオンモール鳥取北二階", "緯度": 35.525368, "経度": 134.20288, "url": "https://www.iryou.teikyouseido.mhlw.go.jp/znk-web/juminkanja/S2430/initialize?prefCd=31&kikanCd=CE010120&kikanKbn=2", "url2": null, "内容": "シティクリニック【2:診療所】【診療科目:眼科】鳥取県鳥取市晩稲３４８イオンモール鳥取北二階" }, "geometry": { "type": "Point", "coordinates": [ 134.20288, 35.525368 ] } },
{ "type": "Feature", "properties": { "ID": "312CE010121", "正式名称": "内科・消化器内科　片原ごとうクリニック", "機関区分": 2, "都道府県コード": 31, "市区町村コード": 201, "所在地": "鳥取県鳥取市片原４－１１１", "緯度": 35.504047, "経度": 134.230767, "url": "https://www.iryou.teikyouseido.mhlw.go.jp/znk-web/juminkanja/S2430/initialize?prefCd=31&kikanCd=CE010121&kikanKbn=2", "url2": "https://k-goto.com/", "内容": "内科・消化器内科　片原ごとうクリニック【2:診療所】【診療科目:内科_消化器内科_内視鏡内科】鳥取県鳥取市片原４－１１１" }, "geometry": { "type": "Point", "coordinates": [ 134.230767, 35.504047 ] } },
{ "type": "Feature", "properties": { "ID": "312CE010122", "正式名称": "介護老人福祉施設　高草あすなろ（ユニット型）", "機関区分": 2, "都道府県コード": 31, "市区町村コード": 201, "所在地": "鳥取県鳥取市大桷３３０番地高草あすなろ（ユニット型）", "緯度": 35.490981, "経度": 134.181483, "url": "https://www.iryou.teikyouseido.mhlw.go.jp/znk-web/juminkanja/S2430/initialize?prefCd=31&kikanCd=CE010122&kikanKbn=2", "url2": null, "内容": "介護老人福祉施設　高草あすなろ（ユニット型）【2:診療所】【診療科目:内科】鳥取県鳥取市大桷３３０番地高草あすなろ（ユニット型）" }, "geometry": { "type": "Point", "coordinates": [ 134.181483, 35.490981 ] } },
{ "type": "Feature", "properties": { "ID": "312CE010124", "正式名称": "クリニック陽まり", "機関区分": 2, "都道府県コード": 31, "市区町村コード": 201, "所在地": "鳥取県鳥取市南吉方３丁目５２２番地", "緯度": 35.486727, "経度": 134.243051, "url": "https://www.iryou.teikyouseido.mhlw.go.jp/znk-web/juminkanja/S2430/initialize?prefCd=31&kikanCd=CE010124&kikanKbn=2", "url2": "www.satoni-himari.jp", "内容": "クリニック陽まり【2:診療所】【診療科目:内科_糖尿病内科_消化器内科_腎臓内科_人工透析内科_整形外科_泌尿器科_リハビリテーション科】鳥取県鳥取市南吉方３丁目５２２番地" }, "geometry": { "type": "Point", "coordinates": [ 134.243051, 35.486727 ] } },
{ "type": "Feature", "properties": { "ID": "312CE010125", "正式名称": "とっとの杜こどもハビリテーションクリニック", "機関区分": 2, "都道府県コード": 31, "市区町村コード": 201, "所在地": "鳥取県鳥取市国府町麻生９１－３", "緯度": 35.480193, "経度": 134.226633, "url": "https://www.iryou.teikyouseido.mhlw.go.jp/znk-web/juminkanja/S2430/initialize?prefCd=31&kikanCd=CE010125&kikanKbn=2", "url2": "https://www.tottoclinic.com", "内容": "とっとの杜こどもハビリテーションクリニック【2:診療所】【診療科目:児童精神科_心療内科_リハビリテーション科】鳥取県鳥取市国府町麻生９１－３" }, "geometry": { "type": "Point", "coordinates": [ 134.226633, 35.480193 ] } },
{ "type": "Feature", "properties": { "ID": "312CE010126", "正式名称": "だんばらクリニック", "機関区分": 2, "都道府県コード": 31, "市区町村コード": 201, "所在地": "鳥取県鳥取市富安３３０－１", "緯度": 35.487775, "経度": 134.221158, "url": "https://www.iryou.teikyouseido.mhlw.go.jp/znk-web/juminkanja/S2430/initialize?prefCd=31&kikanCd=CE010126&kikanKbn=2", "url2": null, "内容": "だんばらクリニック【2:診療所】【診療科目:内科_糖尿病内科_内分泌内科】鳥取県鳥取市富安３３０－１" }, "geometry": { "type": "Point", "coordinates": [ 134.221158, 35.487775 ] } },
{ "type": "Feature", "properties": { "ID": "312CE010128", "正式名称": "中安脳神経・内科クリニック", "機関区分": 2, "都道府県コード": 31, "市区町村コード": 201, "所在地": "鳥取県鳥取市松並町２丁目５０３−７", "緯度": 35.517694, "経度": 134.219407, "url": "https://www.iryou.teikyouseido.mhlw.go.jp/znk-web/juminkanja/S2430/initialize?prefCd=31&kikanCd=CE010128&kikanKbn=2", "url2": "https://sites.google.com/nakashin.info/neurology/", "内容": "中安脳神経・内科クリニック【2:診療所】【診療科目:内科_脳神経内科】鳥取県鳥取市松並町２丁目５０３−７" }, "geometry": { "type": "Point", "coordinates": [ 134.219407, 35.517694 ] } },
{ "type": "Feature", "properties": { "ID": "312CE010129", "正式名称": "すがクリニック", "機関区分": 2, "都道府県コード": 31, "市区町村コード": 201, "所在地": "鳥取県鳥取市湖山町東２丁目１４０－１", "緯度": 35.51745, "経度": 134.184278, "url": "https://www.iryou.teikyouseido.mhlw.go.jp/znk-web/juminkanja/S2430/initialize?prefCd=31&kikanCd=CE010129&kikanKbn=2", "url2": "https://suga-cl.com", "内容": "すがクリニック【2:診療所】【診療科目:内科_循環器内科_心臓内科】鳥取県鳥取市湖山町東２丁目１４０－１" }, "geometry": { "type": "Point", "coordinates": [ 134.184278, 35.51745 ] } },
{ "type": "Feature", "properties": { "ID": "312CE010130", "正式名称": "かげしま心臓血管・内科クリニック", "機関区分": 2, "都道府県コード": 31, "市区町村コード": 201, "所在地": "鳥取県鳥取市安長２５７－１", "緯度": 35.511106, "経度": 134.204386, "url": "https://www.iryou.teikyouseido.mhlw.go.jp/znk-web/juminkanja/S2430/initialize?prefCd=31&kikanCd=CE010130&kikanKbn=2", "url2": "https://tottori-cardiology.jp/", "内容": "かげしま心臓血管・内科クリニック【2:診療所】【診療科目:内科_循環器内科_心臓内科_心臓リハビリテーション科】鳥取県鳥取市安長２５７－１" }, "geometry": { "type": "Point", "coordinates": [ 134.204386, 35.511106 ] } },
{ "type": "Feature", "properties": { "ID": "312CE010131", "正式名称": "千代水の森おなかと内科のクリニック", "機関区分": 2, "都道府県コード": 31, "市区町村コード": 201, "所在地": "鳥取県鳥取市千代水２－９７", "緯度": 35.516559, "経度": 134.20035, "url": "https://www.iryou.teikyouseido.mhlw.go.jp/znk-web/juminkanja/S2430/initialize?prefCd=31&kikanCd=CE010131&kikanKbn=2", "url2": "https://chiyominomori.com/", "内容": "千代水の森おなかと内科のクリニック【2:診療所】【診療科目:内科_消化器内科_胃腸内科_肝臓内科】鳥取県鳥取市千代水２－９７" }, "geometry": { "type": "Point", "coordinates": [ 134.20035, 35.516559 ] } },
{ "type": "Feature", "properties": { "ID": "312CE010132", "正式名称": "山脇医院", "機関区分": 2, "都道府県コード": 31, "市区町村コード": 201, "所在地": "鳥取県鳥取市国府町奥谷３丁目３３７番地", "緯度": 35.482806, "経度": 134.262772, "url": "https://www.iryou.teikyouseido.mhlw.go.jp/znk-web/juminkanja/S2430/initialize?prefCd=31&kikanCd=CE010132&kikanKbn=2", "url2": "https://www.yamawakiiin.com/clinic", "内容": "山脇医院【2:診療所】【診療科目:内科_脳神経内科_循環器内科_小児科_リハビリテーション科】鳥取県鳥取市国府町奥谷３丁目３３７番地" }, "geometry": { "type": "Point", "coordinates": [ 134.262772, 35.482806 ] } },
{ "type": "Feature", "properties": { "ID": "312CE030001", "正式名称": "わかさ生協診療所", "機関区分": 2, "都道府県コード": 31, "市区町村コード": 325, "所在地": "鳥取県八頭郡若桜町若桜９３３－１", "緯度": 35.341783, "経度": 134.401275, "url": "https://www.iryou.teikyouseido.mhlw.go.jp/znk-web/juminkanja/S2430/initialize?prefCd=31&kikanCd=CE030001&kikanKbn=2", "url2": "https://wakasa.mcoop-tottori.jp/", "内容": "わかさ生協診療所【2:診療所】【診療科目:内科_脳・血管外科】鳥取県八頭郡若桜町若桜９３３－１" }, "geometry": { "type": "Point", "coordinates": [ 134.401275, 35.341783 ] } },
{ "type": "Feature", "properties": { "ID": "312CE030002", "正式名称": "若桜柿坂医院", "機関区分": 2, "都道府県コード": 31, "市区町村コード": 325, "所在地": "鳥取県八頭郡若桜町若桜２９６－１", "緯度": 35.343441, "経度": 134.398192, "url": "https://www.iryou.teikyouseido.mhlw.go.jp/znk-web/juminkanja/S2430/initialize?prefCd=31&kikanCd=CE030002&kikanKbn=2", "url2": null, "内容": "若桜柿坂医院【2:診療所】【診療科目:内科_内視鏡内科】鳥取県八頭郡若桜町若桜２９６－１" }, "geometry": { "type": "Point", "coordinates": [ 134.398192, 35.343441 ] } },
{ "type": "Feature", "properties": { "ID": "312CE040001", "正式名称": "智頭町山形診療所", "機関区分": 2, "都道府県コード": 31, "市区町村コード": 328, "所在地": "鳥取県八頭郡智頭町郷原２６３番地１", "緯度": 35.265372, "経度": 134.276934, "url": "https://www.iryou.teikyouseido.mhlw.go.jp/znk-web/juminkanja/S2430/initialize?prefCd=31&kikanCd=CE040001&kikanKbn=2", "url2": null, "内容": "智頭町山形診療所【2:診療所】【診療科目:内科】鳥取県八頭郡智頭町郷原２６３番地１" }, "geometry": { "type": "Point", "coordinates": [ 134.276934, 35.265372 ] } },
{ "type": "Feature", "properties": { "ID": "312CE040004", "正式名称": "智頭町那岐診療所", "機関区分": 2, "都道府県コード": 31, "市区町村コード": 328, "所在地": "鳥取県八頭郡智頭町大背１１６番地２", "緯度": 35.213667, "経度": 134.210479, "url": "https://www.iryou.teikyouseido.mhlw.go.jp/znk-web/juminkanja/S2430/initialize?prefCd=31&kikanCd=CE040004&kikanKbn=2", "url2": "https://www2.town.chizu.tottori.jp", "内容": "智頭町那岐診療所【2:診療所】【診療科目:内科】鳥取県八頭郡智頭町大背１１６番地２" }, "geometry": { "type": "Point", "coordinates": [ 134.210479, 35.213667 ] } },
{ "type": "Feature", "properties": { "ID": "312CE050002", "正式名称": "岸本内科医院", "機関区分": 2, "都道府県コード": 31, "市区町村コード": 329, "所在地": "鳥取県八頭郡八頭町池田２０６－１", "緯度": 35.409069, "経度": 134.240256, "url": "https://www.iryou.teikyouseido.mhlw.go.jp/znk-web/juminkanja/S2430/initialize?prefCd=31&kikanCd=CE050002&kikanKbn=2", "url2": null, "内容": "岸本内科医院【2:診療所】【診療科目:内科_神経内科】鳥取県八頭郡八頭町池田２０６－１" }, "geometry": { "type": "Point", "coordinates": [ 134.240256, 35.409069 ] } },
{ "type": "Feature", "properties": { "ID": "312CE050003", "正式名称": "社会福祉法人やず　特別養護老人ホームすこやか", "機関区分": 2, "都道府県コード": 31, "市区町村コード": 329, "所在地": "鳥取県八頭郡八頭町宮谷１７４－１特別養護老人ホームすこやか", "緯度": 35.413025, "経度": 134.256464, "url": "https://www.iryou.teikyouseido.mhlw.go.jp/znk-web/juminkanja/S2430/initialize?prefCd=31&kikanCd=CE050003&kikanKbn=2", "url2": null, "内容": "社会福祉法人やず　特別養護老人ホームすこやか【2:診療所】【診療科目:内科】鳥取県八頭郡八頭町宮谷１７４－１特別養護老人ホームすこやか" }, "geometry": { "type": "Point", "coordinates": [ 134.256464, 35.413025 ] } },
{ "type": "Feature", "properties": { "ID": "312CE050004", "正式名称": "尾崎医院", "機関区分": 2, "都道府県コード": 31, "市区町村コード": 329, "所在地": "鳥取県八頭郡八頭町才代１５８－５", "緯度": 35.362736, "経度": 134.317275, "url": "https://www.iryou.teikyouseido.mhlw.go.jp/znk-web/juminkanja/S2430/initialize?prefCd=31&kikanCd=CE050004&kikanKbn=2", "url2": null, "内容": "尾崎医院【2:診療所】【診療科目:内科_小児科】鳥取県八頭郡八頭町才代１５８－５" }, "geometry": { "type": "Point", "coordinates": [ 134.317275, 35.362736 ] } },
{ "type": "Feature", "properties": { "ID": "312CE050005", "正式名称": "医療法人柿坂医院", "機関区分": 2, "都道府県コード": 31, "市区町村コード": 329, "所在地": "鳥取県八頭郡八頭町北山４７", "緯度": 35.363636, "経度": 134.357206, "url": "https://www.iryou.teikyouseido.mhlw.go.jp/znk-web/juminkanja/S2430/initialize?prefCd=31&kikanCd=CE050005&kikanKbn=2", "url2": null, "内容": "医療法人柿坂医院【2:診療所】【診療科目:内科】鳥取県八頭郡八頭町北山４７" }, "geometry": { "type": "Point", "coordinates": [ 134.357206, 35.363636 ] } },
{ "type": "Feature", "properties": { "ID": "312CE050006", "正式名称": "西田整形外科医院", "機関区分": 2, "都道府県コード": 31, "市区町村コード": 329, "所在地": "鳥取県八頭郡八頭町下坂４９２－２", "緯度": 35.422272, "経度": 134.262228, "url": "https://www.iryou.teikyouseido.mhlw.go.jp/znk-web/juminkanja/S2430/initialize?prefCd=31&kikanCd=CE050006&kikanKbn=2", "url2": null, "内容": "西田整形外科医院【2:診療所】【診療科目:整形外科_リウマチ科_リハビリテーション科_麻酔科】鳥取県八頭郡八頭町下坂４９２－２" }, "geometry": { "type": "Point", "coordinates": [ 134.262228, 35.422272 ] } },
{ "type": "Feature", "properties": { "ID": "312CE050007", "正式名称": "特別養護老人ホームゆず医務室", "機関区分": 2, "都道府県コード": 31, "市区町村コード": 329, "所在地": "鳥取県八頭郡八頭町船岡１９５２", "緯度": 35.392666, "経度": 134.245, "url": "https://www.iryou.teikyouseido.mhlw.go.jp/znk-web/juminkanja/S2430/initialize?prefCd=31&kikanCd=CE050007&kikanKbn=2", "url2": null, "内容": "特別養護老人ホームゆず医務室【2:診療所】【診療科目:内科】鳥取県八頭郡八頭町船岡１９５２" }, "geometry": { "type": "Point", "coordinates": [ 134.245, 35.392666 ] } },
{ "type": "Feature", "properties": { "ID": "312CE050008", "正式名称": "こおげ駅前クリニック", "機関区分": 2, "都道府県コード": 31, "市区町村コード": 329, "所在地": "鳥取県八頭郡八頭町郡家２３５番地", "緯度": 35.412824, "経度": 134.251769, "url": "https://www.iryou.teikyouseido.mhlw.go.jp/znk-web/juminkanja/S2430/initialize?prefCd=31&kikanCd=CE050008&kikanKbn=2", "url2": "https://www.koge-clinic.com", "内容": "こおげ駅前クリニック【2:診療所】【診療科目:内科_胃腸内科】鳥取県八頭郡八頭町郡家２３５番地" }, "geometry": { "type": "Point", "coordinates": [ 134.251769, 35.412824 ] } },
{ "type": "Feature", "properties": { "ID": "312CE050009", "正式名称": "瀬川医院", "機関区分": 2, "都道府県コード": 31, "市区町村コード": 329, "所在地": "鳥取県八頭郡八頭町坂田３５０－３", "緯度": 35.389887, "経度": 134.24742, "url": "https://www.iryou.teikyouseido.mhlw.go.jp/znk-web/juminkanja/S2430/initialize?prefCd=31&kikanCd=CE050009&kikanKbn=2", "url2": null, "内容": "瀬川医院【2:診療所】【診療科目:内科_小児科】鳥取県八頭郡八頭町坂田３５０－３" }, "geometry": { "type": "Point", "coordinates": [ 134.24742, 35.389887 ] } },
{ "type": "Feature", "properties": { "ID": "312CM060003", "正式名称": "特別養護老人ホーム　倉吉スターロイヤル　医務室", "機関区分": 2, "都道府県コード": 31, "市区町村コード": 203, "所在地": "鳥取県倉吉市福守町４３３", "緯度": 35.435872, "経度": 133.805231, "url": "https://www.iryou.teikyouseido.mhlw.go.jp/znk-web/juminkanja/S2430/initialize?prefCd=31&kikanCd=CM060003&kikanKbn=2", "url2": null, "内容": "特別養護老人ホーム　倉吉スターロイヤル　医務室【2:診療所】【診療科目:内科_呼吸器内科_皮膚科】鳥取県倉吉市福守町４３３" }, "geometry": { "type": "Point", "coordinates": [ 133.805231, 35.435872 ] } },
{ "type": "Feature", "properties": { "ID": "312CM060004", "正式名称": "障害者支援施設　敬仁会館診療所", "機関区分": 2, "都道府県コード": 31, "市区町村コード": 203, "所在地": "鳥取県倉吉市山根５５番地３９", "緯度": 35.452102, "経度": 133.858403, "url": "https://www.iryou.teikyouseido.mhlw.go.jp/znk-web/juminkanja/S2430/initialize?prefCd=31&kikanCd=CM060004&kikanKbn=2", "url2": "https://www.med-wel.jp", "内容": "障害者支援施設　敬仁会館診療所【2:診療所】【診療科目:内科_精神科】鳥取県倉吉市山根５５番地３９" }, "geometry": { "type": "Point", "coordinates": [ 133.858403, 35.452102 ] } },
{ "type": "Feature", "properties": { "ID": "312CM060005", "正式名称": "サンジュエリー医務室", "機関区分": 2, "都道府県コード": 31, "市区町村コード": 203, "所在地": "鳥取県倉吉市福守町４５２", "緯度": 35.435832, "経度": 133.806426, "url": "https://www.iryou.teikyouseido.mhlw.go.jp/znk-web/juminkanja/S2430/initialize?prefCd=31&kikanCd=CM060005&kikanKbn=2", "url2": null, "内容": "サンジュエリー医務室【2:診療所】【診療科目:内科】鳥取県倉吉市福守町４５２" }, "geometry": { "type": "Point", "coordinates": [ 133.806426, 35.435832 ] } },
{ "type": "Feature", "properties": { "ID": "312CM060006", "正式名称": "特別養護老人ホーム　ル・ソラリオン診療所", "機関区分": 2, "都道府県コード": 31, "市区町村コード": 203, "所在地": "鳥取県倉吉市山根５５ー３", "緯度": 35.449471, "経度": 133.849359, "url": "https://www.iryou.teikyouseido.mhlw.go.jp/znk-web/juminkanja/S2430/initialize?prefCd=31&kikanCd=CM060006&kikanKbn=2", "url2": "http://www.med-wel.jp", "内容": "特別養護老人ホーム　ル・ソラリオン診療所【2:診療所】【診療科目:内科_精神科】鳥取県倉吉市山根５５ー３" }, "geometry": { "type": "Point", "coordinates": [ 133.849359, 35.449471 ] } },
{ "type": "Feature", "properties": { "ID": "312CM060008", "正式名称": "鳥取県倉吉保健所", "機関区分": 2, "都道府県コード": 31, "市区町村コード": 203, "所在地": "鳥取県倉吉市東巌城町２", "緯度": 35.438919, "経度": 133.844506, "url": "https://www.iryou.teikyouseido.mhlw.go.jp/znk-web/juminkanja/S2430/initialize?prefCd=31&kikanCd=CM060008&kikanKbn=2", "url2": null, "内容": "鳥取県倉吉保健所【2:診療所】【診療科目:内科】鳥取県倉吉市東巌城町２" }, "geometry": { "type": "Point", "coordinates": [ 133.844506, 35.438919 ] } },
{ "type": "Feature", "properties": { "ID": "312CM060010", "正式名称": "医療法人社団親和会　はしもと整形外科", "機関区分": 2, "都道府県コード": 31, "市区町村コード": 203, "所在地": "鳥取県倉吉市宮川町１７６－１１", "緯度": 35.432721, "経度": 133.831096, "url": "https://www.iryou.teikyouseido.mhlw.go.jp/znk-web/juminkanja/S2430/initialize?prefCd=31&kikanCd=CM060010&kikanKbn=2", "url2": null, "内容": "医療法人社団親和会　はしもと整形外科【2:診療所】【診療科目:整形外科_リウマチ科_リハビリテーション科】鳥取県倉吉市宮川町１７６－１１" }, "geometry": { "type": "Point", "coordinates": [ 133.831096, 35.432721 ] } },
{ "type": "Feature", "properties": { "ID": "312CM060011", "正式名称": "石津クリニック", "機関区分": 2, "都道府県コード": 31, "市区町村コード": 203, "所在地": "鳥取県倉吉市昭和町１−２１０", "緯度": 35.433298, "経度": 133.835246, "url": "https://www.iryou.teikyouseido.mhlw.go.jp/znk-web/juminkanja/S2430/initialize?prefCd=31&kikanCd=CM060011&kikanKbn=2", "url2": null, "内容": "石津クリニック【2:診療所】【診療科目:耳鼻いんこう科】鳥取県倉吉市昭和町１−２１０" }, "geometry": { "type": "Point", "coordinates": [ 133.835246, 35.433298 ] } },
{ "type": "Feature", "properties": { "ID": "312CM060012", "正式名称": "医療法人井東医院", "機関区分": 2, "都道府県コード": 31, "市区町村コード": 203, "所在地": "鳥取県倉吉市上灘町１７２", "緯度": 35.428433, "経度": 133.841503, "url": "https://www.iryou.teikyouseido.mhlw.go.jp/znk-web/juminkanja/S2430/initialize?prefCd=31&kikanCd=CM060012&kikanKbn=2", "url2": null, "内容": "医療法人井東医院【2:診療所】【診療科目:内科_眼科】鳥取県倉吉市上灘町１７２" }, "geometry": { "type": "Point", "coordinates": [ 133.841503, 35.428433 ] } },
{ "type": "Feature", "properties": { "ID": "312CM060013", "正式名称": "音田内科", "機関区分": 2, "都道府県コード": 31, "市区町村コード": 203, "所在地": "鳥取県倉吉市東町４３５", "緯度": 35.431013, "経度": 133.827437, "url": "https://www.iryou.teikyouseido.mhlw.go.jp/znk-web/juminkanja/S2430/initialize?prefCd=31&kikanCd=CM060013&kikanKbn=2", "url2": null, "内容": "音田内科【2:診療所】【診療科目:内科_呼吸器内科_循環器内科_消化器内科】鳥取県倉吉市東町４３５" }, "geometry": { "type": "Point", "coordinates": [ 133.827437, 35.431013 ] } },
{ "type": "Feature", "properties": { "ID": "312CM060015", "正式名称": "医療法人千希会河本医院", "機関区分": 2, "都道府県コード": 31, "市区町村コード": 203, "所在地": "鳥取県倉吉市津原３９２－２", "緯度": 35.465476, "経度": 133.757255, "url": "https://www.iryou.teikyouseido.mhlw.go.jp/znk-web/juminkanja/S2430/initialize?prefCd=31&kikanCd=CM060015&kikanKbn=2", "url2": null, "内容": "医療法人千希会河本医院【2:診療所】【診療科目:内科_循環器内科_消化器内科_外科_肛門外科】鳥取県倉吉市津原３９２－２" }, "geometry": { "type": "Point", "coordinates": [ 133.757255, 35.465476 ] } },
{ "type": "Feature", "properties": { "ID": "312CM060018", "正式名称": "医療法人　社団　鳥飼内科", "機関区分": 2, "都道府県コード": 31, "市区町村コード": 203, "所在地": "鳥取県倉吉市昭和町１丁目６２", "緯度": 35.434364, "経度": 133.836734, "url": "https://www.iryou.teikyouseido.mhlw.go.jp/znk-web/juminkanja/S2430/initialize?prefCd=31&kikanCd=CM060018&kikanKbn=2", "url2": null, "内容": "医療法人　社団　鳥飼内科【2:診療所】【診療科目:内科_呼吸器内科_循環器内科_消化器内科_放射線科】鳥取県倉吉市昭和町１丁目６２" }, "geometry": { "type": "Point", "coordinates": [ 133.836734, 35.434364 ] } },
{ "type": "Feature", "properties": { "ID": "312CM060019", "正式名称": "医療法人社団　西田内科", "機関区分": 2, "都道府県コード": 31, "市区町村コード": 203, "所在地": "鳥取県倉吉市上井町１丁目１４２番地", "緯度": 35.449868, "経度": 133.851592, "url": "https://www.iryou.teikyouseido.mhlw.go.jp/znk-web/juminkanja/S2430/initialize?prefCd=31&kikanCd=CM060019&kikanKbn=2", "url2": "http://www.myclinic.ne.jp/nishidanaika/pc/", "内容": "医療法人社団　西田内科【2:診療所】【診療科目:内科_呼吸器内科_循環器内科_消化器内科】鳥取県倉吉市上井町１丁目１４２番地" }, "geometry": { "type": "Point", "coordinates": [ 133.851592, 35.449868 ] } },
{ "type": "Feature", "properties": { "ID": "312CM060020", "正式名称": "医療法人　ぬの皮膚科医院", "機関区分": 2, "都道府県コード": 31, "市区町村コード": 203, "所在地": "鳥取県倉吉市東巌城町５４番地", "緯度": 35.436208, "経度": 133.844486, "url": "https://www.iryou.teikyouseido.mhlw.go.jp/znk-web/juminkanja/S2430/initialize?prefCd=31&kikanCd=CM060020&kikanKbn=2", "url2": null, "内容": "医療法人　ぬの皮膚科医院【2:診療所】【診療科目:皮膚科】鳥取県倉吉市東巌城町５４番地" }, "geometry": { "type": "Point", "coordinates": [ 133.844486, 35.436208 ] } },
{ "type": "Feature", "properties": { "ID": "312CM060021", "正式名称": "野田外科医院", "機関区分": 2, "都道府県コード": 31, "市区町村コード": 203, "所在地": "鳥取県倉吉市堺町", "緯度": 35.434113, "経度": 133.82634, "url": "https://www.iryou.teikyouseido.mhlw.go.jp/znk-web/juminkanja/S2430/initialize?prefCd=31&kikanCd=CM060021&kikanKbn=2", "url2": "https://nodageka.jp/", "内容": "野田外科医院【2:診療所】【診療科目:内科_外科_肛門外科_整形外科_形成外科_皮膚科_リハビリテーション科】鳥取県倉吉市堺町" }, "geometry": { "type": "Point", "coordinates": [ 133.82634, 35.434113 ] } },
{ "type": "Feature", "properties": { "ID": "312CM060024", "正式名称": "宮石クリニック", "機関区分": 2, "都道府県コード": 31, "市区町村コード": 203, "所在地": "鳥取県倉吉市福庭町１丁目１４１", "緯度": 35.464605, "経度": 133.847561, "url": "https://www.iryou.teikyouseido.mhlw.go.jp/znk-web/juminkanja/S2430/initialize?prefCd=31&kikanCd=CM060024&kikanKbn=2", "url2": null, "内容": "宮石クリニック【2:診療所】【診療科目:内科_神経内科】鳥取県倉吉市福庭町１丁目１４１" }, "geometry": { "type": "Point", "coordinates": [ 133.847561, 35.464605 ] } },
{ "type": "Feature", "properties": { "ID": "312CM060025", "正式名称": "もりしたクリニック", "機関区分": 2, "都道府県コード": 31, "市区町村コード": 203, "所在地": "鳥取県倉吉市清谷町１丁目２１５", "緯度": 35.476396, "経度": 133.850634, "url": "https://www.iryou.teikyouseido.mhlw.go.jp/znk-web/juminkanja/S2430/initialize?prefCd=31&kikanCd=CM060025&kikanKbn=2", "url2": "https://www.morishita-cl.com", "内容": "もりしたクリニック【2:診療所】【診療科目:内科_胃腸内科_外科_肛門外科】鳥取県倉吉市清谷町１丁目２１５" }, "geometry": { "type": "Point", "coordinates": [ 133.850634, 35.476396 ] } },
{ "type": "Feature", "properties": { "ID": "312CM060026", "正式名称": "医療法人社団森脇クリニック", "機関区分": 2, "都道府県コード": 31, "市区町村コード": 203, "所在地": "鳥取県倉吉市新町３丁目１０８１ー４", "緯度": 35.433999, "経度": 133.821312, "url": "https://www.iryou.teikyouseido.mhlw.go.jp/znk-web/juminkanja/S2430/initialize?prefCd=31&kikanCd=CM060026&kikanKbn=2", "url2": null, "内容": "医療法人社団森脇クリニック【2:診療所】【診療科目:内科_胃腸内科_外科_肛門外科】鳥取県倉吉市新町３丁目１０８１ー４" }, "geometry": { "type": "Point", "coordinates": [ 133.821312, 35.433999 ] } },
{ "type": "Feature", "properties": { "ID": "312CM060027", "正式名称": "レディースクリニックひまわり小笹産婦人科", "機関区分": 2, "都道府県コード": 31, "市区町村コード": 203, "所在地": "鳥取県倉吉市南昭和町２７－１", "緯度": 35.434494, "経度": 133.840197, "url": "https://www.iryou.teikyouseido.mhlw.go.jp/znk-web/juminkanja/S2430/initialize?prefCd=31&kikanCd=CM060027&kikanKbn=2", "url2": null, "内容": "レディースクリニックひまわり小笹産婦人科【2:診療所】【診療科目:産婦人科】鳥取県倉吉市南昭和町２７－１" }, "geometry": { "type": "Point", "coordinates": [ 133.840197, 35.434494 ] } },
{ "type": "Feature", "properties": { "ID": "312CM060028", "正式名称": "安梅医院", "機関区分": 2, "都道府県コード": 31, "市区町村コード": 203, "所在地": "鳥取県倉吉市関金町大鳥居", "緯度": 35.370495, "経度": 133.75322, "url": "https://www.iryou.teikyouseido.mhlw.go.jp/znk-web/juminkanja/S2430/initialize?prefCd=31&kikanCd=CM060028&kikanKbn=2", "url2": null, "内容": "安梅医院【2:診療所】【診療科目:内科】鳥取県倉吉市関金町大鳥居" }, "geometry": { "type": "Point", "coordinates": [ 133.75322, 35.370495 ] } },
{ "type": "Feature", "properties": { "ID": "312CM060029", "正式名称": "上野医院", "機関区分": 2, "都道府県コード": 31, "市区町村コード": 203, "所在地": "鳥取県倉吉市東昭和町３８", "緯度": 35.437564, "経度": 133.841653, "url": "https://www.iryou.teikyouseido.mhlw.go.jp/znk-web/juminkanja/S2430/initialize?prefCd=31&kikanCd=CM060029&kikanKbn=2", "url2": null, "内容": "上野医院【2:診療所】【診療科目:内科_漢方内科_外科_肛門外科_整形外科】鳥取県倉吉市東昭和町３８" }, "geometry": { "type": "Point", "coordinates": [ 133.841653, 35.437564 ] } },
{ "type": "Feature", "properties": { "ID": "312CM060030", "正式名称": "医療法人滉陽会　のぐち内科クリニック", "機関区分": 2, "都道府県コード": 31, "市区町村コード": 203, "所在地": "鳥取県倉吉市上井町１丁目８－５", "緯度": 35.4534, "経度": 133.851303, "url": "https://www.iryou.teikyouseido.mhlw.go.jp/znk-web/juminkanja/S2430/initialize?prefCd=31&kikanCd=CM060030&kikanKbn=2", "url2": "http://www.noguchi-naika.info", "内容": "医療法人滉陽会　のぐち内科クリニック【2:診療所】【診療科目:内科_消化器内科_腎臓内科_人工透析内科】鳥取県倉吉市上井町１丁目８－５" }, "geometry": { "type": "Point", "coordinates": [ 133.851303, 35.4534 ] } },
{ "type": "Feature", "properties": { "ID": "312CM060031", "正式名称": "医療法人瑠璃風会うなてクリニック", "機関区分": 2, "都道府県コード": 31, "市区町村コード": 203, "所在地": "鳥取県倉吉市宮川町２５６－２", "緯度": 35.432548, "経度": 133.828837, "url": "https://www.iryou.teikyouseido.mhlw.go.jp/znk-web/juminkanja/S2430/initialize?prefCd=31&kikanCd=CM060031&kikanKbn=2", "url2": "https://unate-clinic-rurikazekai.tkc.best-hp.jp", "内容": "医療法人瑠璃風会うなてクリニック【2:診療所】【診療科目:内科_消化器内科_外科_肛門外科】鳥取県倉吉市宮川町２５６－２" }, "geometry": { "type": "Point", "coordinates": [ 133.828837, 35.432548 ] } },
{ "type": "Feature", "properties": { "ID": "312CM060032", "正式名称": "はまよしレディースクリニック", "機関区分": 2, "都道府県コード": 31, "市区町村コード": 203, "所在地": "鳥取県倉吉市清谷町１－２４８－１", "緯度": 35.476778, "経度": 133.849595, "url": "https://www.iryou.teikyouseido.mhlw.go.jp/znk-web/juminkanja/S2430/initialize?prefCd=31&kikanCd=CM060032&kikanKbn=2", "url2": "https://www.hama-lc.com", "内容": "はまよしレディースクリニック【2:診療所】【診療科目:産婦人科】鳥取県倉吉市清谷町１－２４８－１" }, "geometry": { "type": "Point", "coordinates": [ 133.849595, 35.476778 ] } },
{ "type": "Feature", "properties": { "ID": "312CM060034", "正式名称": "かほく耳鼻咽喉科クリニック", "機関区分": 2, "都道府県コード": 31, "市区町村コード": 203, "所在地": "鳥取県倉吉市福庭町２丁目１７３－３", "緯度": 35.466312, "経度": 133.847511, "url": "https://www.iryou.teikyouseido.mhlw.go.jp/znk-web/juminkanja/S2430/initialize?prefCd=31&kikanCd=CM060034&kikanKbn=2", "url2": null, "内容": "かほく耳鼻咽喉科クリニック【2:診療所】【診療科目:耳鼻いんこう科_頭頸部・耳鼻いんこう科】鳥取県倉吉市福庭町２丁目１７３－３" }, "geometry": { "type": "Point", "coordinates": [ 133.847511, 35.466312 ] } },
{ "type": "Feature", "properties": { "ID": "312CM060035", "正式名称": "医療法人社団　門脇内科医院", "機関区分": 2, "都道府県コード": 31, "市区町村コード": 203, "所在地": "鳥取県倉吉市山根５８６", "緯度": 35.450092, "経度": 133.84829, "url": "https://www.iryou.teikyouseido.mhlw.go.jp/znk-web/juminkanja/S2430/initialize?prefCd=31&kikanCd=CM060035&kikanKbn=2", "url2": null, "内容": "医療法人社団　門脇内科医院【2:診療所】【診療科目:内科_呼吸器内科_循環器内科_胃腸内科】鳥取県倉吉市山根５８６" }, "geometry": { "type": "Point", "coordinates": [ 133.84829, 35.450092 ] } },
{ "type": "Feature", "properties": { "ID": "312CM060036", "正式名称": "西倉吉クリニック", "機関区分": 2, "都道府県コード": 31, "市区町村コード": 203, "所在地": "鳥取県倉吉市秋喜１８５－３", "緯度": 35.425417, "経度": 133.798442, "url": "https://www.iryou.teikyouseido.mhlw.go.jp/znk-web/juminkanja/S2430/initialize?prefCd=31&kikanCd=CM060036&kikanKbn=2", "url2": null, "内容": "西倉吉クリニック【2:診療所】【診療科目:内科_消化器内科】鳥取県倉吉市秋喜１８５－３" }, "geometry": { "type": "Point", "coordinates": [ 133.798442, 35.425417 ] } },
{ "type": "Feature", "properties": { "ID": "312CM060040", "正式名称": "すおうメンタルクリニック", "機関区分": 2, "都道府県コード": 31, "市区町村コード": 203, "所在地": "鳥取県倉吉市下田中町９０７番", "緯度": 35.430811, "経度": 133.843342, "url": "https://www.iryou.teikyouseido.mhlw.go.jp/znk-web/juminkanja/S2430/initialize?prefCd=31&kikanCd=CM060040&kikanKbn=2", "url2": null, "内容": "すおうメンタルクリニック【2:診療所】【診療科目:精神科_心療内科】鳥取県倉吉市下田中町９０７番" }, "geometry": { "type": "Point", "coordinates": [ 133.843342, 35.430811 ] } },
{ "type": "Feature", "properties": { "ID": "312CM060041", "正式名称": "みらい内科クリニック", "機関区分": 2, "都道府県コード": 31, "市区町村コード": 203, "所在地": "鳥取県倉吉市昭和町２丁目２３３", "緯度": 35.435311, "経度": 133.83879, "url": "https://www.iryou.teikyouseido.mhlw.go.jp/znk-web/juminkanja/S2430/initialize?prefCd=31&kikanCd=CM060041&kikanKbn=2", "url2": "mirai-clinic.info", "内容": "みらい内科クリニック【2:診療所】【診療科目:内科_消化器内科_腎臓内科_人工透析内科】鳥取県倉吉市昭和町２丁目２３３" }, "geometry": { "type": "Point", "coordinates": [ 133.83879, 35.435311 ] } },
{ "type": "Feature", "properties": { "ID": "312CM060042", "正式名称": "おはだのことクリニック", "機関区分": 2, "都道府県コード": 31, "市区町村コード": 203, "所在地": "鳥取県倉吉市昭和町二丁目１５５番地１", "緯度": 35.436442, "経度": 133.839531, "url": "https://www.iryou.teikyouseido.mhlw.go.jp/znk-web/juminkanja/S2430/initialize?prefCd=31&kikanCd=CM060042&kikanKbn=2", "url2": "ohadanokoto-clinic.com", "内容": "おはだのことクリニック【2:診療所】【診療科目:皮膚科】鳥取県倉吉市昭和町二丁目１５５番地１" }, "geometry": { "type": "Point", "coordinates": [ 133.839531, 35.436442 ] } },
{ "type": "Feature", "properties": { "ID": "312CM060043", "正式名称": "倉吉シティ内視鏡クリニック", "機関区分": 2, "都道府県コード": 31, "市区町村コード": 203, "所在地": "鳥取県倉吉市伊木２１５番地３", "緯度": 35.447372, "経度": 133.850256, "url": "https://www.iryou.teikyouseido.mhlw.go.jp/znk-web/juminkanja/S2430/initialize?prefCd=31&kikanCd=CM060043&kikanKbn=2", "url2": "Kc-endocl.com", "内容": "倉吉シティ内視鏡クリニック【2:診療所】【診療科目:内科_呼吸器内科_循環器内科_消化器内科】鳥取県倉吉市伊木２１５番地３" }, "geometry": { "type": "Point", "coordinates": [ 133.850256, 35.447372 ] } },
{ "type": "Feature", "properties": { "ID": "312CM070002", "正式名称": "湯川医院", "機関区分": 2, "都道府県コード": 31, "市区町村コード": 364, "所在地": "鳥取県東伯郡三朝町三朝９６７番地１", "緯度": 35.409067, "経度": 133.893353, "url": "https://www.iryou.teikyouseido.mhlw.go.jp/znk-web/juminkanja/S2430/initialize?prefCd=31&kikanCd=CM070002&kikanKbn=2", "url2": null, "内容": "湯川医院【2:診療所】【診療科目:内科】鳥取県東伯郡三朝町三朝９６７番地１" }, "geometry": { "type": "Point", "coordinates": [ 133.893353, 35.409067 ] } },
{ "type": "Feature", "properties": { "ID": "312CM080003", "正式名称": "上原整形外科医院", "機関区分": 2, "都道府県コード": 31, "市区町村コード": 370, "所在地": "鳥取県東伯郡湯梨浜町はわい長瀬６８０番地１３", "緯度": 35.486555, "経度": 133.859877, "url": "https://www.iryou.teikyouseido.mhlw.go.jp/znk-web/juminkanja/S2430/initialize?prefCd=31&kikanCd=CM080003&kikanKbn=2", "url2": null, "内容": "上原整形外科医院【2:診療所】【診療科目:整形外科_リウマチ科_リハビリテーション科】鳥取県東伯郡湯梨浜町はわい長瀬６８０番地１３" }, "geometry": { "type": "Point", "coordinates": [ 133.859877, 35.486555 ] } },
{ "type": "Feature", "properties": { "ID": "312CM080005", "正式名称": "ゆりはま大平園診療所", "機関区分": 2, "都道府県コード": 31, "市区町村コード": 370, "所在地": "鳥取県東伯郡湯梨浜町長和田　１８３５－１", "緯度": 35.468886, "経度": 133.880519, "url": "https://www.iryou.teikyouseido.mhlw.go.jp/znk-web/juminkanja/S2430/initialize?prefCd=31&kikanCd=CM080005&kikanKbn=2", "url2": null, "内容": "ゆりはま大平園診療所【2:診療所】【診療科目:内科_精神科】鳥取県東伯郡湯梨浜町長和田　１８３５－１" }, "geometry": { "type": "Point", "coordinates": [ 133.880519, 35.468886 ] } },
{ "type": "Feature", "properties": { "ID": "312CM080007", "正式名称": "母来寮", "機関区分": 2, "都道府県コード": 31, "市区町村コード": 370, "所在地": "鳥取県東伯郡湯梨浜町上浅津７０番地１", "緯度": 35.478739, "経度": 133.879753, "url": "https://www.iryou.teikyouseido.mhlw.go.jp/znk-web/juminkanja/S2430/initialize?prefCd=31&kikanCd=CM080007&kikanKbn=2", "url2": null, "内容": "母来寮【2:診療所】【診療科目:内科】鳥取県東伯郡湯梨浜町上浅津７０番地１" }, "geometry": { "type": "Point", "coordinates": [ 133.879753, 35.478739 ] } },
{ "type": "Feature", "properties": { "ID": "312CM080008", "正式名称": "医療法人　莉成会　みはらクリニック", "機関区分": 2, "都道府県コード": 31, "市区町村コード": 370, "所在地": "鳥取県東伯郡湯梨浜町田後２２２－１", "緯度": 35.48393, "経度": 133.856761, "url": "https://www.iryou.teikyouseido.mhlw.go.jp/znk-web/juminkanja/S2430/initialize?prefCd=31&kikanCd=CM080008&kikanKbn=2", "url2": "https://www.miharaclinic.jp/", "内容": "医療法人　莉成会　みはらクリニック【2:診療所】【診療科目:内科_泌尿器科】鳥取県東伯郡湯梨浜町田後２２２－１" }, "geometry": { "type": "Point", "coordinates": [ 133.856761, 35.48393 ] } },
{ "type": "Feature", "properties": { "ID": "312CM080009", "正式名称": "地域密着型特別養護老人ホームはわいあずま園", "機関区分": 2, "都道府県コード": 31, "市区町村コード": 370, "所在地": "鳥取県東伯郡湯梨浜町長江３１０番地８８", "緯度": 35.474276, "経度": 133.877595, "url": "https://www.iryou.teikyouseido.mhlw.go.jp/znk-web/juminkanja/S2430/initialize?prefCd=31&kikanCd=CM080009&kikanKbn=2", "url2": "http://azumaen.net/", "内容": "地域密着型特別養護老人ホームはわいあずま園【2:診療所】【診療科目:内科_歯科口腔外科】鳥取県東伯郡湯梨浜町長江３１０番地８８" }, "geometry": { "type": "Point", "coordinates": [ 133.877595, 35.474276 ] } },
{ "type": "Feature", "properties": { "ID": "312CM090001", "正式名称": "特別養護老人ホームみどり園診療所", "機関区分": 2, "都道府県コード": 31, "市区町村コード": 371, "所在地": "鳥取県東伯郡琴浦町八橋１９３７", "緯度": 35.502641, "経度": 133.66459, "url": "https://www.iryou.teikyouseido.mhlw.go.jp/znk-web/juminkanja/S2430/initialize?prefCd=31&kikanCd=CM090001&kikanKbn=2", "url2": null, "内容": "特別養護老人ホームみどり園診療所【2:診療所】【診療科目:内科_循環器内科_消化器内科_小児科_泌尿器科】鳥取県東伯郡琴浦町八橋１９３７" }, "geometry": { "type": "Point", "coordinates": [ 133.66459, 35.502641 ] } },
{ "type": "Feature", "properties": { "ID": "312CM090003", "正式名称": "岡田医院", "機関区分": 2, "都道府県コード": 31, "市区町村コード": 371, "所在地": "鳥取県東伯郡琴浦町徳万１７６－２", "緯度": 35.500026, "経度": 133.694722, "url": "https://www.iryou.teikyouseido.mhlw.go.jp/znk-web/juminkanja/S2430/initialize?prefCd=31&kikanCd=CM090003&kikanKbn=2", "url2": null, "内容": "岡田医院【2:診療所】【診療科目:内科_呼吸器内科_消化器内科_胃腸内科_外科】鳥取県東伯郡琴浦町徳万１７６－２" }, "geometry": { "type": "Point", "coordinates": [ 133.694722, 35.500026 ] } },
{ "type": "Feature", "properties": { "ID": "312CM090006", "正式名称": "浪花整形外科", "機関区分": 2, "都道府県コード": 31, "市区町村コード": 371, "所在地": "鳥取県東伯郡琴浦町徳万５３９－６", "緯度": 35.499931, "経度": 133.693031, "url": "https://www.iryou.teikyouseido.mhlw.go.jp/znk-web/juminkanja/S2430/initialize?prefCd=31&kikanCd=CM090006&kikanKbn=2", "url2": null, "内容": "浪花整形外科【2:診療所】【診療科目:整形外科_リウマチ科_リハビリテーション科】鳥取県東伯郡琴浦町徳万５３９－６" }, "geometry": { "type": "Point", "coordinates": [ 133.693031, 35.499931 ] } },
{ "type": "Feature", "properties": { "ID": "312CM090007", "正式名称": "吉中胃腸科医院", "機関区分": 2, "都道府県コード": 31, "市区町村コード": 371, "所在地": "鳥取県東伯郡琴浦町丸尾１０２－１", "緯度": 35.503494, "経度": 133.688261, "url": "https://www.iryou.teikyouseido.mhlw.go.jp/znk-web/juminkanja/S2430/initialize?prefCd=31&kikanCd=CM090007&kikanKbn=2", "url2": null, "内容": "吉中胃腸科医院【2:診療所】【診療科目:内科_消化器内科_皮膚科】鳥取県東伯郡琴浦町丸尾１０２－１" }, "geometry": { "type": "Point", "coordinates": [ 133.688261, 35.503494 ] } },
{ "type": "Feature", "properties": { "ID": "312CM090008", "正式名称": "介護老人福祉施設　百寿苑", "機関区分": 2, "都道府県コード": 31, "市区町村コード": 371, "所在地": "鳥取県東伯郡琴浦町赤碕１０６１－３", "緯度": 35.517453, "経度": 133.632057, "url": "https://www.iryou.teikyouseido.mhlw.go.jp/znk-web/juminkanja/S2430/initialize?prefCd=31&kikanCd=CM090008&kikanKbn=2", "url2": null, "内容": "介護老人福祉施設　百寿苑【2:診療所】【診療科目:内科_整形外科_リハビリテーション科】鳥取県東伯郡琴浦町赤碕１０６１－３" }, "geometry": { "type": "Point", "coordinates": [ 133.632057, 35.517453 ] } },
{ "type": "Feature", "properties": { "ID": "312CM090009", "正式名称": "医療法人社団赤碕内科外科クリニック", "機関区分": 2, "都道府県コード": 31, "市区町村コード": 371, "所在地": "鳥取県東伯郡琴浦町赤碕１８４８", "緯度": 35.513039, "経度": 133.636133, "url": "https://www.iryou.teikyouseido.mhlw.go.jp/znk-web/juminkanja/S2430/initialize?prefCd=31&kikanCd=CM090009&kikanKbn=2", "url2": null, "内容": "医療法人社団赤碕内科外科クリニック【2:診療所】【診療科目:内科_循環器内科_胃腸内科_外科_整形外科_皮膚科_麻酔科】鳥取県東伯郡琴浦町赤碕１８４８" }, "geometry": { "type": "Point", "coordinates": [ 133.636133, 35.513039 ] } },
{ "type": "Feature", "properties": { "ID": "312CM100002", "正式名称": "武信眼科", "機関区分": 2, "都道府県コード": 31, "市区町村コード": 372, "所在地": "鳥取県東伯郡北栄町由良宿１６２４－１", "緯度": 35.493064, "経度": 133.751136, "url": "https://www.iryou.teikyouseido.mhlw.go.jp/znk-web/juminkanja/S2430/initialize?prefCd=31&kikanCd=CM100002&kikanKbn=2", "url2": null, "内容": "武信眼科【2:診療所】【診療科目:眼科】鳥取県東伯郡北栄町由良宿１６２４－１" }, "geometry": { "type": "Point", "coordinates": [ 133.751136, 35.493064 ] } },
{ "type": "Feature", "properties": { "ID": "312CW110003", "正式名称": "医療法人厚生会　米子中海クリニック", "機関区分": 2, "都道府県コード": 31, "市区町村コード": 202, "所在地": "鳥取県米子市彦名町１２５０番地", "緯度": 35.446142, "経度": 133.293997, "url": "https://www.iryou.teikyouseido.mhlw.go.jp/znk-web/juminkanja/S2430/initialize?prefCd=31&kikanCd=CW110003&kikanKbn=2", "url2": "https://chukai.or.jp", "内容": "医療法人厚生会　米子中海クリニック【2:診療所】【診療科目:内科_循環器内科_消化器内科_外科_消化器外科_整形外科】鳥取県米子市彦名町１２５０番地" }, "geometry": { "type": "Point", "coordinates": [ 133.293997, 35.446142 ] } },
{ "type": "Feature", "properties": { "ID": "312CW110004", "正式名称": "ＫＡＺＵＫＩプライベートクリニック米子", "機関区分": 2, "都道府県コード": 31, "市区町村コード": 202, "所在地": "鳥取県米子市加茂町２ー１０８　甲南アセット別館ビル４階", "緯度": 35.42733, "経度": 133.32918, "url": "https://www.iryou.teikyouseido.mhlw.go.jp/znk-web/juminkanja/S2430/initialize?prefCd=31&kikanCd=CW110004&kikanKbn=2", "url2": null, "内容": "ＫＡＺＵＫＩプライベートクリニック米子【2:診療所】【診療科目:形成外科_美容外科】鳥取県米子市加茂町２ー１０８　甲南アセット別館ビル４階" }, "geometry": { "type": "Point", "coordinates": [ 133.32918, 35.42733 ] } },
{ "type": "Feature", "properties": { "ID": "312CW110005", "正式名称": "医療法人社団　ひだまりクリニック", "機関区分": 2, "都道府県コード": 31, "市区町村コード": 202, "所在地": "鳥取県米子市車尾南１丁目１２－４１", "緯度": 35.427607, "経度": 133.35715, "url": "https://www.iryou.teikyouseido.mhlw.go.jp/znk-web/juminkanja/S2430/initialize?prefCd=31&kikanCd=CW110005&kikanKbn=2", "url2": "https://hidamariclinic.jp/", "内容": "医療法人社団　ひだまりクリニック【2:診療所】【診療科目:内科_外科】鳥取県米子市車尾南１丁目１２－４１" }, "geometry": { "type": "Point", "coordinates": [ 133.35715, 35.427607 ] } },
{ "type": "Feature", "properties": { "ID": "312CW110009", "正式名称": "あだち脳神経外科クリニック", "機関区分": 2, "都道府県コード": 31, "市区町村コード": 202, "所在地": "鳥取県米子市西福原１丁目１－１２", "緯度": 35.438839, "経度": 133.339019, "url": "https://www.iryou.teikyouseido.mhlw.go.jp/znk-web/juminkanja/S2430/initialize?prefCd=31&kikanCd=CW110009&kikanKbn=2", "url2": null, "内容": "あだち脳神経外科クリニック【2:診療所】【診療科目:脳神経内科_外科_脳神経外科】鳥取県米子市西福原１丁目１－１２" }, "geometry": { "type": "Point", "coordinates": [ 133.339019, 35.438839 ] } },
{ "type": "Feature", "properties": { "ID": "312CW110010", "正式名称": "医療法人社団　荒川耳鼻咽喉科", "機関区分": 2, "都道府県コード": 31, "市区町村コード": 202, "所在地": "鳥取県米子市東福原６－１２－４３", "緯度": 35.445881, "経度": 133.349737, "url": "https://www.iryou.teikyouseido.mhlw.go.jp/znk-web/juminkanja/S2430/initialize?prefCd=31&kikanCd=CW110010&kikanKbn=2", "url2": null, "内容": "医療法人社団　荒川耳鼻咽喉科【2:診療所】【診療科目:耳鼻いんこう科】鳥取県米子市東福原６－１２－４３" }, "geometry": { "type": "Point", "coordinates": [ 133.349737, 35.445881 ] } },
{ "type": "Feature", "properties": { "ID": "312CW110013", "正式名称": "いしはら皮膚科クリニック", "機関区分": 2, "都道府県コード": 31, "市区町村コード": 202, "所在地": "鳥取県米子市新開６−５－２４", "緯度": 35.456096, "経度": 133.340988, "url": "https://www.iryou.teikyouseido.mhlw.go.jp/znk-web/juminkanja/S2430/initialize?prefCd=31&kikanCd=CW110013&kikanKbn=2", "url2": null, "内容": "いしはら皮膚科クリニック【2:診療所】【診療科目:形成外科_皮膚科】鳥取県米子市新開６−５－２４" }, "geometry": { "type": "Point", "coordinates": [ 133.340988, 35.456096 ] } },
{ "type": "Feature", "properties": { "ID": "312CW110015", "正式名称": "いわさき皮膚科クリニック", "機関区分": 2, "都道府県コード": 31, "市区町村コード": 202, "所在地": "鳥取県米子市福市８６２ー９", "緯度": 35.405423, "経度": 133.366062, "url": "https://www.iryou.teikyouseido.mhlw.go.jp/znk-web/juminkanja/S2430/initialize?prefCd=31&kikanCd=CW110015&kikanKbn=2", "url2": null, "内容": "いわさき皮膚科クリニック【2:診療所】【診療科目:皮膚科】鳥取県米子市福市８６２ー９" }, "geometry": { "type": "Point", "coordinates": [ 133.366062, 35.405423 ] } },
{ "type": "Feature", "properties": { "ID": "312CW110016", "正式名称": "大賀内科クリニック", "機関区分": 2, "都道府県コード": 31, "市区町村コード": 202, "所在地": "鳥取県米子市西福原４－２－１", "緯度": 35.442292, "経度": 133.339989, "url": "https://www.iryou.teikyouseido.mhlw.go.jp/znk-web/juminkanja/S2430/initialize?prefCd=31&kikanCd=CW110016&kikanKbn=2", "url2": "https://peraichi.com/landing_pages/view/h55m5", "内容": "大賀内科クリニック【2:診療所】【診療科目:内科_呼吸器内科_消化器内科】鳥取県米子市西福原４－２－１" }, "geometry": { "type": "Point", "coordinates": [ 133.339989, 35.442292 ] } },
{ "type": "Feature", "properties": { "ID": "312CW110017", "正式名称": "医療法人社団越智内科医院", "機関区分": 2, "都道府県コード": 31, "市区町村コード": 202, "所在地": "鳥取県米子市加茂町１丁目１７ー３", "緯度": 35.429265, "経度": 133.329409, "url": "https://www.iryou.teikyouseido.mhlw.go.jp/znk-web/juminkanja/S2430/initialize?prefCd=31&kikanCd=CW110017&kikanKbn=2", "url2": null, "内容": "医療法人社団越智内科医院【2:診療所】【診療科目:内科_糖尿病内科_循環器内科_胃腸内科】鳥取県米子市加茂町１丁目１７ー３" }, "geometry": { "type": "Point", "coordinates": [ 133.329409, 35.429265 ] } },
{ "type": "Feature", "properties": { "ID": "312CW110027", "正式名称": "医療法人社団　小竹内科循環器クリニック", "機関区分": 2, "都道府県コード": 31, "市区町村コード": 202, "所在地": "鳥取県米子市角盤町２丁目１０１－６", "緯度": 35.434327, "経度": 133.331597, "url": "https://www.iryou.teikyouseido.mhlw.go.jp/znk-web/juminkanja/S2430/initialize?prefCd=31&kikanCd=CW110027&kikanKbn=2", "url2": null, "内容": "医療法人社団　小竹内科循環器クリニック【2:診療所】【診療科目:内科_循環器内科】鳥取県米子市角盤町２丁目１０１－６" }, "geometry": { "type": "Point", "coordinates": [ 133.331597, 35.434327 ] } },
{ "type": "Feature", "properties": { "ID": "312CW110029", "正式名称": "佐古眼科医院", "機関区分": 2, "都道府県コード": 31, "市区町村コード": 202, "所在地": "鳥取県米子市加茂町二丁目二一五", "緯度": 35.427333, "経度": 133.329164, "url": "https://www.iryou.teikyouseido.mhlw.go.jp/znk-web/juminkanja/S2430/initialize?prefCd=31&kikanCd=CW110029&kikanKbn=2", "url2": null, "内容": "佐古眼科医院【2:診療所】【診療科目:眼科】鳥取県米子市加茂町二丁目二一五" }, "geometry": { "type": "Point", "coordinates": [ 133.329164, 35.427333 ] } },
{ "type": "Feature", "properties": { "ID": "312CW110031", "正式名称": "しみず皮膚科医院", "機関区分": 2, "都道府県コード": 31, "市区町村コード": 202, "所在地": "鳥取県米子市角盤町４－２３", "緯度": 35.4365, "経度": 133.327986, "url": "https://www.iryou.teikyouseido.mhlw.go.jp/znk-web/juminkanja/S2430/initialize?prefCd=31&kikanCd=CW110031&kikanKbn=2", "url2": "https://www.shimizu-nomi-hifuka.com/", "内容": "しみず皮膚科医院【2:診療所】【診療科目:皮膚科_美容皮膚科】鳥取県米子市角盤町４－２３" }, "geometry": { "type": "Point", "coordinates": [ 133.327986, 35.4365 ] } },
{ "type": "Feature", "properties": { "ID": "312CW110033", "正式名称": "医療法人社団　周防内科医院", "機関区分": 2, "都道府県コード": 31, "市区町村コード": 202, "所在地": "鳥取県米子市上後藤７丁目３番２７号", "緯度": 35.449203, "経度": 133.313883, "url": "https://www.iryou.teikyouseido.mhlw.go.jp/znk-web/juminkanja/S2430/initialize?prefCd=31&kikanCd=CW110033&kikanKbn=2", "url2": null, "内容": "医療法人社団　周防内科医院【2:診療所】【診療科目:内科_消化器内科】鳥取県米子市上後藤７丁目３番２７号" }, "geometry": { "type": "Point", "coordinates": [ 133.313883, 35.449203 ] } },
{ "type": "Feature", "properties": { "ID": "312CW110035", "正式名称": "住吉内科眼科クリニック", "機関区分": 2, "都道府県コード": 31, "市区町村コード": 202, "所在地": "鳥取県米子市安倍２００番地１平成ビル", "緯度": 35.440309, "経度": 133.30528, "url": "https://www.iryou.teikyouseido.mhlw.go.jp/znk-web/juminkanja/S2430/initialize?prefCd=31&kikanCd=CW110035&kikanKbn=2", "url2": null, "内容": "住吉内科眼科クリニック【2:診療所】【診療科目:内科_糖尿病内科_呼吸器内科_循環器内科_消化器内科_眼科】鳥取県米子市安倍２００番地１平成ビル" }, "geometry": { "type": "Point", "coordinates": [ 133.30528, 35.440309 ] } },
{ "type": "Feature", "properties": { "ID": "312CW110037", "正式名称": "田辺内科胃腸科医院", "機関区分": 2, "都道府県コード": 31, "市区町村コード": 202, "所在地": "鳥取県米子市道笑町４丁目９５", "緯度": 35.425011, "経度": 133.344797, "url": "https://www.iryou.teikyouseido.mhlw.go.jp/znk-web/juminkanja/S2430/initialize?prefCd=31&kikanCd=CW110037&kikanKbn=2", "url2": null, "内容": "田辺内科胃腸科医院【2:診療所】【診療科目:内科_消化器内科_胃腸内科】鳥取県米子市道笑町４丁目９５" }, "geometry": { "type": "Point", "coordinates": [ 133.344797, 35.425011 ] } },
{ "type": "Feature", "properties": { "ID": "312CW110043", "正式名称": "堤消化器・内科クリニック", "機関区分": 2, "都道府県コード": 31, "市区町村コード": 202, "所在地": "鳥取県米子市両三柳２０７０ー１３", "緯度": 35.45157, "経度": 133.33177, "url": "https://www.iryou.teikyouseido.mhlw.go.jp/znk-web/juminkanja/S2430/initialize?prefCd=31&kikanCd=CW110043&kikanKbn=2", "url2": null, "内容": "堤消化器・内科クリニック【2:診療所】【診療科目:内科_消化器内科】鳥取県米子市両三柳２０７０ー１３" }, "geometry": { "type": "Point", "coordinates": [ 133.33177, 35.45157 ] } },
{ "type": "Feature", "properties": { "ID": "312CW110046", "正式名称": "とみます医科・歯科クリニック", "機関区分": 2, "都道府県コード": 31, "市区町村コード": 202, "所在地": "鳥取県米子市富益町３５３３番地２", "緯度": 35.47143, "経度": 133.278174, "url": "https://www.iryou.teikyouseido.mhlw.go.jp/znk-web/juminkanja/S2430/initialize?prefCd=31&kikanCd=CW110046&kikanKbn=2", "url2": "https://www.tomimasugeka.org/", "内容": "とみます医科・歯科クリニック【2:診療所】【診療科目:内科_外科_整形外科_歯科_小児歯科_リハビリテーション科】鳥取県米子市富益町３５３３番地２" }, "geometry": { "type": "Point", "coordinates": [ 133.278174, 35.47143 ] } },
{ "type": "Feature", "properties": { "ID": "312CW110047", "正式名称": "鳥取県西部身体障害者更生相談所", "機関区分": 2, "都道府県コード": 31, "市区町村コード": 202, "所在地": "鳥取県米子市糀町１丁目１６０", "緯度": 35.42777, "経度": 133.339536, "url": "https://www.iryou.teikyouseido.mhlw.go.jp/znk-web/juminkanja/S2430/initialize?prefCd=31&kikanCd=CW110047&kikanKbn=2", "url2": "https://www.pref.tottori.lg.jp/dd.aspx?menuid=71029", "内容": "鳥取県西部身体障害者更生相談所【2:診療所】【診療科目:内科_整形外科_眼科_耳鼻いんこう科】鳥取県米子市糀町１丁目１６０" }, "geometry": { "type": "Point", "coordinates": [ 133.339536, 35.42777 ] } },
{ "type": "Feature", "properties": { "ID": "312CW110052", "正式名称": "とよだクリニック", "機関区分": 2, "都道府県コード": 31, "市区町村コード": 202, "所在地": "鳥取県米子市立町１ー４９", "緯度": 35.433329, "経度": 133.3266, "url": "https://www.iryou.teikyouseido.mhlw.go.jp/znk-web/juminkanja/S2430/initialize?prefCd=31&kikanCd=CW110052&kikanKbn=2", "url2": null, "内容": "とよだクリニック【2:診療所】【診療科目:内科_神経内科_精神科_心療内科】鳥取県米子市立町１ー４９" }, "geometry": { "type": "Point", "coordinates": [ 133.3266, 35.433329 ] } },
{ "type": "Feature", "properties": { "ID": "312CW110054", "正式名称": "なかしま耳鼻咽喉科医院", "機関区分": 2, "都道府県コード": 31, "市区町村コード": 202, "所在地": "鳥取県米子市道笑町４丁目１２２－１", "緯度": 35.424975, "経度": 133.347098, "url": "https://www.iryou.teikyouseido.mhlw.go.jp/znk-web/juminkanja/S2430/initialize?prefCd=31&kikanCd=CW110054&kikanKbn=2", "url2": "https://www.m5916nakajibi.com", "内容": "なかしま耳鼻咽喉科医院【2:診療所】【診療科目:耳鼻いんこう科】鳥取県米子市道笑町４丁目１２２－１" }, "geometry": { "type": "Point", "coordinates": [ 133.347098, 35.424975 ] } },
{ "type": "Feature", "properties": { "ID": "312CW110055", "正式名称": "中尾耳鼻咽喉科医院", "機関区分": 2, "都道府県コード": 31, "市区町村コード": 202, "所在地": "鳥取県米子市角盤町１丁目６３－２", "緯度": 35.429736, "経度": 133.334753, "url": "https://www.iryou.teikyouseido.mhlw.go.jp/znk-web/juminkanja/S2430/initialize?prefCd=31&kikanCd=CW110055&kikanKbn=2", "url2": "https.//nakao-jibi.com/", "内容": "中尾耳鼻咽喉科医院【2:診療所】【診療科目:耳鼻いんこう科】鳥取県米子市角盤町１丁目６３－２" }, "geometry": { "type": "Point", "coordinates": [ 133.334753, 35.429736 ] } },
{ "type": "Feature", "properties": { "ID": "312CW110057", "正式名称": "ながお整形外科クリニック", "機関区分": 2, "都道府県コード": 31, "市区町村コード": 202, "所在地": "鳥取県米子市尾高９０４－３", "緯度": 35.418567, "経度": 133.411078, "url": "https://www.iryou.teikyouseido.mhlw.go.jp/znk-web/juminkanja/S2430/initialize?prefCd=31&kikanCd=CW110057&kikanKbn=2", "url2": null, "内容": "ながお整形外科クリニック【2:診療所】【診療科目:整形外科】鳥取県米子市尾高９０４－３" }, "geometry": { "type": "Point", "coordinates": [ 133.411078, 35.418567 ] } },
{ "type": "Feature", "properties": { "ID": "312CW110059", "正式名称": "にしがみ眼科", "機関区分": 2, "都道府県コード": 31, "市区町村コード": 202, "所在地": "鳥取県米子市新開２－１－４５", "緯度": 35.453756, "経度": 133.349794, "url": "https://www.iryou.teikyouseido.mhlw.go.jp/znk-web/juminkanja/S2430/initialize?prefCd=31&kikanCd=CW110059&kikanKbn=2", "url2": "https://nishigamiganka.com/", "内容": "にしがみ眼科【2:診療所】【診療科目:眼科】鳥取県米子市新開２－１－４５" }, "geometry": { "type": "Point", "coordinates": [ 133.349794, 35.453756 ] } },
{ "type": "Feature", "properties": { "ID": "312CW110060", "正式名称": "根津整形外科医院", "機関区分": 2, "都道府県コード": 31, "市区町村コード": 202, "所在地": "鳥取県米子市西福原６丁目１－２８", "緯度": 35.447368, "経度": 133.343157, "url": "https://www.iryou.teikyouseido.mhlw.go.jp/znk-web/juminkanja/S2430/initialize?prefCd=31&kikanCd=CW110060&kikanKbn=2", "url2": "https://www.nezuseikeigekaiin.jp/page1", "内容": "根津整形外科医院【2:診療所】【診療科目:整形外科_リウマチ科_リハビリテーション科】鳥取県米子市西福原６丁目１－２８" }, "geometry": { "type": "Point", "coordinates": [ 133.343157, 35.447368 ] } },
{ "type": "Feature", "properties": { "ID": "312CW110063", "正式名称": "医療法人　旗ヶ崎内科クリニック", "機関区分": 2, "都道府県コード": 31, "市区町村コード": 202, "所在地": "鳥取県米子市旗ヶ崎９－１４－２９", "緯度": 35.445278, "経度": 133.311133, "url": "https://www.iryou.teikyouseido.mhlw.go.jp/znk-web/juminkanja/S2430/initialize?prefCd=31&kikanCd=CW110063&kikanKbn=2", "url2": null, "内容": "医療法人　旗ヶ崎内科クリニック【2:診療所】【診療科目:内科】鳥取県米子市旗ヶ崎９－１４－２９" }, "geometry": { "type": "Point", "coordinates": [ 133.311133, 35.445278 ] } },
{ "type": "Feature", "properties": { "ID": "312CW110064", "正式名称": "メンタルケア＆カウンセリング　はまざきクリニック", "機関区分": 2, "都道府県コード": 31, "市区町村コード": 202, "所在地": "鳥取県米子市安倍４８ー１", "緯度": 35.442875, "経度": 133.30681, "url": "https://www.iryou.teikyouseido.mhlw.go.jp/znk-web/juminkanja/S2430/initialize?prefCd=31&kikanCd=CW110064&kikanKbn=2", "url2": null, "内容": "メンタルケア＆カウンセリング　はまざきクリニック【2:診療所】【診療科目:精神科_心療内科】鳥取県米子市安倍４８ー１" }, "geometry": { "type": "Point", "coordinates": [ 133.30681, 35.442875 ] } },
{ "type": "Feature", "properties": { "ID": "312CW110070", "正式名称": "ふじせクリニック", "機関区分": 2, "都道府県コード": 31, "市区町村コード": 202, "所在地": "鳥取県米子市両三柳５４８０", "緯度": 35.457003, "経度": 133.335828, "url": "https://www.iryou.teikyouseido.mhlw.go.jp/znk-web/juminkanja/S2430/initialize?prefCd=31&kikanCd=CW110070&kikanKbn=2", "url2": null, "内容": "ふじせクリニック【2:診療所】【診療科目:内科_胃腸内科】鳥取県米子市両三柳５４８０" }, "geometry": { "type": "Point", "coordinates": [ 133.335828, 35.457003 ] } },
{ "type": "Feature", "properties": { "ID": "312CW110071", "正式名称": "医療法人社団　宝意内科医院", "機関区分": 2, "都道府県コード": 31, "市区町村コード": 202, "所在地": "鳥取県米子市万能町１６", "緯度": 35.425973, "経度": 133.334916, "url": "https://www.iryou.teikyouseido.mhlw.go.jp/znk-web/juminkanja/S2430/initialize?prefCd=31&kikanCd=CW110071&kikanKbn=2", "url2": null, "内容": "医療法人社団　宝意内科医院【2:診療所】【診療科目:内科_消化器内科】鳥取県米子市万能町１６" }, "geometry": { "type": "Point", "coordinates": [ 133.334916, 35.425973 ] } },
{ "type": "Feature", "properties": { "ID": "312CW110074", "正式名称": "都田内科医院", "機関区分": 2, "都道府県コード": 31, "市区町村コード": 202, "所在地": "鳥取県米子市紺屋町１３３", "緯度": 35.429909, "経度": 133.333954, "url": "https://www.iryou.teikyouseido.mhlw.go.jp/znk-web/juminkanja/S2430/initialize?prefCd=31&kikanCd=CW110074&kikanKbn=2", "url2": "https://sites.google.com/view/miyakodanaika", "内容": "都田内科医院【2:診療所】【診療科目:内科_循環器内科_精神科_心療内科】鳥取県米子市紺屋町１３３" }, "geometry": { "type": "Point", "coordinates": [ 133.333954, 35.429909 ] } },
{ "type": "Feature", "properties": { "ID": "312CW110077", "正式名称": "医療法人社団　山県整形外科医院", "機関区分": 2, "都道府県コード": 31, "市区町村コード": 202, "所在地": "鳥取県米子市旗ヶ崎１丁目５－６", "緯度": 35.437917, "経度": 133.318487, "url": "https://www.iryou.teikyouseido.mhlw.go.jp/znk-web/juminkanja/S2430/initialize?prefCd=31&kikanCd=CW110077&kikanKbn=2", "url2": "https://www.home.yamagata-seikei.jp", "内容": "医療法人社団　山県整形外科医院【2:診療所】【診療科目:整形外科_リハビリテーション科】鳥取県米子市旗ヶ崎１丁目５－６" }, "geometry": { "type": "Point", "coordinates": [ 133.318487, 35.437917 ] } },
{ "type": "Feature", "properties": { "ID": "312CW110078", "正式名称": "やまがた整形外科クリニック", "機関区分": 2, "都道府県コード": 31, "市区町村コード": 202, "所在地": "鳥取県米子市上福原１４５５－２２", "緯度": 35.443131, "経度": 133.352297, "url": "https://www.iryou.teikyouseido.mhlw.go.jp/znk-web/juminkanja/S2430/initialize?prefCd=31&kikanCd=CW110078&kikanKbn=2", "url2": null, "内容": "やまがた整形外科クリニック【2:診療所】【診療科目:整形外科_リウマチ科_リハビリテーション科】鳥取県米子市上福原１４５５－２２" }, "geometry": { "type": "Point", "coordinates": [ 133.352297, 35.443131 ] } },
{ "type": "Feature", "properties": { "ID": "312CW110081", "正式名称": "山本整形外科医院", "機関区分": 2, "都道府県コード": 31, "市区町村コード": 202, "所在地": "鳥取県米子市大篠津町１１１６", "緯度": 35.492485, "経度": 133.257147, "url": "https://www.iryou.teikyouseido.mhlw.go.jp/znk-web/juminkanja/S2430/initialize?prefCd=31&kikanCd=CW110081&kikanKbn=2", "url2": null, "内容": "山本整形外科医院【2:診療所】【診療科目:整形外科_リウマチ科_リハビリテーション科_麻酔科】鳥取県米子市大篠津町１１１６" }, "geometry": { "type": "Point", "coordinates": [ 133.257147, 35.492485 ] } },
{ "type": "Feature", "properties": { "ID": "312CW110082", "正式名称": "山本クリニック", "機関区分": 2, "都道府県コード": 31, "市区町村コード": 202, "所在地": "鳥取県米子市車尾南１丁目８番３２号", "緯度": 35.428159, "経度": 133.360728, "url": "https://www.iryou.teikyouseido.mhlw.go.jp/znk-web/juminkanja/S2430/initialize?prefCd=31&kikanCd=CW110082&kikanKbn=2", "url2": "https://yamamotoclinic.or.jp/", "内容": "山本クリニック【2:診療所】【診療科目:泌尿器科】鳥取県米子市車尾南１丁目８番３２号" }, "geometry": { "type": "Point", "coordinates": [ 133.360728, 35.428159 ] } },
{ "type": "Feature", "properties": { "ID": "312CW110087", "正式名称": "医療法人　成尚会　米子南クリニック", "機関区分": 2, "都道府県コード": 31, "市区町村コード": 202, "所在地": "鳥取県米子市奥谷　１１３５－７", "緯度": 35.407058, "経度": 133.348308, "url": "https://www.iryou.teikyouseido.mhlw.go.jp/znk-web/juminkanja/S2430/initialize?prefCd=31&kikanCd=CW110087&kikanKbn=2", "url2": "https://nttbj.itp.ne.jp/0859397777", "内容": "医療法人　成尚会　米子南クリニック【2:診療所】【診療科目:内科_呼吸器内科_循環器内科_麻酔科】鳥取県米子市奥谷　１１３５－７" }, "geometry": { "type": "Point", "coordinates": [ 133.348308, 35.407058 ] } },
{ "type": "Feature", "properties": { "ID": "312CW110089", "正式名称": "若原内科外科医院", "機関区分": 2, "都道府県コード": 31, "市区町村コード": 202, "所在地": "鳥取県米子市三本松１－６－３", "緯度": 35.440253, "経度": 133.324392, "url": "https://www.iryou.teikyouseido.mhlw.go.jp/znk-web/juminkanja/S2430/initialize?prefCd=31&kikanCd=CW110089&kikanKbn=2", "url2": null, "内容": "若原内科外科医院【2:診療所】【診療科目:内科_外科】鳥取県米子市三本松１－６－３" }, "geometry": { "type": "Point", "coordinates": [ 133.324392, 35.440253 ] } },
{ "type": "Feature", "properties": { "ID": "312CW110091", "正式名称": "松井眼科", "機関区分": 2, "都道府県コード": 31, "市区町村コード": 202, "所在地": "鳥取県米子市淀江町佐陀２１２９―２", "緯度": 35.450917, "経度": 133.393967, "url": "https://www.iryou.teikyouseido.mhlw.go.jp/znk-web/juminkanja/S2430/initialize?prefCd=31&kikanCd=CW110091&kikanKbn=2", "url2": null, "内容": "松井眼科【2:診療所】【診療科目:眼科】鳥取県米子市淀江町佐陀２１２９―２" }, "geometry": { "type": "Point", "coordinates": [ 133.393967, 35.450917 ] } },
{ "type": "Feature", "properties": { "ID": "312CW110094", "正式名称": "中西眼科クリニック", "機関区分": 2, "都道府県コード": 31, "市区町村コード": 202, "所在地": "鳥取県米子市淀江町西原１２０３－３", "緯度": 35.452894, "経度": 133.416391, "url": "https://www.iryou.teikyouseido.mhlw.go.jp/znk-web/juminkanja/S2430/initialize?prefCd=31&kikanCd=CW110094&kikanKbn=2", "url2": null, "内容": "中西眼科クリニック【2:診療所】【診療科目:眼科】鳥取県米子市淀江町西原１２０３－３" }, "geometry": { "type": "Point", "coordinates": [ 133.416391, 35.452894 ] } },
{ "type": "Feature", "properties": { "ID": "312CW110095", "正式名称": "淀江クリニック", "機関区分": 2, "都道府県コード": 31, "市区町村コード": 202, "所在地": "鳥取県米子市淀江町淀江６８２", "緯度": 35.458982, "経度": 133.426262, "url": "https://www.iryou.teikyouseido.mhlw.go.jp/znk-web/juminkanja/S2430/initialize?prefCd=31&kikanCd=CW110095&kikanKbn=2", "url2": null, "内容": "淀江クリニック【2:診療所】【診療科目:内科_脳神経内科】鳥取県米子市淀江町淀江６８２" }, "geometry": { "type": "Point", "coordinates": [ 133.426262, 35.458982 ] } },
{ "type": "Feature", "properties": { "ID": "312CW110098", "正式名称": "かたやま心の健康クリニック", "機関区分": 2, "都道府県コード": 31, "市区町村コード": 202, "所在地": "鳥取県米子市長砂町５４ー１３", "緯度": 35.425774, "経度": 133.351381, "url": "https://www.iryou.teikyouseido.mhlw.go.jp/znk-web/juminkanja/S2430/initialize?prefCd=31&kikanCd=CW110098&kikanKbn=2", "url2": "http://www.katayamaclinic.jp/katayamaclinic/Top_Page.html", "内容": "かたやま心の健康クリニック【2:診療所】【診療科目:精神科_心療内科】鳥取県米子市長砂町５４ー１３" }, "geometry": { "type": "Point", "coordinates": [ 133.351381, 35.425774 ] } },
{ "type": "Feature", "properties": { "ID": "312CW110099", "正式名称": "さくま内科・脳神経内科クリニック", "機関区分": 2, "都道府県コード": 31, "市区町村コード": 202, "所在地": "鳥取県米子市長砂町５９－１", "緯度": 35.425848, "経度": 133.351184, "url": "https://www.iryou.teikyouseido.mhlw.go.jp/znk-web/juminkanja/S2430/initialize?prefCd=31&kikanCd=CW110099&kikanKbn=2", "url2": "https://sakumaclinic.net/", "内容": "さくま内科・脳神経内科クリニック【2:診療所】【診療科目:内科_神経内科_リハビリテーション科】鳥取県米子市長砂町５９－１" }, "geometry": { "type": "Point", "coordinates": [ 133.351184, 35.425848 ] } },
{ "type": "Feature", "properties": { "ID": "312CW110101", "正式名称": "山﨑整形外科クリニック", "機関区分": 2, "都道府県コード": 31, "市区町村コード": 202, "所在地": "鳥取県米子市夜見町２４４６－１", "緯度": 35.470039, "経度": 133.296501, "url": "https://www.iryou.teikyouseido.mhlw.go.jp/znk-web/juminkanja/S2430/initialize?prefCd=31&kikanCd=CW110101&kikanKbn=2", "url2": "http://yamasaki-clinic.net/site/", "内容": "山﨑整形外科クリニック【2:診療所】【診療科目:整形外科_リウマチ科_リハビリテーション科】鳥取県米子市夜見町２４４６－１" }, "geometry": { "type": "Point", "coordinates": [ 133.296501, 35.470039 ] } },
{ "type": "Feature", "properties": { "ID": "312CW110103", "正式名称": "メディカル健診センター　米子内科クリニック", "機関区分": 2, "都道府県コード": 31, "市区町村コード": 202, "所在地": "鳥取県米子市西福原６丁目２－２８", "緯度": 35.447906, "経度": 133.341958, "url": "https://www.iryou.teikyouseido.mhlw.go.jp/znk-web/juminkanja/S2430/initialize?prefCd=31&kikanCd=CW110103&kikanKbn=2", "url2": "https://inabazaidan.or.jp/", "内容": "メディカル健診センター　米子内科クリニック【2:診療所】【診療科目:内科_循環器内科_消化器内科】鳥取県米子市西福原６丁目２－２８" }, "geometry": { "type": "Point", "coordinates": [ 133.341958, 35.447906 ] } },
{ "type": "Feature", "properties": { "ID": "312CW110104", "正式名称": "井上皮膚科小児皮膚科クリニック", "機関区分": 2, "都道府県コード": 31, "市区町村コード": 202, "所在地": "鳥取県米子市加茂町１丁目２５井上皮膚科小児皮膚科クリニック", "緯度": 35.4281868, "経度": 133.3294548, "url": "https://www.iryou.teikyouseido.mhlw.go.jp/znk-web/juminkanja/S2430/initialize?prefCd=31&kikanCd=CW110104&kikanKbn=2", "url2": null, "内容": "井上皮膚科小児皮膚科クリニック【2:診療所】【診療科目:皮膚科】鳥取県米子市加茂町１丁目２５井上皮膚科小児皮膚科クリニック" }, "geometry": { "type": "Point", "coordinates": [ 133.3294548, 35.4281868 ] } },
{ "type": "Feature", "properties": { "ID": "312CW110106", "正式名称": "医療法人社団いしだ心のクリニック", "機関区分": 2, "都道府県コード": 31, "市区町村コード": 202, "所在地": "鳥取県米子市西倉吉町７１いしだ心のクリニック", "緯度": 35.430368, "経度": 133.330101, "url": "https://www.iryou.teikyouseido.mhlw.go.jp/znk-web/juminkanja/S2430/initialize?prefCd=31&kikanCd=CW110106&kikanKbn=2", "url2": "https://ishi-cli.com/", "内容": "医療法人社団いしだ心のクリニック【2:診療所】【診療科目:神経内科_精神科_心療内科】鳥取県米子市西倉吉町７１いしだ心のクリニック" }, "geometry": { "type": "Point", "coordinates": [ 133.330101, 35.430368 ] } },
{ "type": "Feature", "properties": { "ID": "312CW110107", "正式名称": "かねだ眼科", "機関区分": 2, "都道府県コード": 31, "市区町村コード": 202, "所在地": "鳥取県米子市八幡７１８－１", "緯度": 35.398952, "経度": 133.377763, "url": "https://www.iryou.teikyouseido.mhlw.go.jp/znk-web/juminkanja/S2430/initialize?prefCd=31&kikanCd=CW110107&kikanKbn=2", "url2": null, "内容": "かねだ眼科【2:診療所】【診療科目:眼科】鳥取県米子市八幡７１８－１" }, "geometry": { "type": "Point", "coordinates": [ 133.377763, 35.398952 ] } },
{ "type": "Feature", "properties": { "ID": "312CW110108", "正式名称": "鳥取大学保健管理センター米子分室", "機関区分": 2, "都道府県コード": 31, "市区町村コード": 202, "所在地": "鳥取県米子市西町８６番地（鳥取大学医学部アレスコ棟（保健学科棟）３号館１階）", "緯度": 35.4303412, "経度": 133.3262446, "url": "https://www.iryou.teikyouseido.mhlw.go.jp/znk-web/juminkanja/S2430/initialize?prefCd=31&kikanCd=CW110108&kikanKbn=2", "url2": "https://www.tottori-u.ac.jp/campuslife/support/health/", "内容": "鳥取大学保健管理センター米子分室【2:診療所】【診療科目:内科_婦人科_精神科】鳥取県米子市西町８６番地（鳥取大学医学部アレスコ棟（保健学科棟）３号館１階）" }, "geometry": { "type": "Point", "coordinates": [ 133.3262446, 35.4303412 ] } },
{ "type": "Feature", "properties": { "ID": "312CW110112", "正式名称": "富長眼科クリニック", "機関区分": 2, "都道府県コード": 31, "市区町村コード": 202, "所在地": "鳥取県米子市東福原６丁目５－６１", "緯度": 35.446358, "経度": 133.345382, "url": "https://www.iryou.teikyouseido.mhlw.go.jp/znk-web/juminkanja/S2430/initialize?prefCd=31&kikanCd=CW110112&kikanKbn=2", "url2": null, "内容": "富長眼科クリニック【2:診療所】【診療科目:眼科】鳥取県米子市東福原６丁目５－６１" }, "geometry": { "type": "Point", "coordinates": [ 133.345382, 35.446358 ] } },
{ "type": "Feature", "properties": { "ID": "312CW110113", "正式名称": "きのしたメンタルクリニック", "機関区分": 2, "都道府県コード": 31, "市区町村コード": 202, "所在地": "鳥取県米子市大崎１２４０－１", "緯度": 35.472151, "経度": 133.258265, "url": "https://www.iryou.teikyouseido.mhlw.go.jp/znk-web/juminkanja/S2430/initialize?prefCd=31&kikanCd=CW110113&kikanKbn=2", "url2": "www.kinoshita-mcl.jp", "内容": "きのしたメンタルクリニック【2:診療所】【診療科目:精神科_心療内科】鳥取県米子市大崎１２４０－１" }, "geometry": { "type": "Point", "coordinates": [ 133.258265, 35.472151 ] } },
{ "type": "Feature", "properties": { "ID": "312CW110115", "正式名称": "はしもとクリニック内科・呼吸器科", "機関区分": 2, "都道府県コード": 31, "市区町村コード": 202, "所在地": "鳥取県米子市大崎１２７７－１", "緯度": 35.472486, "経度": 133.257975, "url": "https://www.iryou.teikyouseido.mhlw.go.jp/znk-web/juminkanja/S2430/initialize?prefCd=31&kikanCd=CW110115&kikanKbn=2", "url2": "www.hashimotoclin.com", "内容": "はしもとクリニック内科・呼吸器科【2:診療所】【診療科目:内科_代謝・内分泌内科_呼吸器内科_循環器内科_消化器内科_神経内科_膠原病内科】鳥取県米子市大崎１２７７－１" }, "geometry": { "type": "Point", "coordinates": [ 133.257975, 35.472486 ] } },
{ "type": "Feature", "properties": { "ID": "312CW110118", "正式名称": "米子内科糖尿病ｃｌｉｎｉｃ", "機関区分": 2, "都道府県コード": 31, "市区町村コード": 202, "所在地": "鳥取県米子市新開２－１－４３", "緯度": 35.454004, "経度": 133.35002, "url": "https://www.iryou.teikyouseido.mhlw.go.jp/znk-web/juminkanja/S2430/initialize?prefCd=31&kikanCd=CW110118&kikanKbn=2", "url2": "http://www.yonago-dm.jp/", "内容": "米子内科糖尿病ｃｌｉｎｉｃ【2:診療所】【診療科目:内科_糖尿病内科_老年内科_アレルギー科】鳥取県米子市新開２－１－４３" }, "geometry": { "type": "Point", "coordinates": [ 133.35002, 35.454004 ] } },
{ "type": "Feature", "properties": { "ID": "312CW110120", "正式名称": "医療法人寛謙会在宅ケアクリニック米子", "機関区分": 2, "都道府県コード": 31, "市区町村コード": 202, "所在地": "鳥取県米子市米原６丁目６番６号", "緯度": 35.442918, "経度": 133.335206, "url": "https://www.iryou.teikyouseido.mhlw.go.jp/znk-web/juminkanja/S2430/initialize?prefCd=31&kikanCd=CW110120&kikanKbn=2", "url2": "https://kankenkai.com", "内容": "医療法人寛謙会在宅ケアクリニック米子【2:診療所】【診療科目:内科】鳥取県米子市米原６丁目６番６号" }, "geometry": { "type": "Point", "coordinates": [ 133.335206, 35.442918 ] } },
{ "type": "Feature", "properties": { "ID": "312CW110122", "正式名称": "医療法人陽武会　武本クリニック", "機関区分": 2, "都道府県コード": 31, "市区町村コード": 202, "所在地": "鳥取県米子市西福原４丁目９番５２号", "緯度": 35.444278, "経度": 133.340761, "url": "https://www.iryou.teikyouseido.mhlw.go.jp/znk-web/juminkanja/S2430/initialize?prefCd=31&kikanCd=CW110122&kikanKbn=2", "url2": "https://takemoto-clinic.jp", "内容": "医療法人陽武会　武本クリニック【2:診療所】【診療科目:内科_呼吸器内科_胃腸内科_アレルギー科】鳥取県米子市西福原４丁目９番５２号" }, "geometry": { "type": "Point", "coordinates": [ 133.340761, 35.444278 ] } },
{ "type": "Feature", "properties": { "ID": "312CW110125", "正式名称": "養護老人ホーム真誠会　皆生エスポワール医務室", "機関区分": 2, "都道府県コード": 31, "市区町村コード": 202, "所在地": "鳥取県米子市新開１－５－１５", "緯度": 35.455625, "経度": 133.351258, "url": "https://www.iryou.teikyouseido.mhlw.go.jp/znk-web/juminkanja/S2430/initialize?prefCd=31&kikanCd=CW110125&kikanKbn=2", "url2": null, "内容": "養護老人ホーム真誠会　皆生エスポワール医務室【2:診療所】【診療科目:内科_心療内科】鳥取県米子市新開１－５－１５" }, "geometry": { "type": "Point", "coordinates": [ 133.351258, 35.455625 ] } },
{ "type": "Feature", "properties": { "ID": "312CW110126", "正式名称": "おおの医院分院　こども発達クリニック", "機関区分": 2, "都道府県コード": 31, "市区町村コード": 202, "所在地": "鳥取県米子市西福原３丁目９－１１", "緯度": 35.443306, "経度": 133.344483, "url": "https://www.iryou.teikyouseido.mhlw.go.jp/znk-web/juminkanja/S2430/initialize?prefCd=31&kikanCd=CW110126&kikanKbn=2", "url2": null, "内容": "おおの医院分院　こども発達クリニック【2:診療所】【診療科目:内科_小児科_児童精神科_神経小児科】鳥取県米子市西福原３丁目９－１１" }, "geometry": { "type": "Point", "coordinates": [ 133.344483, 35.443306 ] } },
{ "type": "Feature", "properties": { "ID": "312CW110128", "正式名称": "くにもと耳鼻咽喉科", "機関区分": 2, "都道府県コード": 31, "市区町村コード": 202, "所在地": "鳥取県米子市西福原４－９－４８", "緯度": 35.444544, "経度": 133.340418, "url": "https://www.iryou.teikyouseido.mhlw.go.jp/znk-web/juminkanja/S2430/initialize?prefCd=31&kikanCd=CW110128&kikanKbn=2", "url2": "https://www.kunimoto-ent.com/", "内容": "くにもと耳鼻咽喉科【2:診療所】【診療科目:小児耳鼻いんこう科_耳鼻いんこう科_アレルギー科】鳥取県米子市西福原４－９－４８" }, "geometry": { "type": "Point", "coordinates": [ 133.340418, 35.444544 ] } },
{ "type": "Feature", "properties": { "ID": "312CW110133", "正式名称": "鈴木クリニック", "機関区分": 2, "都道府県コード": 31, "市区町村コード": 202, "所在地": "鳥取県米子市上福原５８２－５", "緯度": 35.439221, "経度": 133.35525, "url": "https://www.iryou.teikyouseido.mhlw.go.jp/znk-web/juminkanja/S2430/initialize?prefCd=31&kikanCd=CW110133&kikanKbn=2", "url2": "https://szk-clinic.jp", "内容": "鈴木クリニック【2:診療所】【診療科目:乳腺外科】鳥取県米子市上福原５８２－５" }, "geometry": { "type": "Point", "coordinates": [ 133.35525, 35.439221 ] } },
{ "type": "Feature", "properties": { "ID": "312CW110134", "正式名称": "社会医療法人同愛会　ふくよね博愛クリニック", "機関区分": 2, "都道府県コード": 31, "市区町村コード": 202, "所在地": "鳥取県米子市東福原７丁目１０－３", "緯度": 35.44923, "経度": 133.3508, "url": "https://www.iryou.teikyouseido.mhlw.go.jp/znk-web/juminkanja/S2430/initialize?prefCd=31&kikanCd=CW110134&kikanKbn=2", "url2": "https://fukuyone.doaikai.jp/", "内容": "社会医療法人同愛会　ふくよね博愛クリニック【2:診療所】【診療科目:内科_糖尿病内科_呼吸器内科_循環器内科_消化器内科_肝臓内科】鳥取県米子市東福原７丁目１０－３" }, "geometry": { "type": "Point", "coordinates": [ 133.3508, 35.44923 ] } },
{ "type": "Feature", "properties": { "ID": "312CW110136", "正式名称": "まつなみ医院", "機関区分": 2, "都道府県コード": 31, "市区町村コード": 202, "所在地": "鳥取県米子市冨士見町２丁目１０－３", "緯度": 35.431569, "経度": 133.335231, "url": "https://www.iryou.teikyouseido.mhlw.go.jp/znk-web/juminkanja/S2430/initialize?prefCd=31&kikanCd=CW110136&kikanKbn=2", "url2": "https://matsunami-iin.com/", "内容": "まつなみ医院【2:診療所】【診療科目:内科_呼吸器内科_緩和ケア内科】鳥取県米子市冨士見町２丁目１０－３" }, "geometry": { "type": "Point", "coordinates": [ 133.335231, 35.431569 ] } },
{ "type": "Feature", "properties": { "ID": "312CW110137", "正式名称": "みはな耳鼻・甲状腺クリニック", "機関区分": 2, "都道府県コード": 31, "市区町村コード": 202, "所在地": "鳥取県米子市安倍５９－１", "緯度": 35.444181, "経度": 133.307019, "url": "https://www.iryou.teikyouseido.mhlw.go.jp/znk-web/juminkanja/S2430/initialize?prefCd=31&kikanCd=CW110137&kikanKbn=2", "url2": "https://387clinic.com/", "内容": "みはな耳鼻・甲状腺クリニック【2:診療所】【診療科目:甲状腺内科_頭頸部外科_小児耳鼻いんこう科_耳鼻いんこう科_気管食道・耳鼻いんこう科_頭頸部・耳鼻いんこう科】鳥取県米子市安倍５９－１" }, "geometry": { "type": "Point", "coordinates": [ 133.307019, 35.444181 ] } },
{ "type": "Feature", "properties": { "ID": "312CW110138", "正式名称": "しののめ診療所", "機関区分": 2, "都道府県コード": 31, "市区町村コード": 202, "所在地": "鳥取県米子市東町１３８", "緯度": 35.426364, "経度": 133.332603, "url": "https://www.iryou.teikyouseido.mhlw.go.jp/znk-web/juminkanja/S2430/initialize?prefCd=31&kikanCd=CW110138&kikanKbn=2", "url2": "https://shinonome475.jp/", "内容": "しののめ診療所【2:診療所】【診療科目:精神科_心療内科】鳥取県米子市東町１３８" }, "geometry": { "type": "Point", "coordinates": [ 133.332603, 35.426364 ] } },
{ "type": "Feature", "properties": { "ID": "312CW110139", "正式名称": "たもと内科・消化器クリニック", "機関区分": 2, "都道府県コード": 31, "市区町村コード": 202, "所在地": "鳥取県米子市日原字穴田６１－１", "緯度": 35.436594, "経度": 133.353986, "url": "https://www.iryou.teikyouseido.mhlw.go.jp/znk-web/juminkanja/S2430/initialize?prefCd=31&kikanCd=CW110139&kikanKbn=2", "url2": null, "内容": "たもと内科・消化器クリニック【2:診療所】【診療科目:内科_消化器内科_胃腸内科_肝臓内科_老年内科_内視鏡内科】鳥取県米子市日原字穴田６１－１" }, "geometry": { "type": "Point", "coordinates": [ 133.353986, 35.436594 ] } },
{ "type": "Feature", "properties": { "ID": "312CW110140", "正式名称": "さのこどもクリニック", "機関区分": 2, "都道府県コード": 31, "市区町村コード": 202, "所在地": "鳥取県米子市安倍３４６－１", "緯度": 35.441085, "経度": 133.302661, "url": "https://www.iryou.teikyouseido.mhlw.go.jp/znk-web/juminkanja/S2430/initialize?prefCd=31&kikanCd=CW110140&kikanKbn=2", "url2": null, "内容": "さのこどもクリニック【2:診療所】【診療科目:内科_小児科_新生児内科_アレルギー科】鳥取県米子市安倍３４６－１" }, "geometry": { "type": "Point", "coordinates": [ 133.302661, 35.441085 ] } },
{ "type": "Feature", "properties": { "ID": "312CW110144", "正式名称": "米子南整形外科クリニック", "機関区分": 2, "都道府県コード": 31, "市区町村コード": 202, "所在地": "鳥取県米子市道笑町４丁目１２２－２", "緯度": 35.424778, "経度": 133.346978, "url": "https://www.iryou.teikyouseido.mhlw.go.jp/znk-web/juminkanja/S2430/initialize?prefCd=31&kikanCd=CW110144&kikanKbn=2", "url2": "https://ysoc.jp/", "内容": "米子南整形外科クリニック【2:診療所】【診療科目:整形外科_リハビリテーション科】鳥取県米子市道笑町４丁目１２２－２" }, "geometry": { "type": "Point", "coordinates": [ 133.346978, 35.424778 ] } },
{ "type": "Feature", "properties": { "ID": "312CW110147", "正式名称": "いなた眼科", "機関区分": 2, "都道府県コード": 31, "市区町村コード": 202, "所在地": "鳥取県米子市道笑町４－１１６－７", "緯度": 35.425228, "経度": 133.345967, "url": "https://www.iryou.teikyouseido.mhlw.go.jp/znk-web/juminkanja/S2430/initialize?prefCd=31&kikanCd=CW110147&kikanKbn=2", "url2": null, "内容": "いなた眼科【2:診療所】【診療科目:眼科】鳥取県米子市道笑町４－１１６－７" }, "geometry": { "type": "Point", "coordinates": [ 133.345967, 35.425228 ] } },
{ "type": "Feature", "properties": { "ID": "312CW120001", "正式名称": "医療法人社団　阿曽皮膚科クリニック", "機関区分": 2, "都道府県コード": 31, "市区町村コード": 204, "所在地": "鳥取県境港市上道町３３１８－１", "緯度": 35.537758, "経度": 133.232781, "url": "https://www.iryou.teikyouseido.mhlw.go.jp/znk-web/juminkanja/S2430/initialize?prefCd=31&kikanCd=CW120001&kikanKbn=2", "url2": null, "内容": "医療法人社団　阿曽皮膚科クリニック【2:診療所】【診療科目:形成外科_皮膚科】鳥取県境港市上道町３３１８－１" }, "geometry": { "type": "Point", "coordinates": [ 133.232781, 35.537758 ] } },
{ "type": "Feature", "properties": { "ID": "312CW120004", "正式名称": "医療法人　市場医院", "機関区分": 2, "都道府県コード": 31, "市区町村コード": 204, "所在地": "鳥取県境港市馬場崎町１７７番地", "緯度": 35.540226, "経度": 133.228674, "url": "https://www.iryou.teikyouseido.mhlw.go.jp/znk-web/juminkanja/S2430/initialize?prefCd=31&kikanCd=CW120004&kikanKbn=2", "url2": "https://www.ichibaclinic.com", "内容": "医療法人　市場医院【2:診療所】【診療科目:内科_胃腸内科_外科_整形外科_皮膚科_泌尿器科_麻酔科】鳥取県境港市馬場崎町１７７番地" }, "geometry": { "type": "Point", "coordinates": [ 133.228674, 35.540226 ] } },
{ "type": "Feature", "properties": { "ID": "312CW120007", "正式名称": "医療法人社団小林外科内科医院", "機関区分": 2, "都道府県コード": 31, "市区町村コード": 204, "所在地": "鳥取県境港市明治町１７０", "緯度": 35.543431, "経度": 133.228512, "url": "https://www.iryou.teikyouseido.mhlw.go.jp/znk-web/juminkanja/S2430/initialize?prefCd=31&kikanCd=CW120007&kikanKbn=2", "url2": null, "内容": "医療法人社団小林外科内科医院【2:診療所】【診療科目:内科_循環器内科_消化器内科_外科】鳥取県境港市明治町１７０" }, "geometry": { "type": "Point", "coordinates": [ 133.228512, 35.543431 ] } },
{ "type": "Feature", "properties": { "ID": "312CW120011", "正式名称": "瀧川医院", "機関区分": 2, "都道府県コード": 31, "市区町村コード": 204, "所在地": "鳥取県境港市日ノ出町１１３", "緯度": 35.544323, "経度": 133.230516, "url": "https://www.iryou.teikyouseido.mhlw.go.jp/znk-web/juminkanja/S2430/initialize?prefCd=31&kikanCd=CW120011&kikanKbn=2", "url2": null, "内容": "瀧川医院【2:診療所】【診療科目:整形外科_リハビリテーション科】鳥取県境港市日ノ出町１１３" }, "geometry": { "type": "Point", "coordinates": [ 133.230516, 35.544323 ] } },
{ "type": "Feature", "properties": { "ID": "312CW120012", "正式名称": "たちかわ耳鼻咽喉科", "機関区分": 2, "都道府県コード": 31, "市区町村コード": 204, "所在地": "鳥取県境港市湊町１５６", "緯度": 35.540625, "経度": 133.230483, "url": "https://www.iryou.teikyouseido.mhlw.go.jp/znk-web/juminkanja/S2430/initialize?prefCd=31&kikanCd=CW120012&kikanKbn=2", "url2": null, "内容": "たちかわ耳鼻咽喉科【2:診療所】【診療科目:気管食道内科_耳鼻いんこう科】鳥取県境港市湊町１５６" }, "geometry": { "type": "Point", "coordinates": [ 133.230483, 35.540625 ] } },
{ "type": "Feature", "properties": { "ID": "312CW120014", "正式名称": "医療法人社団　はまはし眼科医院", "機関区分": 2, "都道府県コード": 31, "市区町村コード": 204, "所在地": "鳥取県境港市渡町２７６８‐１", "緯度": 35.523234, "経度": 133.213353, "url": "https://www.iryou.teikyouseido.mhlw.go.jp/znk-web/juminkanja/S2430/initialize?prefCd=31&kikanCd=CW120014&kikanKbn=2", "url2": null, "内容": "医療法人社団　はまはし眼科医院【2:診療所】【診療科目:眼科】鳥取県境港市渡町２７６８‐１" }, "geometry": { "type": "Point", "coordinates": [ 133.213353, 35.523234 ] } },
{ "type": "Feature", "properties": { "ID": "312CW120015", "正式名称": "医療法人社団　松野医院", "機関区分": 2, "都道府県コード": 31, "市区町村コード": 204, "所在地": "鳥取県境港市京町３５番地", "緯度": 35.544874, "経度": 133.227117, "url": "https://www.iryou.teikyouseido.mhlw.go.jp/znk-web/juminkanja/S2430/initialize?prefCd=31&kikanCd=CW120015&kikanKbn=2", "url2": null, "内容": "医療法人社団　松野医院【2:診療所】【診療科目:内科_胃腸内科】鳥取県境港市京町３５番地" }, "geometry": { "type": "Point", "coordinates": [ 133.227117, 35.544874 ] } },
{ "type": "Feature", "properties": { "ID": "312CW120016", "正式名称": "医療法人社団村上内科クリニック", "機関区分": 2, "都道府県コード": 31, "市区町村コード": 204, "所在地": "鳥取県境港市上道町３０５２－１", "緯度": 35.536808, "経度": 133.232178, "url": "https://www.iryou.teikyouseido.mhlw.go.jp/znk-web/juminkanja/S2430/initialize?prefCd=31&kikanCd=CW120016&kikanKbn=2", "url2": "http://www.medicalcare.jp/muranai/index.html", "内容": "医療法人社団村上内科クリニック【2:診療所】【診療科目:内科】鳥取県境港市上道町３０５２－１" }, "geometry": { "type": "Point", "coordinates": [ 133.232178, 35.536808 ] } },
{ "type": "Feature", "properties": { "ID": "312CW120019", "正式名称": "医療法人社団渡部医院", "機関区分": 2, "都道府県コード": 31, "市区町村コード": 204, "所在地": "鳥取県境港市渡町１９８７－１", "緯度": 35.518936, "経度": 133.214347, "url": "https://www.iryou.teikyouseido.mhlw.go.jp/znk-web/juminkanja/S2430/initialize?prefCd=31&kikanCd=CW120019&kikanKbn=2", "url2": null, "内容": "医療法人社団渡部医院【2:診療所】【診療科目:内科_循環器内科】鳥取県境港市渡町１９８７－１" }, "geometry": { "type": "Point", "coordinates": [ 133.214347, 35.518936 ] } },
{ "type": "Feature", "properties": { "ID": "312CW120020", "正式名称": "浜本眼科クリニック", "機関区分": 2, "都道府県コード": 31, "市区町村コード": 204, "所在地": "鳥取県境港市上道町３４４３", "緯度": 35.539756, "経度": 133.230827, "url": "https://www.iryou.teikyouseido.mhlw.go.jp/znk-web/juminkanja/S2430/initialize?prefCd=31&kikanCd=CW120020&kikanKbn=2", "url2": null, "内容": "浜本眼科クリニック【2:診療所】【診療科目:眼科】鳥取県境港市上道町３４４３" }, "geometry": { "type": "Point", "coordinates": [ 133.230827, 35.539756 ] } },
{ "type": "Feature", "properties": { "ID": "312CW120021", "正式名称": "医療法人　仁和会　うえひら内科・ペインクリニック", "機関区分": 2, "都道府県コード": 31, "市区町村コード": 204, "所在地": "鳥取県境港市竹内町５７８番地５", "緯度": 35.518772, "経度": 133.243789, "url": "https://www.iryou.teikyouseido.mhlw.go.jp/znk-web/juminkanja/S2430/initialize?prefCd=31&kikanCd=CW120021&kikanKbn=2", "url2": null, "内容": "医療法人　仁和会　うえひら内科・ペインクリニック【2:診療所】【診療科目:内科_ペインクリニック内科】鳥取県境港市竹内町５７８番地５" }, "geometry": { "type": "Point", "coordinates": [ 133.243789, 35.518772 ] } },
{ "type": "Feature", "properties": { "ID": "312CW120022", "正式名称": "わたなべ皮膚科", "機関区分": 2, "都道府県コード": 31, "市区町村コード": 204, "所在地": "鳥取県境港市蓮池町８５－１", "緯度": 35.539969, "経度": 133.223625, "url": "https://www.iryou.teikyouseido.mhlw.go.jp/znk-web/juminkanja/S2430/initialize?prefCd=31&kikanCd=CW120022&kikanKbn=2", "url2": null, "内容": "わたなべ皮膚科【2:診療所】【診療科目:皮膚科_アレルギー科】鳥取県境港市蓮池町８５－１" }, "geometry": { "type": "Point", "coordinates": [ 133.223625, 35.539969 ] } },
{ "type": "Feature", "properties": { "ID": "312CW120023", "正式名称": "医療法人つのだ内科・循環器内科クリニック", "機関区分": 2, "都道府県コード": 31, "市区町村コード": 204, "所在地": "鳥取県境港市外江町２２７５番地１", "緯度": 35.527454, "経度": 133.21141, "url": "https://www.iryou.teikyouseido.mhlw.go.jp/znk-web/juminkanja/S2430/initialize?prefCd=31&kikanCd=CW120023&kikanKbn=2", "url2": "http://www.tsunoda-cl.jp", "内容": "医療法人つのだ内科・循環器内科クリニック【2:診療所】【診療科目:内科_循環器内科】鳥取県境港市外江町２２７５番地１" }, "geometry": { "type": "Point", "coordinates": [ 133.21141, 35.527454 ] } },
{ "type": "Feature", "properties": { "ID": "312CW130001", "正式名称": "鳥取県赤十字血液センター　日吉津出張所", "機関区分": 2, "都道府県コード": 31, "市区町村コード": 384, "所在地": "鳥取県西伯郡日吉津村日吉津１１６０－１イオンモール日吉津東館１階", "緯度": 35.4456659, "経度": 133.3872233, "url": "https://www.iryou.teikyouseido.mhlw.go.jp/znk-web/juminkanja/S2430/initialize?prefCd=31&kikanCd=CW130001&kikanKbn=2", "url2": null, "内容": "鳥取県赤十字血液センター　日吉津出張所【2:診療所】【診療科目:採血業務】鳥取県西伯郡日吉津村日吉津１１６０－１イオンモール日吉津東館１階" }, "geometry": { "type": "Point", "coordinates": [ 133.387223299999988, 35.4456659 ] } },
{ "type": "Feature", "properties": { "ID": "312CW130005", "正式名称": "サクラギクリニック", "機関区分": 2, "都道府県コード": 31, "市区町村コード": 384, "所在地": "鳥取県西伯郡日吉津村日吉津２１４４−３", "緯度": 35.448498, "経度": 133.386266, "url": "https://www.iryou.teikyouseido.mhlw.go.jp/znk-web/juminkanja/S2430/initialize?prefCd=31&kikanCd=CW130005&kikanKbn=2", "url2": "https://sakuragi-c.com/", "内容": "サクラギクリニック【2:診療所】【診療科目:内科_糖尿病・代謝内科_美容皮膚科】鳥取県西伯郡日吉津村日吉津２１４４−３" }, "geometry": { "type": "Point", "coordinates": [ 133.386266, 35.448498 ] } },
{ "type": "Feature", "properties": { "ID": "312CW140002", "正式名称": "大山町国民健康保険大山診療所", "機関区分": 2, "都道府県コード": 31, "市区町村コード": 386, "所在地": "鳥取県西伯郡大山町今在家４７５番地", "緯度": 35.444133, "経度": 133.498786, "url": "https://www.iryou.teikyouseido.mhlw.go.jp/znk-web/juminkanja/S2430/initialize?prefCd=31&kikanCd=CW140002&kikanKbn=2", "url2": null, "内容": "大山町国民健康保険大山診療所【2:診療所】【診療科目:内科_外科】鳥取県西伯郡大山町今在家４７５番地" }, "geometry": { "type": "Point", "coordinates": [ 133.498786, 35.444133 ] } },
{ "type": "Feature", "properties": { "ID": "312CW140004", "正式名称": "大山町国民健康保険大山口診療所", "機関区分": 2, "都道府県コード": 31, "市区町村コード": 386, "所在地": "鳥取県西伯郡大山町末長４８３番地１", "緯度": 35.481644, "経度": 133.459375, "url": "https://www.iryou.teikyouseido.mhlw.go.jp/znk-web/juminkanja/S2430/initialize?prefCd=31&kikanCd=CW140004&kikanKbn=2", "url2": null, "内容": "大山町国民健康保険大山口診療所【2:診療所】【診療科目:内科_消化器内科_神経内科】鳥取県西伯郡大山町末長４８３番地１" }, "geometry": { "type": "Point", "coordinates": [ 133.459375, 35.481644 ] } },
{ "type": "Feature", "properties": { "ID": "312CW160003", "正式名称": "日野病院組合　二部診療所", "機関区分": 2, "都道府県コード": 31, "市区町村コード": 390, "所在地": "鳥取県西伯郡伯耆町二部６５２番地１", "緯度": 35.301553, "経度": 133.416464, "url": "https://www.iryou.teikyouseido.mhlw.go.jp/znk-web/juminkanja/S2430/initialize?prefCd=31&kikanCd=CW160003&kikanKbn=2", "url2": null, "内容": "日野病院組合　二部診療所【2:診療所】【診療科目:内科_外科】鳥取県西伯郡伯耆町二部６５２番地１" }, "geometry": { "type": "Point", "coordinates": [ 133.416464, 35.301553 ] } },
{ "type": "Feature", "properties": { "ID": "312CW160004", "正式名称": "武田医院", "機関区分": 2, "都道府県コード": 31, "市区町村コード": 390, "所在地": "鳥取県西伯郡伯耆町溝口２６６の３", "緯度": 35.344906, "経度": 133.43669, "url": "https://www.iryou.teikyouseido.mhlw.go.jp/znk-web/juminkanja/S2430/initialize?prefCd=31&kikanCd=CW160004&kikanKbn=2", "url2": null, "内容": "武田医院【2:診療所】【診療科目:内科_整形外科_放射線科】鳥取県西伯郡伯耆町溝口２６６の３" }, "geometry": { "type": "Point", "coordinates": [ 133.43669, 35.344906 ] } },
{ "type": "Feature", "properties": { "ID": "312CW160005", "正式名称": "特別養護老人ホームことぶき診療所", "機関区分": 2, "都道府県コード": 31, "市区町村コード": 390, "所在地": "鳥取県西伯郡伯耆町長山１６１－１", "緯度": 35.350983, "経度": 133.434919, "url": "https://www.iryou.teikyouseido.mhlw.go.jp/znk-web/juminkanja/S2430/initialize?prefCd=31&kikanCd=CW160005&kikanKbn=2", "url2": null, "内容": "特別養護老人ホームことぶき診療所【2:診療所】【診療科目:内科】鳥取県西伯郡伯耆町長山１６１－１" }, "geometry": { "type": "Point", "coordinates": [ 133.434919, 35.350983 ] } },
{ "type": "Feature", "properties": { "ID": "312CW180001", "正式名称": "日野病院組合　黒坂診療所", "機関区分": 2, "都道府県コード": 31, "市区町村コード": 402, "所在地": "鳥取県日野郡日野町黒坂１２４３", "緯度": 35.208275, "経度": 133.385819, "url": "https://www.iryou.teikyouseido.mhlw.go.jp/znk-web/juminkanja/S2430/initialize?prefCd=31&kikanCd=CW180001&kikanKbn=2", "url2": null, "内容": "日野病院組合　黒坂診療所【2:診療所】【診療科目:内科_外科】鳥取県日野郡日野町黒坂１２４３" }, "geometry": { "type": "Point", "coordinates": [ 133.385819, 35.208275 ] } },
{ "type": "Feature", "properties": { "ID": "312CW180002", "正式名称": "特別養護老人ホームあいご", "機関区分": 2, "都道府県コード": 31, "市区町村コード": 402, "所在地": "鳥取県日野郡日野町根雨７３０", "緯度": 35.235572, "経度": 133.440494, "url": "https://www.iryou.teikyouseido.mhlw.go.jp/znk-web/juminkanja/S2430/initialize?prefCd=31&kikanCd=CW180002&kikanKbn=2", "url2": null, "内容": "特別養護老人ホームあいご【2:診療所】【診療科目:内科】鳥取県日野郡日野町根雨７３０" }, "geometry": { "type": "Point", "coordinates": [ 133.440494, 35.235572 ] } },
{ "type": "Feature", "properties": { "ID": "312CW190001", "正式名称": "江府町国民健康保険　江尾診療所", "機関区分": 2, "都道府県コード": 31, "市区町村コード": 403, "所在地": "鳥取県日野郡江府町江尾２０８８番地３江府町総合健康福祉センター", "緯度": 35.282682, "経度": 133.484959, "url": "https://www.iryou.teikyouseido.mhlw.go.jp/znk-web/juminkanja/S2430/initialize?prefCd=31&kikanCd=CW190001&kikanKbn=2", "url2": "https://www.town-kofu.jp/ebiclinic/", "内容": "江府町国民健康保険　江尾診療所【2:診療所】【診療科目:内科_整形外科_歯科口腔外科】鳥取県日野郡江府町江尾２０８８番地３江府町総合健康福祉センター" }, "geometry": { "type": "Point", "coordinates": [ 133.484959, 35.282682 ] } },
{ "type": "Feature", "properties": { "ID": "312DE010037", "正式名称": "多名部歯科クリニック", "機関区分": 2, "都道府県コード": 31, "市区町村コード": 201, "所在地": "鳥取県鳥取市永楽温泉町１６０日交駅前ビル２Ｆ", "緯度": 35.494753, "経度": 134.227344, "url": "https://www.iryou.teikyouseido.mhlw.go.jp/znk-web/juminkanja/S2430/initialize?prefCd=31&kikanCd=DE010037&kikanKbn=2", "url2": null, "内容": "多名部歯科クリニック【2:診療所】【診療科目:歯科】鳥取県鳥取市永楽温泉町１６０日交駅前ビル２Ｆ" }, "geometry": { "type": "Point", "coordinates": [ 134.227344, 35.494753 ] } }
]
}
